rank,station_uid,name,sources,operator,station_type,channel_class,off_channel,has_pair,continuous,active,pair_active,usable,lat,lon,huc8_name,river,mainstem_km,boundary,record_years_in_period,temp_years_in_period,ec_years_in_period,overlap_start,overlap_end,overlap_years,overlap_years_in_period,has_flow,years_since_last,temp_start,temp_end,temp_n_discrete,temp_interval_days,temp_continuous,ec_start,ec_end,ec_n_discrete,ec_interval_days,ec_continuous,flow_start,flow_end,flow_n_discrete,flow_interval_days,flow_continuous,url
1,usgs:USGS-11303500,SAN JOAQUIN R NR VERNALIS CA,"cdec,ceden,dwr_wdl,edi,usgs,wqp",U.S. Geological Survey,streamgage,natural,False,True,True,True,True,True,37.676012,-121.266291,San Joaquin Delta,San Joaquin River,0.0,True,26.7,26.7,26.7,1982-03-30,2026-09-21,44.5,26.7,True,0.0,1961-10-27,2026-09-21,1850,17.8,True,1982-03-30,2026-09-21,1406,27.2,True,1923-10-01,2026-09-21,,,True,https://waterdata.usgs.gov/monitoring-location/11303500
2,wqp:CEDEN-541STC510,San Joaquin River above Maze Boulevard,"ceden,wqp",California State Water Resources Control Board,discrete_grab,natural,False,True,False,True,False,True,37.6419,-121.228,Lower San Joaquin River,San Joaquin River,8.0,False,25.1,25.1,1.7,2000-10-05,2002-07-03,1.7,1.7,False,1.5,2000-01-06,2025-03-15,676,13.6,False,2000-10-05,2002-07-03,41,7.0,False,,,,,False,https://www.waterqualitydata.us/provider/STORET/CEDEN/CEDEN-541STC510/
3,ceden:535LSAC01,San Joaquin River at Maze Boulevard near Vernalis,ceden,CEDEN contributing programs,discrete_grab,natural,False,False,False,False,False,True,37.6413,-121.22915,Lower San Joaquin River,San Joaquin River,8.1,False,7.1,7.1,,,,,0.0,False,11.2,2008-05-15,2015-06-29,11,236.4,False,,,,,False,,,,,False,https://ceden.waterboards.ca.gov/AdvancedQueryTool
4,usgs:USGS-11290500,SAN JOAQUIN R AT MAZE RD BRIDGE NR MODESTO CA,"cdec,dwr_wdl,usgs,wqp",U.S. Geological Survey,streamgage,natural,False,True,True,True,True,True,37.63993,-121.229383,Lower San Joaquin River,San Joaquin River,8.2,False,26.7,26.7,26.7,1985-08-26,2026-09-21,41.1,26.7,True,0.0,1985-08-26,2026-09-21,251,29.0,True,1985-08-26,2026-09-21,250,29.0,True,1960-10-01,2026-09-21,,,True,https://waterdata.usgs.gov/monitoring-location/11290500
5,wqp:USGS-11274700,SAN JOAQUIN R NR GRAYSON CA,"ceden,wqp",U.S. Geological Survey,discrete_grab,natural,False,False,False,False,False,True,37.562709,-121.152436,Lower San Joaquin River,San Joaquin River,32.1,False,16.8,16.8,,,,,0.0,False,9.5,2000-06-06,2017-03-29,3,2046.7,False,,,,,False,,,,,False,https://www.waterqualitydata.us/provider/USGS/USGS/USGS-11274700/
6,esmr:739098,City of Modesto WQCF RSW-004,esmr,City of Modesto WQCF,receiving_water,receiving_water,False,True,False,False,False,True,37.561944,-121.152222,Lower San Joaquin River,San Joaquin River,32.1,False,6.4,4.5,6.4,2013-01-03,2017-07-27,4.6,4.5,False,9.2,2013-01-03,2017-07-27,46,36.2,False,2011-02-18,2017-07-27,73,32.2,False,,,,,False,https://ciwqs.waterboards.ca.gov/ciwqs/readOnly/CiwqsReportServlet?inCommand=reset&reportName=esmrAnalyticalData
7,wqp:CALWR_WQX-B0708000,SAN JOAQUIN R NR GRAY A LAIR SLU,wqp,California Department Of Water Resources,discrete_grab,natural,False,True,False,False,False,True,37.5633,-121.1527,Lower San Joaquin River,San Joaquin River,32.1,False,3.6,3.6,3.6,1998-04-06,2003-08-26,5.4,3.6,False,22.9,1998-04-06,2003-09-09,51,30.0,False,1998-04-06,2003-08-26,51,33.0,False,,,,,False,https://www.waterqualitydata.us/provider/STORET/CALWR_WQX/CALWR_WQX-B0708000/
8,ceden:541XSCOAV,Salado Creek near Olive Avenue,ceden,CEDEN contributing programs,discrete_grab,natural,False,False,False,False,False,True,37.5076,-121.0885,Lower San Joaquin River,San Joaquin River,44.7,False,3.4,3.4,,,,,0.0,False,18.8,2004-07-06,2007-12-11,34,36.8,False,,,,,False,,,,,False,https://ceden.waterboards.ca.gov/AdvancedQueryTool
9,ceden:541XSJRPP,San Joaquin River at PID Pumps,ceden,CEDEN contributing programs,discrete_grab,natural,False,False,False,True,False,True,37.49739,-121.08267,Lower San Joaquin River,San Joaquin River,46.1,False,16.1,16.1,,,,,0.0,False,2.4,2008-03-11,2024-05-14,186,31.8,False,,,,,False,,,,,False,https://ceden.waterboards.ca.gov/AdvancedQueryTool
10,usgs:USGS-11274570,SAN JOAQUIN R A PATTERSON BR NR PATTERSON CA,"cdec,ceden,dwr_wdl,usgs,wqp",U.S. Geological Survey,streamgage,natural,False,True,True,True,False,True,37.493822,-121.080489,Lower San Joaquin River,San Joaquin River,46.6,False,20.0,20.0,16.1,1985-08-21,2016-02-17,30.5,16.1,True,0.0,1985-08-21,2020-01-17,677,21.5,True,1985-08-21,2016-02-17,92,19.5,True,1969-10-01,2026-09-21,,,True,https://waterdata.usgs.gov/monitoring-location/11274570
11,ceden:541XROLFA,Ramona Lake near Fig Avenue,ceden,CEDEN contributing programs,discrete_grab,reservoir,False,False,False,False,False,True,37.47875,-121.0684,Lower San Joaquin River,San Joaquin River,48.8,False,17.8,17.8,,,,,0.0,False,4.4,2004-07-06,2022-05-10,150,43.4,False,,,,,False,,,,,False,https://ceden.waterboards.ca.gov/AdvancedQueryTool
12,esmr:750015,"Turlock City, Turlock Regional Water Quality Control Facility RSW-004",esmr,"Turlock City, Turlock Regional Water Quality Control Facility",receiving_water,receiving_water,False,True,False,False,False,True,37.464555,-121.034424,Lower San Joaquin River,San Joaquin River,53.9,False,4.4,4.4,4.4,2010-06-02,2014-10-29,4.4,4.4,False,11.9,2010-06-02,2014-10-29,231,7.0,False,2010-06-02,2014-10-29,231,7.0,False,,,,,False,https://ciwqs.waterboards.ca.gov/ciwqs/readOnly/CiwqsReportServlet?inCommand=reset&reportName=esmrAnalyticalData
13,esmr:750014,"Turlock City, Turlock Regional Water Quality Control Facility RSW-003",esmr,"Turlock City, Turlock Regional Water Quality Control Facility",receiving_water,receiving_water,False,True,False,False,False,True,37.462532,-121.032557,Lower San Joaquin River,San Joaquin River,54.1,False,4.9,4.9,4.9,2010-06-02,2015-05-27,5.0,4.9,True,11.3,2010-06-02,2015-05-27,261,7.0,False,2010-06-02,2015-05-27,261,7.0,False,2010-06-02,2015-05-27,261,7.0,False,https://ciwqs.waterboards.ca.gov/ciwqs/readOnly/CiwqsReportServlet?inCommand=reset&reportName=esmrAnalyticalData
14,usgs:USGS-11274550,SAN JOAQUIN R NR CROWS LANDING CA,"cdec,ceden,usgs,wqp",U.S. Geological Survey,streamgage,natural,False,True,True,True,True,True,37.432189,-121.013344,Lower San Joaquin River,San Joaquin River,60.0,False,26.7,26.7,26.7,1996-01-15,2026-09-21,30.7,26.7,True,0.0,1996-01-15,2026-09-21,1351,7.0,True,1996-01-15,2026-09-21,1821,1.0,True,1995-10-01,2026-09-21,1,,True,https://waterdata.usgs.gov/monitoring-location/11274550
15,ceden:541SJRHFB,San Joaquin River at Hills Ferry at Bridge,ceden,CEDEN contributing programs,discrete_grab,natural,False,False,False,True,False,True,37.34942,-120.97548,Middle San Joaquin-Lower Chowchilla,Merced River,77.4,False,15.0,15.0,,,,,0.0,False,1.4,2010-03-25,2025-04-16,72,76.4,False,,,,,False,,,,,False,https://ceden.waterboards.ca.gov/AdvancedQueryTool
16,usgs:USGS-11273400,SAN JOAQUIN R AB MERCED R NR NEWMAN CA,"cdec,usgs",U.S. Geological Survey,streamgage,natural,False,True,True,True,True,True,37.347188,-120.97614,Middle San Joaquin-Lower Chowchilla,San Joaquin River,77.7,False,17.0,17.0,17.0,2009-08-29,2026-09-21,17.1,17.0,True,0.0,2009-08-28,2026-09-21,,,True,2009-08-29,2026-09-21,,,True,2009-08-28,2026-09-21,,,True,https://waterdata.usgs.gov/monitoring-location/11273400
17,wqp:CEDEN-541STC512,SJR @ Hills Ferry,"ceden,wqp",California State Water Resources Control Board,discrete_grab,natural,False,True,False,False,False,True,37.3425,-120.977,Middle San Joaquin-Lower Chowchilla,San Joaquin River,78.3,False,7.7,7.7,1.8,2000-10-26,2002-08-28,1.8,1.8,False,18.9,2000-03-02,2007-11-15,114,24.7,False,2000-10-26,2002-08-28,16,16.0,False,,,,,False,https://www.waterqualitydata.us/provider/STORET/CEDEN/CEDEN-541STC512/
18,ceden:541SJRACI,San Joaquin River at China Island (GBP),ceden,CEDEN contributing programs,discrete_grab,natural,False,False,False,False,False,True,37.33598,-120.96555,Middle San Joaquin-Lower Chowchilla,San Joaquin River,80.2,False,8.8,8.8,,,,,0.0,False,4.1,2013-11-04,2022-08-30,341,9.4,False,,,,,False,,,,,False,https://ceden.waterboards.ca.gov/AdvancedQueryTool
19,ceden:541SJRCR2,San Joaquin River at China Island Unit (R2) ,ceden,CEDEN contributing programs,discrete_grab,natural,False,False,False,True,False,True,37.33215,-120.953354,Middle San Joaquin-Lower Chowchilla,San Joaquin River,82.0,False,3.3,3.3,,,,,0.0,False,0.7,2022-09-09,2025-12-31,137,8.8,False,,,,,False,,,,,False,https://ceden.waterboards.ca.gov/AdvancedQueryTool
20,usgs:USGS-11261500,SAN JOAQUIN R A FREMONT FORD BRIDGE CA,"cdec,ceden,usgs,wqp",U.S. Geological Survey,streamgage,natural,False,True,True,True,True,True,37.309912,-120.930999,Middle San Joaquin-Lower Chowchilla,San Joaquin River,87.4,False,26.7,26.7,26.7,1985-09-19,2026-09-21,41.0,26.7,True,0.0,1985-09-19,2026-09-21,1122,32.0,True,1985-09-19,2026-09-21,121,7.0,True,1937-02-18,2026-09-21,,,True,https://waterdata.usgs.gov/monitoring-location/11261500
21,cdec:SJS,SAN JOAQUIN RIVER NEAR STEVINSON,"cdec,dwr_wdl,wqp",CA Dept of Water Resources/South Central Region Office,continuous_sonde,natural,False,True,True,True,True,True,37.295,-120.851,Middle San Joaquin-Lower Chowchilla,San Joaquin River,99.8,False,26.7,26.7,26.7,1998-04-07,2026-09-21,28.5,26.7,True,0.0,1998-04-07,2026-09-21,50,28.0,True,1998-04-07,2026-09-21,49,28.5,True,1961-10-01,2026-09-21,,,True,https://cdec.water.ca.gov/dynamicapp/staMeta?station_id=SJS
22,wqp:CEDEN-541MER522,San Joaquin River at Lander Avenue,"ceden,wqp",California State Water Resources Control Board,discrete_grab,natural,False,True,False,True,False,True,37.2953,-120.85,Middle San Joaquin-Lower Chowchilla,San Joaquin River,99.9,False,25.0,25.0,1.6,2000-10-05,2002-06-13,1.7,1.6,False,1.6,2000-01-06,2025-02-05,887,10.3,False,2000-10-05,2002-06-13,43,7.0,False,,,,,False,https://www.waterqualitydata.us/provider/STORET/CEDEN/CEDEN-541MER522/
23,cdec:SWA,SAN JOAQUIN R NR WASHINGTON RD,"cdec,dwr_wdl",CA Dept of Water Resources/South Central Region Office,continuous_sonde,natural,False,True,True,True,True,True,37.11532,-120.587,Middle San Joaquin-Lower Chowchilla,San Joaquin River,155.0,False,15.8,15.8,15.7,2010-12-30,2026-09-21,15.7,15.7,True,0.0,2010-10-28,2026-09-21,,,True,2010-12-30,2026-09-21,,,True,2009-10-01,2026-09-21,,,True,https://cdec.water.ca.gov/dynamicapp/staMeta?station_id=SWA
24,usgs:USGS-11256000,SAN JOAQUIN R NR DOS PALOS CA,"cdec,dwr_wdl,usgs,wqp",U.S. Geological Survey,streamgage,natural,False,True,True,True,True,True,36.994113,-120.501291,Middle San Joaquin-Lower Chowchilla,San Joaquin River,175.6,False,16.7,16.7,16.7,2009-12-03,2026-09-21,16.8,16.7,True,0.0,2009-12-03,2026-09-21,,,True,2009-12-03,2026-09-21,,,True,1940-10-01,2026-09-21,,,True,https://waterdata.usgs.gov/monitoring-location/11256000
25,wqp:CEDEN-541MAD007,SJR @ Sack Dam,"ceden,wqp",California State Water Resources Control Board,discrete_grab,natural,False,True,False,True,False,True,36.9836,-120.5,Middle San Joaquin-Lower Chowchilla,San Joaquin River,176.8,False,23.5,23.5,0.6,2000-11-30,2001-07-26,0.7,0.6,False,2.4,2000-10-26,2024-05-14,292,29.5,False,2000-11-30,2001-07-26,12,19.0,False,,,,,False,https://www.waterqualitydata.us/provider/STORET/CEDEN/CEDEN-541MAD007/
26,usgs:USGS-11254000,SAN JOAQUIN R NR MENDOTA CA,"cdec,dwr_wdl,usgs,wqp",U.S. Geological Survey,streamgage,natural,False,True,True,True,True,True,36.810505,-120.378226,Middle San Joaquin-Lower Chowchilla,San Joaquin River,208.3,False,26.7,26.7,26.7,1998-07-09,2026-09-21,28.2,26.7,True,0.0,1998-07-09,2026-09-21,7,211.0,True,1998-07-09,2026-09-21,7,214.0,True,1939-10-01,2026-09-21,1,,True,https://waterdata.usgs.gov/monitoring-location/11254000
27,cdec:SJB,SAN JOAQUIN RIVER BELOW BIFURCATION,cdec,US Bureau of Reclamation,continuous_sonde,natural,False,True,True,True,True,True,36.773,-120.286,Middle San Joaquin-Lower Chowchilla,San Joaquin River,229.8,False,16.8,16.8,16.8,2009-11-16,2026-09-21,16.8,16.8,True,0.0,2009-11-16,2026-09-21,,,True,2009-11-16,2026-09-21,,,True,1997-06-20,2026-09-21,,,True,https://cdec.water.ca.gov/dynamicapp/staMeta?station_id=SJB
28,cdec:GRF,SAN JOAQUIN RIVER AT GRAVELLY FORD,"cdec,ceden",US Bureau of Reclamation,continuous_sonde,natural,False,True,True,True,True,True,36.798,-120.16,Middle San Joaquin-Lower Chowchilla,San Joaquin River,249.2,False,22.2,22.2,22.2,2004-07-02,2026-09-21,22.2,22.2,True,0.0,2004-07-02,2026-09-21,14,29.1,True,2004-07-02,2026-09-21,,,True,1997-03-20,2026-09-21,,,True,https://cdec.water.ca.gov/dynamicapp/staMeta?station_id=GRF
29,ceden:545MAD012,San Joaquin River at Skaggs Bridge Downstream,ceden,CEDEN contributing programs,discrete_grab,natural,False,False,False,True,False,True,36.82055,-120.06261,Middle San Joaquin-Lower Chowchilla,San Joaquin River,259.5,False,7.7,7.7,,,,,0.0,False,0.3,2018-09-04,2026-06-01,65,43.5,False,,,,,False,,,,,False,https://ceden.waterboards.ca.gov/AdvancedQueryTool
30,usgs:USGS-11252975,SAN JOAQUIN R A SKAGGS BR NR RIPPERDAN CA,"ceden,usgs,wqp",U.S. Geological Survey,streamgage,natural,False,False,False,False,False,True,36.821944,-120.059444,Middle San Joaquin-Lower Chowchilla,San Joaquin River,259.8,False,5.6,5.6,,,,,0.0,True,4.0,2010-01-20,2015-09-30,54,63.8,True,,,,,False,2017-10-01,2022-09-30,,,True,https://waterdata.usgs.gov/monitoring-location/11252975
31,cdec:DNB,SAN JOAQUIN R AT DONNY BRIDGE,cdec,US Bureau of Reclamation,continuous_sonde,natural,False,True,True,True,True,True,36.8335,-119.9658,Middle San Joaquin-Lower Chowchilla,San Joaquin River,270.9,False,22.2,22.2,22.2,2004-06-16,2026-09-21,22.3,22.2,True,0.0,2004-06-16,2026-09-21,,,True,2004-06-16,2026-09-21,,,True,2004-06-16,2026-09-21,,,True,https://cdec.water.ca.gov/dynamicapp/staMeta?station_id=DNB
32,ceden:545FRE505,San Joaquin River at River Bottom Park,ceden,CEDEN contributing programs,discrete_grab,natural,False,False,False,True,False,True,36.85104,-119.90477,Middle San Joaquin-Lower Chowchilla,San Joaquin River,277.8,False,5.0,5.0,,,,,0.0,False,0.3,2021-05-19,2026-06-01,54,34.1,False,,,,,False,,,,,False,https://ceden.waterboards.ca.gov/AdvancedQueryTool
33,ceden:545MAD021,San Joaquin River at Sycamore Island,ceden,CEDEN contributing programs,discrete_grab,natural,False,False,False,True,False,True,36.84963,-119.81699,Middle San Joaquin-Lower Chowchilla,San Joaquin River,288.3,False,7.7,7.7,,,,,0.0,False,0.3,2018-09-04,2026-06-01,58,48.7,False,,,,,False,,,,,False,https://ceden.waterboards.ca.gov/AdvancedQueryTool
34,cdec:H41,SAN JOAQUIN R AT HWY 41,cdec,US Bureau of Reclamation,continuous_sonde,natural,False,True,True,True,True,True,36.8762,-119.7932,Middle San Joaquin-Lower Chowchilla,San Joaquin River,292.4,False,21.0,21.0,21.0,2005-08-18,2026-09-21,21.1,21.0,True,0.0,2005-08-18,2026-09-21,,,True,2005-08-18,2026-09-21,,,True,2012-05-22,2026-09-21,,,True,https://cdec.water.ca.gov/dynamicapp/staMeta?station_id=H41
35,ceden:545MAD008,SJR at Wildwood Native park,ceden,CEDEN contributing programs,discrete_grab,natural,False,False,False,True,False,True,36.87605,-119.79358,Middle San Joaquin-Lower Chowchilla,San Joaquin River,292.4,False,17.7,17.7,,,,,0.0,False,0.3,2008-08-27,2026-06-01,55,118.0,False,,,,,False,,,,,False,https://ceden.waterboards.ca.gov/AdvancedQueryTool
36,usgs:USGS-11252275,SAN JOAQUIN R BL HWY 41 NR PINEDALE CA,"usgs,wqp",U.S. Geological Survey,streamgage,natural,False,False,False,False,False,True,36.876389,-119.793056,Middle San Joaquin-Lower Chowchilla,San Joaquin River,292.4,False,10.4,10.4,,,,,0.0,True,4.0,2012-04-04,2022-09-30,1,,True,,,,,False,2012-05-29,2022-09-30,1,,True,https://waterdata.usgs.gov/monitoring-location/11252275
37,ceden:545FRE503,SJR at Fort Washington Beach,ceden,CEDEN contributing programs,discrete_grab,natural,False,False,False,False,False,True,36.88849,-119.78751,Middle San Joaquin-Lower Chowchilla,San Joaquin River,294.2,False,12.9,12.9,,,,,0.0,False,5.1,2008-08-27,2021-08-25,52,91.3,False,,,,,False,,,,,False,https://ceden.waterboards.ca.gov/AdvancedQueryTool
38,ceden:545FRE502,SJR at Lost Lake County Park,ceden,CEDEN contributing programs,discrete_grab,natural,False,False,False,True,False,True,36.97381,-119.73725,Middle San Joaquin-Lower Chowchilla,San Joaquin River,307.6,False,17.7,17.7,,,,,0.0,False,0.3,2008-08-27,2026-06-01,90,72.1,False,,,,,False,,,,,False,https://ceden.waterboards.ca.gov/AdvancedQueryTool
39,usgs:USGS-11251000,SAN JOAQUIN R BL FRIANT CA,"cdec,usgs,wqp",U.S. Geological Survey,streamgage,natural,False,True,True,True,True,True,36.984394,-119.724312,Middle San Joaquin-Lower Chowchilla,San Joaquin River,309.2,False,26.7,26.7,26.7,1998-10-15,2026-09-21,27.9,26.7,True,0.0,1998-10-15,2026-09-21,7,235.0,True,1998-10-15,2026-09-21,7,235.0,True,1907-10-01,2026-09-21,,,True,https://waterdata.usgs.gov/monitoring-location/11251000
40,ceden:545FRE504,SJR at Friant Cove,ceden,CEDEN contributing programs,discrete_grab,natural,False,False,False,True,False,True,36.99109,-119.71361,Middle San Joaquin-Lower Chowchilla,San Joaquin River,310.5,False,17.7,17.7,,,,,0.0,False,0.3,2008-08-27,2026-06-01,94,63.0,False,,,,,False,,,,,False,https://ceden.waterboards.ca.gov/AdvancedQueryTool
41,usgs:USGS-11250110,SAN JOAQUIN R RELEASE A FRIANT DAM CA,"cdec,usgs",U.S. Geological Survey,streamgage,natural,False,True,True,True,True,True,36.999167,-119.706111,Middle San Joaquin-Lower Chowchilla,San Joaquin River,311.6,False,16.4,16.4,16.4,2010-04-02,2026-09-21,16.5,16.4,True,0.0,2010-04-02,2026-09-21,,,True,2010-04-02,2026-09-21,,,True,2009-10-01,2023-09-30,,,True,https://waterdata.usgs.gov/monitoring-location/11250110
42,cdec:SJK,J7 SAN JOAQUIN R AT KERCKHOFF 1 PH,cdec,Pacific Gas & Electric,continuous_sonde,natural,False,False,False,True,False,True,37.102,-119.539,Upper San Joaquin,San Joaquin River,340.9,False,18.3,18.3,,,,,0.0,False,0.0,2008-05-06,2026-09-21,,,True,,,,,False,,,,,False,https://cdec.water.ca.gov/dynamicapp/staMeta?station_id=SJK
43,usgs:USGS-11246700,SAN JOAQUIN R NR AUBERRY CA,"cdec,usgs",U.S. Geological Survey,streamgage,natural,False,False,False,True,False,True,37.132171,-119.531526,Upper San Joaquin,San Joaquin River,351.1,False,12.3,12.3,,,,,0.0,True,0.0,2014-05-28,2026-09-21,,,True,,,,,False,1986-10-01,2026-09-21,,,True,https://waterdata.usgs.gov/monitoring-location/11246700
44,wqp:NARS_WQX-NLA_CA-10016,NLA_CA-10016,wqp,EPA National Aquatic Resources Survey (NARS),reservoir,reservoir,False,True,False,False,False,True,37.147278,-119.51559,Upper San Joaquin,San Joaquin River,354.3,False,5.0,5.0,5.0,2007-07-25,2012-08-08,5.0,5.0,False,14.1,2007-07-25,2012-08-08,21,1841.0,False,2007-07-25,2012-08-08,7,,False,,,,,False,https://www.waterqualitydata.us/provider/STORET/NARS_WQX/NARS_WQX-NLA_CA-10016/
45,usgs:USGS-11242000,SAN JOAQUIN R AB WILLOW C NR AUBERRY CA,"usgs,wqp",U.S. Geological Survey,streamgage,natural,False,True,False,True,False,True,37.144392,-119.454577,Upper San Joaquin,San Joaquin River,366.9,False,5.3,5.1,5.3,2001-04-25,2006-06-28,5.2,5.1,True,1.0,2001-04-25,2006-06-28,3,945.0,False,2001-04-25,2006-08-16,4,125.0,False,1950-11-18,2025-09-30,,,True,https://waterdata.usgs.gov/monitoring-location/11242000
46,wqp:CALWR_WQX-B7153250,SAN JOAQUIN R BL SHAKEFLAT C,wqp,California Department Of Water Resources,discrete_grab,natural,False,True,False,False,False,True,37.3133,-119.3343,Upper San Joaquin,San Joaquin River,398.0,False,5.3,5.1,5.3,2001-04-25,2006-06-28,5.2,5.1,False,20.1,2001-04-25,2006-06-28,3,945.0,False,2001-04-25,2006-08-16,4,125.0,False,,,,,False,https://www.waterqualitydata.us/provider/STORET/CALWR_WQX/CALWR_WQX-B7153250/
47,usgs:USGS-11224000,MF SAN JOAQUIN R NR MAMMOTH LAKES CA,usgs,U.S. Geological Survey,streamgage,natural,False,False,False,True,False,True,37.631944,-119.086389,Upper San Joaquin,San Joaquin River,453.8,False,6.7,6.7,,,,,0.0,True,0.1,2019-11-25,2026-08-20,,,True,,,,,False,2009-10-27,2026-08-20,,,True,https://waterdata.usgs.gov/monitoring-location/11224000
48,cdec:OH1,OLD RIVER AT HEAD,"cdec,dwr_wdl,edi",CA Dept of Water Resources/North Central Region Office,continuous_sonde,natural,False,True,True,True,True,True,37.807552,-121.331253,San Joaquin Delta,,,True,26.7,26.7,26.7,1999-07-14,2026-09-21,27.2,26.7,True,0.0,1999-04-12,2026-09-21,,0.0,True,1999-07-14,2026-09-21,,0.0,True,2000-02-02,2026-09-21,,,True,https://cdec.water.ca.gov/dynamicapp/staMeta?station_id=OH1
49,cdec:ORX,OLD RIVER ABOVE DOUGHTY CUT,"cdec,dwr_wdl,edi",CA Dept of Water Resources/North Central Region Office,continuous_sonde,natural,False,True,True,True,True,True,37.810997,-121.386576,San Joaquin Delta,,,True,26.7,26.7,26.7,1999-07-14,2026-09-21,27.2,26.7,True,0.0,1999-07-14,2026-09-21,,0.0,True,1999-07-14,2026-09-21,,0.0,True,2013-01-30,2026-09-21,,,True,https://cdec.water.ca.gov/dynamicapp/staMeta?station_id=ORX
50,cdec:PDU,PARADISE CUT UPSTREAM,"cdec,dwr_wdl,edi",CA Dept of Water Resources/North Central Region Office,continuous_sonde,natural,False,True,True,True,True,True,37.801022,-121.373076,San Joaquin Delta,,,True,26.7,26.7,26.7,1999-07-14,2026-09-21,27.2,26.7,False,0.0,1999-07-14,2026-09-21,,0.0,True,1999-07-14,2026-09-21,,0.0,True,,,,,False,https://cdec.water.ca.gov/dynamicapp/staMeta?station_id=PDU
51,cdec:SJD,SAN JOAQUIN RIVER ABOVE DOS REIS,"cdec,edi",CA Dept of Water Resources/North Central Region Office,continuous_sonde,natural,False,True,True,True,True,True,37.822331,-121.317724,San Joaquin Delta,,,True,26.7,26.7,26.7,1999-07-14,2026-09-21,27.2,26.7,True,0.0,1999-07-14,2026-09-21,,0.0,True,1999-07-14,2026-09-21,,0.0,True,2013-08-16,2026-09-21,,,True,https://cdec.water.ca.gov/dynamicapp/staMeta?station_id=SJD
52,cdec:UNI,UNION ISLAND,"cdec,edi",US Bureau of Reclamation,continuous_sonde,unknown,False,True,True,True,True,True,37.822101,-121.37499,San Joaquin Delta,,,True,26.7,26.7,26.7,1999-02-26,2026-09-21,27.6,26.7,False,0.0,1999-02-26,2026-09-21,,,True,1991-09-19,2026-09-21,,,True,,,,,False,https://cdec.water.ca.gov/dynamicapp/staMeta?station_id=UNI
53,usgs:USGS-11259000,CHOWCHILLA R BL BUCHANAN DAM NR RAYMOND CA,"cdec,usgs,wqp",U.S. Geological Survey,streamgage,natural,False,True,False,True,False,True,37.215501,-119.991276,Middle San Joaquin-Lower Chowchilla,,,False,26.7,26.7,1.6,1998-08-11,2001-08-27,3.0,1.6,True,0.0,1975-10-30,2026-09-21,7,182.5,True,1998-08-11,2001-08-27,7,182.5,False,1921-10-01,1990-09-30,,,True,https://waterdata.usgs.gov/monitoring-location/11259000
54,usgs:USGS-11261100,SALT SLOUGH A HWY 165 NR STEVINSON CA,"cdec,usgs,wqp",U.S. Geological Survey,streamgage,natural,False,True,True,True,True,True,37.247691,-120.852108,Middle San Joaquin-Lower Chowchilla,,,False,26.7,26.7,26.7,1985-09-10,2026-09-21,41.0,26.7,True,0.0,1985-09-10,2026-09-21,47,28.5,True,1985-09-10,2026-09-21,48,28.0,True,1985-10-01,2026-09-21,,,True,https://waterdata.usgs.gov/monitoring-location/11261100
55,usgs:USGS-11262900,MUD SLOUGH NR GUSTINE CA,"cdec,usgs,wqp",U.S. Geological Survey,streamgage,natural,False,True,True,True,True,True,37.262413,-120.906554,Middle San Joaquin-Lower Chowchilla,,,False,26.7,26.7,26.7,1985-11-06,2026-09-21,40.9,26.7,True,0.0,1985-11-06,2026-09-21,,,True,1985-11-06,2026-09-21,,,True,1985-10-01,2026-09-21,,,True,https://waterdata.usgs.gov/monitoring-location/11262900
56,usgs:USGS-11276500,TUOLUMNE R NR HETCH HETCHY CA,"cdec,usgs",U.S. Geological Survey,streamgage,natural,False,False,False,True,False,True,37.937409,-119.7982,Upper Tuolumne,Tuolumne River,,False,26.7,26.7,,,,,0.0,True,0.0,1971-10-01,2026-09-21,,,True,,,,,False,1910-10-01,2026-09-21,,,True,https://waterdata.usgs.gov/monitoring-location/11276500
57,usgs:USGS-11276600,TUOLUMNE R AB EARLY INTAKE NR MATHER CA,"cdec,ceden,usgs,wqp",U.S. Geological Survey,streamgage,natural,False,True,False,True,False,True,37.879353,-119.947092,Upper Tuolumne,Tuolumne River,,False,26.7,26.7,10.2,2001-04-23,2011-08-11,10.3,10.2,True,0.0,1971-10-01,2026-09-21,4,1534.0,True,2001-04-23,2011-08-11,4,1534.0,False,1943-06-01,2026-09-21,,,True,https://waterdata.usgs.gov/monitoring-location/11276600
58,usgs:USGS-11290000,TUOLUMNE R A MODESTO CA,"cdec,usgs,wqp",U.S. Geological Survey,streamgage,natural,False,True,True,True,True,True,37.627153,-120.984378,Upper Tuolumne,Tuolumne River,,False,26.7,26.7,26.7,1988-12-24,2026-09-21,37.7,26.7,True,0.0,1965-07-21,2026-09-21,,,True,1988-12-24,2026-09-21,,,True,1895-01-01,2026-09-21,4,1095.0,True,https://waterdata.usgs.gov/monitoring-location/11290000
59,usgs:USGS-11302500,STANISLAUS R A OAKDALE CA,"cdec,usgs",U.S. Geological Survey,streamgage,natural,False,False,False,True,False,True,37.77715,-120.852988,Upper Stanislaus,Stanislaus River,,False,26.7,26.7,,,,,0.0,True,0.0,1985-08-28,2026-09-21,,,True,,,,,False,1895-10-01,1900-09-29,,,True,https://waterdata.usgs.gov/monitoring-location/11302500
60,usgs:USGS-11303000,STANISLAUS R A RIPON CA,"cdec,edi,usgs,wqp",U.S. Geological Survey,streamgage,natural,False,True,True,True,True,True,37.729624,-121.110454,Upper Stanislaus,Stanislaus River,,False,26.7,26.7,26.7,1985-07-01,2026-09-21,41.2,26.7,True,0.0,1985-07-01,2026-09-21,,,True,1985-07-01,2026-09-21,2,2919.0,True,1940-10-01,2026-09-21,2,,True,https://waterdata.usgs.gov/monitoring-location/11303000
61,usgs:USGS-11304200,SAN JOAQUIN R A MOSSDALE,"cdec,ceden,edi,usgs,wqp",U.S. Geological Survey,streamgage,natural,False,True,True,True,True,True,37.786039,-121.307999,San Joaquin Delta,,,True,26.7,26.7,26.7,1989-03-02,2026-09-21,37.6,26.7,True,0.0,1989-03-02,2026-09-21,67,35.0,True,1989-03-02,2026-09-21,66,35.0,True,2005-12-12,2026-09-21,,,True,https://waterdata.usgs.gov/monitoring-location/11304200
62,usgs:USGS-11264500,MERCED R A HAPPY ISLES BRIDGE NR YOSEMITE CA,"cdec,usgs,wqp",U.S. Geological Survey,streamgage,natural,False,False,False,True,False,True,37.731304,-119.559024,Upper Merced,,,False,26.6,26.6,,,,,0.0,True,0.0,1965-10-01,2026-08-20,1,,True,,,,,False,1915-08-23,2026-09-21,,,True,https://waterdata.usgs.gov/monitoring-location/11264500
63,usgs:USGS-11289650,TUOLUMNE R BL LAGRANGE DAM NR LAGRANGE CA,"cdec,usgs,wqp",U.S. Geological Survey,streamgage,natural,False,True,False,True,False,True,37.666297,-120.442102,Upper Tuolumne,Tuolumne River,,False,26.6,26.6,4.9,2003-08-26,2008-08-12,5.0,4.9,True,0.0,1970-11-10,2026-08-20,10,184.0,True,2003-08-26,2008-08-12,10,184.0,False,1970-10-01,2026-09-21,,,True,https://waterdata.usgs.gov/monitoring-location/11289650
64,usgs:USGS-11299997,STANISLAUS R BL TULLOCH PP NR KNIGHTS FERRY CA,"usgs,wqp",U.S. Geological Survey,streamgage,natural,False,False,False,True,False,True,37.876038,-120.605203,Upper Stanislaus,Stanislaus River,,False,26.6,26.6,,,,,0.0,False,0.1,1972-06-27,2026-08-20,,,True,,,,,False,,,,,False,https://waterdata.usgs.gov/monitoring-location/11299997
65,usgs:USGS-11302000,STANISLAUS R BL GOODWIN DAM NR KNIGHTS FERRY CA,"usgs,wqp",U.S. Geological Survey,streamgage,natural,False,True,False,True,False,True,37.851594,-120.637982,Upper Stanislaus,Stanislaus River,,False,26.6,26.6,15.8,1998-08-10,2015-10-27,17.2,15.8,True,0.1,1966-02-01,2026-08-20,53,118.0,True,1998-08-10,2015-10-27,54,118.0,False,1955-12-23,2025-10-01,,,True,https://waterdata.usgs.gov/monitoring-location/11302000
66,wqp:CEDEN-541MER542,Mud Slough downstream of San Luis Drain,"ceden,wqp",California State Water Resources Control Board,discrete_grab,natural,False,True,False,True,False,True,37.2639,-120.906,Middle San Joaquin-Lower Chowchilla,,,False,25.9,25.9,1.7,2000-10-05,2002-07-03,1.7,1.7,False,0.7,2000-01-06,2025-12-31,1474,6.4,False,2000-10-05,2002-07-03,89,7.0,False,,,,,False,https://www.waterqualitydata.us/provider/STORET/CEDEN/CEDEN-541MER542/
67,usgs:USGS-11271360,MERCED R NR ALVES RD NR CRESSEY CA,"cdec,dwr_wdl,usgs",U.S. Geological Survey,streamgage,natural,False,True,True,True,True,True,37.42491,-120.664698,Upper Merced,Merced River,,False,25.9,25.9,25.9,2000-10-23,2026-09-21,25.9,25.9,True,0.0,2000-10-23,2026-09-21,,,True,2000-10-17,2026-09-21,,,True,1960-10-01,2026-09-21,,,True,https://waterdata.usgs.gov/monitoring-location/11271360
68,cdec:ING,INGRAM CREEK,"cdec,ceden,wqp",West Stanislaus ID / SJVDA,continuous_sonde,natural,False,True,True,True,True,True,37.6002,-121.2251,Lower San Joaquin River,,,False,25.9,25.9,25.9,2000-10-24,2026-09-21,25.9,25.9,False,0.0,2000-10-24,2026-09-21,331,26.8,True,2000-10-24,2026-09-21,11,28.0,True,,,,,False,https://cdec.water.ca.gov/dynamicapp/staMeta?station_id=ING
69,usgs:USGS-11274538,ORESTIMBA CR AT RIVER RD NR CROWS LANDING CA,"cdec,ceden,usgs,wqp",U.S. Geological Survey,streamgage,natural,False,True,True,True,False,True,37.413547,-121.016041,Lower San Joaquin River,,,False,25.6,25.6,18.8,1992-04-10,2018-11-19,26.6,18.8,True,1.1,1992-04-10,2025-08-26,358,25.3,True,1992-04-10,2018-11-19,22,1254.5,True,1992-04-15,2016-10-19,,,True,https://waterdata.usgs.gov/monitoring-location/11274538
70,wqp:CEDEN-541MER531,Salt Slough @ Lander Avenue,"ceden,wqp",California State Water Resources Control Board,discrete_grab,natural,False,True,False,True,False,True,37.2486,-120.851,Middle San Joaquin-Lower Chowchilla,,,False,25.0,25.0,1.7,2000-10-05,2002-07-03,1.7,1.7,False,1.6,2000-01-06,2025-02-05,978,9.4,False,2000-10-05,2002-07-03,86,7.0,False,,,,,False,https://www.waterqualitydata.us/provider/STORET/CEDEN/CEDEN-541MER531/
71,wqp:CEDEN-541STC516,Del Puerto Creek at Vineyard Avenue,"ceden,wqp",California State Water Resources Control Board,discrete_grab,natural,False,True,False,True,False,True,37.5214,-121.149,Lower San Joaquin River,,,False,24.8,24.8,2.5,2000-10-24,2003-05-29,2.6,2.5,False,1.1,2000-10-24,2025-08-26,94,97.6,False,2000-10-24,2003-05-29,19,20.5,False,,,,,False,https://www.waterqualitydata.us/provider/STORET/CEDEN/CEDEN-541STC516/
72,usgs:USGS-11273500,MERCED R A RIVER ROAD BRIDGE NR NEWMAN CA,"ceden,usgs,wqp",U.S. Geological Survey,streamgage,natural,False,True,True,True,False,True,37.351048,-120.961872,Upper Merced,Merced River,,False,24.6,24.6,8.8,1992-04-25,2008-11-13,16.6,8.8,True,2.0,1992-04-25,2024-09-04,160,56.2,True,1992-04-25,2008-11-13,38,1440.2,True,1997-10-14,2002-12-17,2,1890.0,False,https://waterdata.usgs.gov/monitoring-location/11273500
73,wqp:CEDEN-541STC042,Hospital Creek at River Road,"ceden,wqp",California State Water Resources Control Board,discrete_grab,natural,False,True,False,True,False,True,37.6106,-121.229,Lower San Joaquin River,,,False,24.0,24.0,1.8,2000-10-24,2002-08-28,1.8,1.8,False,1.8,2000-10-24,2024-11-25,246,35.8,False,2000-10-24,2002-08-28,8,35.0,False,,,,,False,https://www.waterqualitydata.us/provider/STORET/CEDEN/CEDEN-541STC042/
74,wqp:CEDEN-535MER007,Bear Creek near Bert Crane Road,"ceden,wqp",California State Water Resources Control Board,discrete_grab,natural,False,True,False,True,False,True,37.2556,-120.652,Middle San Joaquin-Lower Chowchilla,,,False,23.8,23.8,0.9,2000-10-26,2001-10-09,1.0,0.9,False,2.0,2000-10-26,2024-09-05,92,94.7,False,2000-10-26,2001-10-09,11,35.0,False,,,,,False,https://www.waterqualitydata.us/provider/STORET/CEDEN/CEDEN-535MER007/
75,cdec:OBS,STANISLAUS R NEAR ORANGE BLOSSOM BRIDGE,"cdec,dwr_wdl",CA Dept of Fish and Wildlife,continuous_sonde,natural,False,True,True,True,True,True,37.791,-120.765,Upper Stanislaus,Stanislaus River,,False,23.6,23.6,22.2,2002-03-31,2024-06-20,22.2,22.2,True,0.1,2000-11-01,2024-06-20,,,True,2002-03-31,2024-06-20,,,True,1960-10-01,2026-08-14,,,True,https://cdec.water.ca.gov/dynamicapp/staMeta?station_id=OBS
76,dwr_wdl:B9542400,Tom Paine Slough at Paradise Ave,"ceden,dwr_wdl,wqp",California Department of Water Resources,continuous_sonde,natural,False,True,True,True,True,True,37.774,-121.38254,San Joaquin Delta,,,True,23.0,23.0,23.0,2000-10-24,2023-11-15,23.1,23.0,False,2.8,2000-10-24,2023-11-15,60,66.5,True,2000-10-24,2023-11-15,13,35.0,True,,,,,False,https://wdl.water.ca.gov/WaterDataLibrary/StationDetails.aspx?Station=B9542400
77,cdec:TUM,TUOLUMNE MEADOWS,cdec,CA Dept of Water Resources/DFM-Hydro-SMN,continuous_sonde,unknown,False,True,True,True,False,True,37.876215,-119.349968,Upper Tuolumne,Tuolumne River,,False,22.9,22.9,9.9,2003-10-15,2013-10-10,10.0,9.9,True,0.0,2003-10-15,2026-09-21,,,True,2003-10-15,2013-10-10,,,True,2013-11-07,2026-09-21,,,True,https://cdec.water.ca.gov/dynamicapp/staMeta?station_id=TUM
78,usgs:USGS-11258980,CHOWCHILLA R NR RAYMOND CA,"ceden,usgs",U.S. Geological Survey,streamgage,natural,False,False,False,False,False,True,37.259945,-119.946275,Middle San Joaquin-Lower Chowchilla,,,False,22.9,22.9,,,,,0.0,True,3.8,1971-06-11,2022-12-08,6,162.0,True,,,,,False,1971-10-01,1980-09-29,,,True,https://waterdata.usgs.gov/monitoring-location/11258980
79,wqp:CEDEN-535STC206,Dry Creek @ La Loma Rd.,"ceden,wqp",California State Water Resources Control Board,discrete_grab,natural,False,True,False,True,False,True,37.6435,-120.985,Upper Tuolumne,,,False,22.5,22.5,4.1,2008-07-22,2012-09-06,4.1,4.1,False,1.1,2003-01-23,2025-08-26,79,104.4,False,2008-07-22,2012-09-06,30,205.0,False,,,,,False,https://www.waterqualitydata.us/provider/STORET/CEDEN/CEDEN-535STC206/
80,wqp:CEDEN-544WSAWAV,Walthall Slough @ Woodward Ave,"ceden,wqp",California State Water Resources Control Board,discrete_grab,natural,False,True,False,True,False,True,37.7705,-121.292,San Joaquin Delta,,,True,22.4,22.4,11.4,2009-10-06,2021-03-16,11.4,11.4,False,1.0,2003-04-01,2025-09-24,191,27.6,False,2009-10-06,2021-03-16,1011,35.0,False,,,,,False,https://www.waterqualitydata.us/provider/STORET/CEDEN/CEDEN-544WSAWAV/
81,cdec:SJL,SAN JOAQUIN R BLW OLD R NEAR LATHROP,"cdec,edi",CA Dept of Water Resources/North Central Region Office,continuous_sonde,natural,False,True,True,True,True,True,37.81115,-121.324036,San Joaquin Delta,,,True,21.9,21.9,20.3,2006-05-09,2026-09-21,20.4,20.3,True,0.0,2004-10-13,2026-09-21,,,True,2006-05-09,2026-09-21,,,True,2004-10-13,2012-02-03,,,True,https://cdec.water.ca.gov/dynamicapp/staMeta?station_id=SJL
82,ceden:535LSAFHR,Lower Stevinson @ Faith Home Rd,ceden,CEDEN contributing programs,discrete_grab,unknown,False,False,False,True,False,True,37.37248,-120.92324,Lower San Joaquin River,Merced River,,False,21.1,21.1,,,,,0.0,False,1.0,2004-07-15,2025-09-10,90,31.2,False,,,,,False,,,,,False,https://ceden.waterboards.ca.gov/AdvancedQueryTool
83,ceden:535XDCAGR,Deadman Creek (Dutchman) @ Gurr Rd,ceden,CEDEN contributing programs,discrete_grab,natural,False,False,False,True,False,True,37.19514,-120.56147,Middle San Joaquin-Lower Chowchilla,,,False,21.1,21.1,,,,,0.0,False,1.0,2004-07-31,2025-09-10,151,51.1,False,,,,,False,,,,,False,https://ceden.waterboards.ca.gov/AdvancedQueryTool
84,ceden:535XDSAGR,Duck Slough @ Gurr Rd,ceden,CEDEN contributing programs,discrete_grab,natural,False,False,False,True,False,True,37.21408,-120.56126,Middle San Joaquin-Lower Chowchilla,,,False,21.1,21.1,,,,,0.0,False,1.0,2004-07-31,2025-09-10,207,37.2,False,,,,,False,,,,,False,https://ceden.waterboards.ca.gov/AdvancedQueryTool
85,ceden:537WER236,Yosemite Creek above Hwy 120,ceden,CEDEN contributing programs,discrete_grab,natural,False,False,False,True,False,True,37.853056,-119.573889,Upper Merced,,,False,21.0,21.0,,,,,0.0,False,1.1,2004-08-11,2025-08-18,2,3838.5,False,,,,,False,,,,,False,https://ceden.waterboards.ca.gov/AdvancedQueryTool
86,ceden:536WER237,Parker Pass Creek ~2.1mi above Dana Fork,ceden,CEDEN contributing programs,discrete_grab,natural,False,False,False,True,False,True,37.8778,-119.2521,Upper Tuolumne,,,False,20.8,20.8,,,,,0.0,False,1.2,2004-08-10,2025-06-24,2,3811.5,False,,,,,False,,,,,False,https://ceden.waterboards.ca.gov/AdvancedQueryTool
87,ceden:541XDPCCR,Del Puerto Creek near Cox Road (WSJRWC),ceden,CEDEN contributing programs,discrete_grab,natural,False,False,False,True,False,True,37.534106,-121.128305,Lower San Joaquin River,,,False,20.5,20.5,,,,,0.0,False,1.6,2004-07-06,2025-02-05,244,30.8,False,,,,,False,,,,,False,https://ceden.waterboards.ca.gov/AdvancedQueryTool
88,ceden:541MER554,Los Banos Creek @ Hwy 140,ceden,CEDEN contributing programs,discrete_grab,natural,False,False,False,True,False,True,37.276389,-120.953889,Middle San Joaquin-Lower Chowchilla,,,False,20.5,20.5,,,,,0.0,False,1.6,2004-07-13,2025-02-05,250,30.0,False,,,,,False,,,,,False,https://ceden.waterboards.ca.gov/AdvancedQueryTool
89,ceden:541XMSUSL,Mud Slough Upstream of San Luis Drain,ceden,CEDEN contributing programs,discrete_grab,natural,False,False,False,True,False,True,37.2551,-120.9072,Middle San Joaquin-Lower Chowchilla,,,False,20.5,20.5,,,,,0.0,False,1.6,2004-07-13,2025-02-05,237,31.7,False,,,,,False,,,,,False,https://ceden.waterboards.ca.gov/AdvancedQueryTool
90,ceden:541XSSASD,Salt Slough at Sand Dam,ceden,CEDEN contributing programs,discrete_grab,natural,False,False,False,True,False,True,37.13664,-120.762,Middle San Joaquin-Lower Chowchilla,,,False,20.5,20.5,,,,,0.0,False,1.7,2004-07-13,2025-01-14,239,31.3,False,,,,,False,,,,,False,https://ceden.waterboards.ca.gov/AdvancedQueryTool
91,usgs:USGS-11278000,ELEANOR C NR HETCH HETCHY CA,"cdec,ceden,usgs,wqp",U.S. Geological Survey,streamgage,natural,False,False,False,True,False,True,37.969074,-119.882092,Upper Tuolumne,,,False,20.4,20.4,,,,,0.0,True,0.0,2006-04-26,2026-09-21,,,True,,,,,False,1909-10-01,2026-09-21,1,,True,https://waterdata.usgs.gov/monitoring-location/11278000
92,ceden:541XLBCCC,Los Banos Creek at China Camp Road,ceden,CEDEN contributing programs,discrete_grab,natural,False,False,False,True,False,True,37.11447,-120.889343,Middle San Joaquin-Lower Chowchilla,,,False,20.3,20.3,,,,,0.0,False,1.6,2004-09-13,2025-02-05,242,30.8,False,,,,,False,,,,,False,https://ceden.waterboards.ca.gov/AdvancedQueryTool
93,ceden:545XCCART,Cottonwood Creek @ Rd 20,ceden,CEDEN contributing programs,discrete_grab,natural,False,False,False,True,False,True,36.8686,-120.1818,Middle San Joaquin-Lower Chowchilla,,,False,20.3,20.3,,,,,0.0,False,1.2,2005-02-16,2025-07-09,119,62.6,False,,,,,False,,,,,False,https://ceden.waterboards.ca.gov/AdvancedQueryTool
94,ceden:541STC523,Del Puerto Creek @ Hwy 33,ceden,CEDEN contributing programs,discrete_grab,natural,False,False,False,True,False,True,37.51382,-121.15986,Lower San Joaquin River,,,False,20.3,20.3,,,,,0.0,False,1.8,2004-07-06,2024-11-25,170,41.7,False,,,,,False,,,,,False,https://ceden.waterboards.ca.gov/AdvancedQueryTool
95,usgs:USGS-11277300,CHERRY C BL VALLEY DAM NR HETCH HETCHY CA,"cdec,ceden,usgs,wqp",U.S. Geological Survey,streamgage,natural,False,False,False,True,False,True,37.967685,-119.91737,Upper Tuolumne,,,False,20.3,20.3,,,,,0.0,True,0.0,2006-05-25,2026-09-21,,,True,,,,,False,1956-11-01,2026-09-21,,,True,https://waterdata.usgs.gov/monitoring-location/11277300
96,usgs:USGS-11278400,CHERRY C BL DION R HOLM PH NR MATHER CA,"cdec,usgs",U.S. Geological Survey,streamgage,natural,False,False,False,True,False,True,37.890186,-119.969871,Upper Tuolumne,Tuolumne River,,False,20.3,20.3,,,,,0.0,True,0.0,2006-05-25,2026-09-21,,,True,,,,,False,1963-04-01,2026-09-21,,,True,https://waterdata.usgs.gov/monitoring-location/11278400
97,usgs:USGS-11276900,TUOLUMNE R BL EARLY INTAKE NR MATHER CA,"cdec,usgs",U.S. Geological Survey,streamgage,natural,False,False,False,True,False,True,37.881575,-119.970148,Upper Tuolumne,Tuolumne River,,False,20.3,20.3,,,,,0.0,True,0.0,2006-06-02,2026-09-21,,,True,,,,,False,1966-10-01,2026-09-21,,,True,https://waterdata.usgs.gov/monitoring-location/11276900
98,wqp:CEDEN-545XASAAT,Ash Slough @ Ave 21,"ceden,wqp",California State Water Resources Control Board,discrete_grab,natural,False,True,False,True,False,True,37.0545,-120.416,Fresno River,,,False,20.0,20.0,4.8,2005-06-14,2010-04-20,4.8,4.8,False,1.2,2005-06-14,2025-07-09,73,100.4,False,2005-06-14,2010-04-20,40,28.0,False,,,,,False,https://www.waterqualitydata.us/provider/STORET/CEDEN/CEDEN-545XASAAT/
99,wqp:CEDEN-545XDCARE,Dry Creek @ Rd 18,"ceden,wqp",California State Water Resources Control Board,discrete_grab,natural,False,True,False,True,False,True,36.9818,-120.221,Fresno River,,,False,20.0,20.0,15.7,2005-08-16,2021-05-12,15.7,15.7,False,1.0,2005-08-16,2025-09-10,122,60.1,False,2005-08-16,2021-05-12,472,30.0,False,,,,,False,https://www.waterqualitydata.us/provider/STORET/CEDEN/CEDEN-545XDCARE/
100,ceden:536CE0106,North Crane Creek above Tuolumne River,ceden,CEDEN contributing programs,discrete_grab,natural,False,False,False,True,False,True,37.801667,-119.847222,Upper Tuolumne,,,False,20.0,20.0,,,,,0.0,False,1.1,2005-08-17,2025-08-19,2,3653.5,False,,,,,False,,,,,False,https://ceden.waterboards.ca.gov/AdvancedQueryTool
101,usgs:USGS-11274790,TUOLUMNE R A GRAND CYN OF TUOLUMNE AB HETCH HETCHY,usgs,U.S. Geological Survey,streamgage,natural,False,True,True,True,True,True,37.916577,-119.659863,Upper Tuolumne,Tuolumne River,,False,19.8,19.8,18.8,2007-10-25,2026-08-20,18.8,18.8,True,0.1,2006-10-21,2026-08-20,,,True,2007-10-25,2026-08-20,,,True,2006-10-13,2026-08-20,,,True,https://waterdata.usgs.gov/monitoring-location/11274790
102,wqp:CEDEN-545XBSAAE,Berenda Slough along Ave 18 1/2,"ceden,wqp",California State Water Resources Control Board,discrete_grab,natural,False,True,False,True,False,True,37.0182,-120.327,Fresno River,,,False,19.2,19.2,7.1,2006-05-16,2013-07-09,7.1,7.1,False,1.1,2006-05-16,2025-08-13,77,91.3,False,2006-05-16,2013-07-09,258,28.0,False,,,,,False,https://www.waterqualitydata.us/provider/STORET/CEDEN/CEDEN-545XBSAAE/
103,ceden:535BRCAYR,Black Rascal Creek @ Yosemite Rd,ceden,CEDEN contributing programs,discrete_grab,natural,False,False,False,True,False,True,37.33202,-120.39435,Middle San Joaquin-Lower Chowchilla,,,False,19.2,19.2,,,,,0.0,False,1.1,2006-05-18,2025-08-13,78,90.1,False,,,,,False,,,,,False,https://ceden.waterboards.ca.gov/AdvancedQueryTool
104,cdec:TGC,TUOLUMNE R AT THE GRAND CYN OF TUOLUMNE,cdec,US Geological Survey,continuous_sonde,natural,False,True,True,True,True,True,37.916588,-119.659897,Upper Tuolumne,Tuolumne River,,False,18.8,18.8,18.8,2007-11-28,2026-09-21,18.8,18.8,True,0.0,2007-11-28,2026-09-21,,,True,2007-11-28,2026-09-21,,,True,2008-01-04,2026-09-21,,,True,https://cdec.water.ca.gov/dynamicapp/staMeta?station_id=TGC
105,ceden:535XMCAEA,Mustang Creek @ East Ave,ceden,CEDEN contributing programs,discrete_grab,natural,False,False,False,True,False,True,37.4918,-120.6839,Lower San Joaquin River,,,False,18.7,18.7,,,,,0.0,False,1.6,2006-05-18,2025-02-15,94,72.8,False,,,,,False,,,,,False,https://ceden.waterboards.ca.gov/AdvancedQueryTool
106,usgs:USGS-11278300,CHERRY C NR EARLY INTAKE CA,"cdec,ceden,usgs,wqp",U.S. Geological Survey,streamgage,natural,False,False,False,True,False,True,37.894353,-119.962648,Upper Tuolumne,,,False,18.3,18.3,,,,,0.0,True,0.0,2008-05-28,2026-09-21,,,True,,,,,False,1956-06-01,2026-09-21,,,True,https://waterdata.usgs.gov/monitoring-location/11278300
107,ceden:535XMCARR,Miles Creek @ Reilly Rd,ceden,CEDEN contributing programs,discrete_grab,natural,False,False,False,True,False,True,37.2583,-120.47524,Middle San Joaquin-Lower Chowchilla,,,False,18.2,18.2,,,,,0.0,False,1.0,2007-05-29,2025-09-10,132,50.6,False,,,,,False,,,,,False,https://ceden.waterboards.ca.gov/AdvancedQueryTool
108,usgs:USGS-11255575,PANOCHE C A I-5 NR SILVER CREEK CA,"ceden,dwr_wdl,usgs,wqp",U.S. Geological Survey,streamgage,natural,False,True,False,True,False,True,36.652451,-120.632119,Panoche-San Luis Reservoir,,,False,18.0,18.0,1.9,2019-02-03,2021-01-30,2.0,1.9,True,0.1,2006-03-15,2024-04-01,45,146.5,False,2019-02-03,2021-01-30,29,727.0,False,1997-12-01,2026-08-20,,,True,https://waterdata.usgs.gov/monitoring-location/11255575
109,ceden:541WWDPCB,Panoche-Silver Creek at Belmont Avenue,ceden,CEDEN contributing programs,discrete_grab,natural,False,False,False,True,False,True,36.74879,-120.5127,Middle San Joaquin-Lower Chowchilla,,,False,17.9,17.9,,,,,0.0,False,2.5,2006-04-05,2024-04-01,35,187.7,False,,,,,False,,,,,False,https://ceden.waterboards.ca.gov/AdvancedQueryTool
110,cdec:TRT,TUOLUMNE R AT TUOLUMNE CITY,"cdec,ceden,wqp",CA Dept of Water Resources/South Central Region Office,continuous_sonde,natural,False,True,False,True,False,True,37.60314,-121.13131,Upper Tuolumne,Tuolumne River,,False,17.7,17.7,14.4,2000-10-26,2015-04-22,14.5,14.4,True,0.0,2000-01-27,2017-10-26,154,42.1,True,2000-10-26,2015-04-22,43,28.0,False,2019-12-18,2026-09-21,,,True,https://cdec.water.ca.gov/dynamicapp/staMeta?station_id=TRT
111,wqp:CEDEN-535STC514,Stanislaus River at Caswell Park,"ceden,wqp",California State Water Resources Control Board,discrete_grab,natural,False,True,False,False,False,True,37.7025,-121.177,Upper Stanislaus,Stanislaus River,,False,17.7,17.7,16.9,2000-10-26,2017-10-26,17.0,16.9,False,8.9,2000-01-27,2017-10-26,137,47.3,False,2000-10-26,2017-10-26,85,28.0,False,,,,,False,https://www.waterqualitydata.us/provider/STORET/CEDEN/CEDEN-535STC514/
112,ceden:535DMCAHF,Deadman Creek @ Hwy 59,ceden,CEDEN contributing programs,discrete_grab,natural,False,False,False,True,False,True,37.19755,-120.48763,Middle San Joaquin-Lower Chowchilla,,,False,17.7,17.7,,,,,0.0,False,2.6,2006-05-17,2024-02-07,81,79.9,False,,,,,False,,,,,False,https://ceden.waterboards.ca.gov/AdvancedQueryTool
113,ceden:535XBCAKR,Bear Creek @ Kibby Rd,ceden,CEDEN contributing programs,discrete_grab,natural,False,False,False,False,False,True,37.3123,-120.41535,Middle San Joaquin-Lower Chowchilla,,,False,17.3,17.3,,,,,0.0,False,4.2,2005-03-21,2022-07-12,74,85.4,False,,,,,False,,,,,False,https://ceden.waterboards.ca.gov/AdvancedQueryTool
114,ceden:541XPSAIA,Poso Slough at Indiana Ave,ceden,CEDEN contributing programs,discrete_grab,natural,False,False,False,True,False,True,37.0063,-120.59984,Middle San Joaquin-Lower Chowchilla,,,False,16.8,16.8,,,,,0.0,False,1.6,2008-03-17,2025-02-05,210,29.4,False,,,,,False,,,,,False,https://ceden.waterboards.ca.gov/AdvancedQueryTool
115,cdec:HIQ,FRESNO R BLW HIDDEN DAM,cdec,US Army Corps of Engineers,continuous_sonde,natural,False,False,False,True,False,True,37.1044,-119.8869,Fresno River,,,False,16.6,16.6,,,,,0.0,False,0.0,2010-01-20,2026-09-21,,,True,,,,,False,,,,,False,https://cdec.water.ca.gov/dynamicapp/staMeta?station_id=HIQ
116,wqp:USGS-11298600,STANISLAUS R A PARROTTS FERRY BR NR COL CA,"ceden,wqp",U.S. Geological Survey,discrete_grab,natural,False,False,False,False,False,True,38.046312,-120.44853,Upper Stanislaus,Stanislaus River,,False,16.5,16.5,,,,,0.0,False,7.2,2003-01-21,2019-07-24,3,2009.3,False,,,,,False,,,,,False,https://www.waterqualitydata.us/provider/USGS/USGS/USGS-11298600/
117,ceden:534CAL201,Stanislaus R. @ Camp Nine Road,ceden,CEDEN contributing programs,discrete_grab,natural,False,False,False,False,False,True,38.139167,-120.371111,Upper Stanislaus,Stanislaus River,,False,16.4,16.4,,,,,0.0,False,7.2,2003-02-18,2019-07-24,2,3000.0,False,,,,,False,,,,,False,https://ceden.waterboards.ca.gov/AdvancedQueryTool
118,wqp:CALWR_WQX-B9D74851200,OLD R BL HEAD,wqp,California Department Of Water Resources,discrete_grab,natural,False,True,False,False,False,True,37.8088,-121.3341,San Joaquin Delta,,,True,16.1,16.1,16.1,1999-05-11,2016-03-01,16.8,16.1,False,10.6,1999-05-11,2016-03-01,241,15.0,False,1999-05-11,2016-03-01,242,15.0,False,,,,,False,https://www.waterqualitydata.us/provider/STORET/CALWR_WQX/CALWR_WQX-B9D74851200/
119,usgs:USGS-11275000,FALLS C NR HETCH HETCHY CA,"cdec,usgs",U.S. Geological Survey,streamgage,natural,False,False,False,True,False,True,37.970754,-119.764343,Upper Tuolumne,,,False,15.9,15.9,,,,,0.0,True,0.0,2010-09-28,2026-09-21,,,True,,,,,False,1915-10-01,2026-09-21,,,True,https://waterdata.usgs.gov/monitoring-location/11275000
120,wqp:CALWR_WQX-B3211010,STANISLAUS R NF A CALV BIG TREES,wqp,California Department Of Water Resources,discrete_grab,natural,False,True,False,False,False,True,38.2716,-120.271,Upper Stanislaus,,,False,15.8,15.8,15.8,1998-10-29,2015-10-27,17.0,15.8,False,10.9,1998-10-29,2015-10-27,34,200.0,False,1998-10-29,2015-10-27,35,187.5,False,,,,,False,https://www.waterqualitydata.us/provider/STORET/CALWR_WQX/CALWR_WQX-B3211010/
121,wqp:CALWR_WQX-B3348010,STANISLAUS R MF A DARDANELLE,wqp,California Department Of Water Resources,discrete_grab,natural,False,True,False,False,False,True,38.3416,-119.8243,Upper Stanislaus,Stanislaus River,,False,15.8,15.8,15.8,1998-10-29,2015-10-27,17.0,15.8,False,10.9,1998-10-29,2015-10-27,34,202.0,False,1998-10-29,2015-10-27,34,202.0,False,,,,,False,https://www.waterqualitydata.us/provider/STORET/CALWR_WQX/CALWR_WQX-B3348010/
122,cdec:KOT,STANISLAUS R AT KOETITZ RANCH,"cdec,dwr_wdl,wqp",CA Dept of Water Resources/South Central Region Office,continuous_sonde,natural,False,True,False,True,False,True,37.69978,-121.170194,Upper Stanislaus,Stanislaus River,,False,15.7,15.7,15.7,1998-04-07,2015-10-05,17.5,15.7,True,0.0,1998-04-07,2015-10-05,142,35.0,False,1998-04-07,2015-10-05,148,34.0,False,1962-10-01,2026-09-21,,,True,https://cdec.water.ca.gov/dynamicapp/staMeta?station_id=KOT
123,esmr:732057,Mariposa WWTP RSW-001,esmr,Mariposa WWTP,receiving_water,receiving_water,False,True,False,True,True,True,37.48,-119.96,Middle San Joaquin-Lower Chowchilla,,,False,15.5,15.5,15.4,2010-12-06,2026-06-01,15.5,15.4,False,0.2,2010-12-06,2026-06-29,720,7.8,False,2010-12-06,2026-06-01,552,10.2,False,,,,,False,https://ciwqs.waterboards.ca.gov/ciwqs/readOnly/CiwqsReportServlet?inCommand=reset&reportName=esmrAnalyticalData
124,esmr:732058,Mariposa WWTP RSW-002,esmr,Mariposa WWTP,receiving_water,receiving_water,False,True,False,True,True,True,37.478056,-119.958889,Middle San Joaquin-Lower Chowchilla,,,False,15.5,15.5,11.9,2014-06-09,2026-06-01,12.0,11.9,False,0.2,2010-12-06,2026-06-29,859,6.7,False,2014-06-09,2026-06-01,306,14.3,False,,,,,False,https://ciwqs.waterboards.ca.gov/ciwqs/readOnly/CiwqsReportServlet?inCommand=reset&reportName=esmrAnalyticalData
125,cdec:DCM,DRY CREEK NEAR MODESTO,"cdec,dwr_wdl,wqp",CA Dept of Water Resources/South Central Region Office,continuous_sonde,natural,False,True,False,True,False,True,37.657,-120.922,Upper Tuolumne,,,False,15.4,14.6,15.4,1998-07-08,2014-09-09,16.2,14.6,True,0.0,1998-07-08,2014-09-09,33,153.5,False,1998-07-08,2015-06-01,35,153.5,False,1960-10-01,2026-09-21,,,True,https://cdec.water.ca.gov/dynamicapp/staMeta?station_id=DCM
126,wqp:CEDEN-541MER536,Mud Slough Upstream of SLD Terminus,"ceden,wqp",California State Water Resources Control Board,discrete_grab,natural,False,True,False,False,False,True,37.2542,-120.907,Middle San Joaquin-Lower Chowchilla,,,False,15.3,15.3,1.7,2000-10-05,2002-07-03,1.7,1.7,False,11.4,2000-01-06,2015-05-01,755,7.4,False,2000-10-05,2002-07-03,91,7.0,False,,,,,False,https://www.waterqualitydata.us/provider/STORET/CEDEN/CEDEN-541MER536/
127,esmr:732071,Merced WWTF R-002U1,esmr,Merced WWTF,receiving_water,receiving_water,False,True,False,True,True,True,37.255604,-120.528645,Middle San Joaquin-Lower Chowchilla,,,False,15.2,15.2,15.2,2011-04-04,2026-06-30,15.2,15.2,False,0.2,2011-04-04,2026-06-30,537,153.2,False,2011-04-04,2026-06-30,534,10.4,False,,,,,False,https://ciwqs.waterboards.ca.gov/ciwqs/readOnly/CiwqsReportServlet?inCommand=reset&reportName=esmrAnalyticalData
128,wqp:CALWR_WQX-B0410500,TUOLUMNE R A TUOLUMNE CITY,wqp,California Department Of Water Resources,discrete_grab,natural,False,True,False,False,False,True,37.6033,-121.1177,Upper Tuolumne,,,False,14.9,14.9,14.9,1998-04-06,2014-12-08,16.7,14.9,False,11.2,1998-04-06,2014-12-08,136,34.0,False,1998-04-06,2014-12-08,142,34.0,False,,,,,False,https://www.waterqualitydata.us/provider/STORET/CALWR_WQX/CALWR_WQX-B0410500/
129,wqp:CALWR_WQX-B4185010,TUOLUMNE R A TUOLUMNE MDW,wqp,California Department Of Water Resources,discrete_grab,natural,False,True,False,False,False,True,37.8766,-119.356,Upper Tuolumne,Tuolumne River,,False,14.7,14.7,14.7,1998-10-29,2014-10-15,16.0,14.7,False,11.9,1998-10-29,2014-10-15,31,213.5,False,1998-10-29,2014-10-15,32,209.0,False,,,,,False,https://www.waterqualitydata.us/provider/STORET/CALWR_WQX/CALWR_WQX-B4185010/
130,esmr:740489,Tracy WWTP RSW-001,esmr,Tracy WWTP,receiving_water,receiving_water,False,True,False,True,False,True,37.8218,-121.3735,San Joaquin Delta,,,True,14.6,14.6,9.9,2010-08-03,2020-07-07,9.9,9.9,False,0.5,2010-08-03,2025-03-10,456,7.8,False,2010-08-03,2020-07-07,132,27.5,False,,,,,False,https://ciwqs.waterboards.ca.gov/ciwqs/readOnly/CiwqsReportServlet?inCommand=reset&reportName=esmrAnalyticalData
131,ceden:541STC518,Orestimba Creek @ Kilburn,ceden,CEDEN contributing programs,discrete_grab,natural,False,False,False,False,False,True,37.39925,-121.03245,Lower San Joaquin River,,,False,14.5,14.5,,,,,0.0,False,7.6,2004-07-15,2019-02-14,51,68.8,False,,,,,False,,,,,False,https://ceden.waterboards.ca.gov/AdvancedQueryTool
132,esmr:750013,"Turlock City, Turlock Regional Water Quality Control Facility RSW-002",esmr,"Turlock City, Turlock Regional Water Quality Control Facility",receiving_water,receiving_water,False,True,False,True,True,True,37.46369,-120.931476,Lower San Joaquin River,,,False,14.4,14.4,14.4,2010-06-02,2024-11-11,14.4,14.4,False,1.8,2010-06-02,2024-11-11,502,9.8,False,2010-06-02,2024-11-11,502,10.5,False,,,,,False,https://ciwqs.waterboards.ca.gov/ciwqs/readOnly/CiwqsReportServlet?inCommand=reset&reportName=esmrAnalyticalData
133,wqp:CEDEN-535STC210,Tuolumne R. @ Old LaGrange Bridge,"ceden,wqp",California State Water Resources Control Board,discrete_grab,natural,False,True,False,False,False,True,37.6667,-120.467,Upper Tuolumne,Tuolumne River,,False,14.4,14.4,4.1,2008-07-22,2012-09-06,4.1,4.1,False,9.2,2003-01-21,2017-06-27,26,202.7,False,2008-07-22,2012-09-06,8,372.0,False,,,,,False,https://www.waterqualitydata.us/provider/STORET/CEDEN/CEDEN-535STC210/
134,esmr:750012,"Turlock City, Turlock Regional Water Quality Control Facility RSW-001",esmr,"Turlock City, Turlock Regional Water Quality Control Facility",receiving_water,receiving_water,False,True,False,True,True,True,37.463609,-120.930945,Lower San Joaquin River,,,False,14.4,14.4,14.4,2010-06-09,2024-11-11,14.4,14.4,True,1.6,2010-06-09,2024-11-11,436,11.1,False,2010-06-09,2024-11-11,438,12.0,False,2010-06-09,2021-03-30,434,8.7,False,https://ciwqs.waterboards.ca.gov/ciwqs/readOnly/CiwqsReportServlet?inCommand=reset&reportName=esmrAnalyticalData
135,wqp:CEDEN-535STC201,Stanislaus River @ Knight's Ferry,"ceden,wqp",California State Water Resources Control Board,discrete_grab,natural,False,False,False,False,False,True,37.8222,-120.66,Upper Stanislaus,Stanislaus River,,False,14.4,14.4,,,,,0.0,False,9.2,2003-01-23,2017-06-27,28,188.2,False,,,,,False,,,,,False,https://www.waterqualitydata.us/provider/STORET/CEDEN/CEDEN-535STC201/
136,wqp:CEDEN-539NDCACC,Nelder Creek ~1mi above California Cr.,"ceden,wqp",California State Water Resources Control Board,discrete_grab,natural,False,False,False,False,False,True,37.4249,-119.596,Fresno River,,,False,14.0,14.0,,,,,0.0,False,3.3,2009-05-05,2023-06-01,6,856.7,False,,,,,False,,,,,False,https://www.waterqualitydata.us/provider/STORET/CEDEN/CEDEN-539NDCACC/
137,wqp:CEDEN-534PS0070,"Niagara Creek ~1mi be,ow Hwy 108","ceden,wqp",California State Water Resources Control Board,discrete_grab,natural,False,False,False,True,False,True,38.3264,-119.939,Upper Stanislaus,,,False,14.0,14.0,,,,,0.0,False,2.0,2010-08-30,2024-09-05,2,2560.0,False,,,,,False,,,,,False,https://www.waterqualitydata.us/provider/STORET/CEDEN/CEDEN-534PS0070/
138,wqp:CEDEN-540SED003,Boulder Creek 3,"ceden,wqp",California State Water Resources Control Board,discrete_grab,natural,False,False,False,True,False,True,37.2425,-118.948,Upper San Joaquin,,,False,13.9,13.9,,,,,0.0,False,1.1,2011-08-30,2025-08-19,2,2551.5,False,,,,,False,,,,,False,https://www.waterqualitydata.us/provider/STORET/CEDEN/CEDEN-540SED003/
139,cdec:HSP,HOSPITAL CREEK,cdec,West Stanislaus ID / SJVDA,continuous_sonde,natural,False,True,True,False,False,True,37.6105,-121.2308,Lower San Joaquin River,,,False,13.9,13.9,13.9,2004-11-02,2018-10-02,13.9,13.9,True,8.0,2004-11-02,2018-10-02,,,True,2004-11-02,2018-10-02,,,True,2015-08-11,2018-10-02,,,True,https://cdec.water.ca.gov/dynamicapp/staMeta?station_id=HSP
140,cdec:EBM,EASTSIDE BYPASS BLW MARIPOSA BYPASS,"cdec,dwr_wdl",CA Dept of Water Resources/South Central Region Office,continuous_sonde,natural,False,True,True,True,True,True,37.205,-120.6981,Middle San Joaquin-Lower Chowchilla,,,False,13.4,13.4,11.7,2013-04-11,2025-01-15,11.8,11.7,True,0.0,2013-04-11,2026-09-21,,,True,2013-04-11,2025-01-15,,,True,1979-10-01,2026-09-21,,,True,https://cdec.water.ca.gov/dynamicapp/staMeta?station_id=EBM
141,esmr:790105,Moccasin Creek Fish Hatchery RSW-001,esmr,Moccasin Creek Fish Hatchery,receiving_water,receiving_water,False,True,False,True,True,True,37.81249,-120.30677,Upper Tuolumne,,,False,13.3,13.3,13.3,2013-02-04,2026-06-01,13.3,13.3,False,0.3,2013-02-04,2026-06-01,186,24.4,False,2013-02-04,2026-06-01,196,24.8,False,,,,,False,https://ciwqs.waterboards.ca.gov/ciwqs/readOnly/CiwqsReportServlet?inCommand=reset&reportName=esmrAnalyticalData
142,esmr:790106,Moccasin Creek Fish Hatchery RSW-002,esmr,Moccasin Creek Fish Hatchery,receiving_water,receiving_water,False,True,False,True,True,True,37.81409,-120.30767,Upper Tuolumne,,,False,13.3,13.3,13.3,2013-02-04,2026-06-01,13.3,13.3,False,0.3,2013-02-04,2026-06-01,186,24.4,False,2013-02-04,2026-06-01,194,25.1,False,,,,,False,https://ciwqs.waterboards.ca.gov/ciwqs/readOnly/CiwqsReportServlet?inCommand=reset&reportName=esmrAnalyticalData
143,wqp:CALWR_WQX-DES WQ 10,San Joaquin Rv @ Mossdale Crossing,wqp,California Department Of Water Resources,discrete_grab,unknown,False,True,False,False,False,True,37.786389,-121.306111,San Joaquin Delta,,,True,13.2,13.2,13.2,2002-11-26,2016-02-22,13.2,13.2,False,10.6,2002-11-26,2016-02-22,147,28.0,False,2002-11-26,2016-02-22,146,28.0,False,,,,,False,https://www.waterqualitydata.us/provider/STORET/CALWR_WQX/CALWR_WQX-DES WQ 10/
144,cdec:UCC,UPPER CHERRY CK,cdec,San Francisco County,continuous_sonde,natural,False,False,False,True,False,True,38.031331,-119.901417,Upper Tuolumne,,,False,13.0,13.0,,,,,0.0,True,0.0,2013-08-23,2026-09-21,,,True,,,,,False,2013-08-23,2026-09-21,,,True,https://cdec.water.ca.gov/dynamicapp/staMeta?station_id=UCC
145,wqp:CEDEN-534MLC108,Mill Creek ~0.5mi above Hwy 108,"ceden,wqp",California State Water Resources Control Board,discrete_grab,natural,False,False,False,True,False,True,38.3006,-119.935,Upper Stanislaus,,,False,12.9,12.9,,,,,0.0,False,2.0,2011-09-14,2024-09-03,2,2369.0,False,,,,,False,,,,,False,https://www.waterqualitydata.us/provider/STORET/CEDEN/CEDEN-534MLC108/
146,usgs:USGS-11272500,MERCED R NR STEVINSON CA,"cdec,dwr_wdl,usgs,wqp",U.S. Geological Survey,streamgage,natural,False,True,True,True,False,True,37.370744,-120.930445,Upper Merced,Merced River,,False,12.5,12.5,12.5,1985-09-24,2012-08-06,26.9,12.5,True,0.0,1985-09-24,2012-08-06,31,33.5,True,1985-09-24,2012-08-06,32,32.0,True,1940-10-01,2026-09-21,,,True,https://waterdata.usgs.gov/monitoring-location/11272500
147,wqp:CEDEN-535XDCAWR,Dry Creek @ Wellsford Rd,"ceden,wqp",California State Water Resources Control Board,discrete_grab,natural,False,True,False,False,False,True,37.66,-120.875,Upper Tuolumne,,,False,12.3,12.3,10.8,2005-02-15,2015-12-15,10.8,10.8,False,9.2,2005-02-15,2017-07-11,146,19.5,False,2005-02-15,2015-12-15,400,28.0,False,,,,,False,https://www.waterqualitydata.us/provider/STORET/CEDEN/CEDEN-535XDCAWR/
148,wqp:CEDEN-535XMRSFD,Merced River @ Santa Fe,"ceden,wqp",California State Water Resources Control Board,discrete_grab,natural,False,True,False,False,False,True,37.4271,-120.674,Upper Merced,Merced River,,False,12.3,12.3,1.1,2004-07-31,2005-09-21,1.1,1.1,False,9.8,2004-07-31,2016-12-09,129,35.0,False,2004-07-31,2005-09-21,32,34.0,False,,,,,False,https://www.waterqualitydata.us/provider/STORET/CEDEN/CEDEN-535XMRSFD/
149,cdec:MLK,MERCED LAKE,cdec,National Park Service,reservoir,reservoir,False,True,True,True,True,True,37.73855,-119.40572,Upper Merced,,,False,12.3,12.3,12.3,2014-05-28,2026-09-21,12.3,12.3,True,0.0,2014-05-28,2026-09-21,,,True,2014-05-28,2026-09-21,,,True,2017-06-01,2026-09-21,,,True,https://cdec.water.ca.gov/dynamicapp/staMeta?station_id=MLK
150,wqp:CEDEN-540KSR052,Kaiser Creek (USFS),"ceden,wqp",California State Water Resources Control Board,discrete_grab,natural,False,False,False,False,False,True,37.3582,-119.244,Upper San Joaquin,,,False,12.0,12.0,,,,,0.0,False,4.0,2010-08-11,2022-09-07,4,1102.5,False,,,,,False,,,,,False,https://www.waterqualitydata.us/provider/STORET/CEDEN/CEDEN-540KSR052/
151,ceden:536TMR003,"Tuolumne River, NF ~0.6mi below Basin Cr.",ceden,CEDEN contributing programs,discrete_grab,natural,False,False,False,False,False,True,37.9944,-120.1926,Upper Tuolumne,,,False,11.9,11.9,,,,,0.0,False,4.1,2010-08-04,2022-08-03,8,547.8,False,,,,,False,,,,,False,https://ceden.waterboards.ca.gov/AdvancedQueryTool
152,wqp:CEDEN-534STN075,Middle Fork Stanislaus River (USFS),"ceden,wqp",California State Water Resources Control Board,discrete_grab,natural,False,False,False,False,False,True,38.321,-119.752,Upper Stanislaus,Stanislaus River,,False,11.9,11.9,,,,,0.0,False,4.1,2010-09-05,2022-08-10,3,1452.3,False,,,,,False,,,,,False,https://www.waterqualitydata.us/provider/STORET/CEDEN/CEDEN-534STN075/
153,wqp:11NPSWRD_WQX-KICA_S002-OUT,McGee Outlet,wqp,National Park Service Water Resources Division,reservoir,reservoir,False,True,False,False,False,True,37.1508,-118.726,Upper San Joaquin,,,False,11.8,11.8,11.8,2008-09-24,2020-08-05,11.9,11.8,False,6.1,2008-09-24,2020-08-05,13,362.0,False,2008-09-24,2020-08-05,26,362.0,False,,,,,False,https://www.waterqualitydata.us/provider/STORET/11NPSWRD_WQX/11NPSWRD_WQX-KICA_S002-OUT/
154,esmr:782606,J.F. Enterprises Worm Farm RSW-001,esmr,J.F. Enterprises Worm Farm,receiving_water,receiving_water,False,True,False,True,True,True,37.787111,-120.783992,Upper Stanislaus,Stanislaus River,,False,11.8,11.8,9.3,2015-03-17,2024-07-16,9.3,9.3,False,2.2,2012-09-11,2024-07-16,44,133.2,False,2015-03-17,2024-07-16,33,103.3,False,,,,,False,https://ciwqs.waterboards.ca.gov/ciwqs/readOnly/CiwqsReportServlet?inCommand=reset&reportName=esmrAnalyticalData
155,esmr:782607,J.F. Enterprises Worm Farm RSW-002,esmr,J.F. Enterprises Worm Farm,receiving_water,receiving_water,False,True,False,True,True,True,37.236639,-120.784586,Middle San Joaquin-Lower Chowchilla,,,False,11.8,11.8,9.3,2015-03-17,2024-07-16,9.3,9.3,False,2.2,2012-09-11,2024-07-16,44,133.2,False,2015-03-17,2024-07-16,33,103.3,False,,,,,False,https://ciwqs.waterboards.ca.gov/ciwqs/readOnly/CiwqsReportServlet?inCommand=reset&reportName=esmrAnalyticalData
156,esmr:806850,El Portal WWTF RSW-001,esmr,El Portal WWTF,receiving_water,receiving_water,False,True,False,True,True,True,37.672778,-119.816944,Upper Merced,Merced River,,False,11.8,11.8,11.8,2014-08-06,2026-06-02,11.8,11.8,True,0.2,2014-08-06,2026-06-02,142,30.4,False,2014-08-06,2026-06-02,142,30.4,False,2014-08-01,2026-06-30,,1.0,True,https://ciwqs.waterboards.ca.gov/ciwqs/readOnly/CiwqsReportServlet?inCommand=reset&reportName=esmrAnalyticalData
157,esmr:806851,El Portal WWTF RSW-002,esmr,El Portal WWTF,receiving_water,receiving_water,False,True,False,True,True,True,37.669167,-119.816944,Upper Merced,Merced River,,False,11.8,11.8,11.8,2014-08-06,2026-06-02,11.8,11.8,False,0.3,2014-08-06,2026-06-02,285,15.2,False,2014-08-06,2026-06-02,142,30.4,False,,,,,False,https://ciwqs.waterboards.ca.gov/ciwqs/readOnly/CiwqsReportServlet?inCommand=reset&reportName=esmrAnalyticalData
158,ceden:541STC519,Orestimba Creek @ Hwy 33,ceden,CEDEN contributing programs,discrete_grab,natural,False,False,False,False,False,True,37.37715,-121.05812,Lower San Joaquin River,,,False,11.7,11.7,,,,,0.0,False,10.4,2004-07-06,2016-04-11,153,28.1,False,,,,,False,,,,,False,https://ceden.waterboards.ca.gov/AdvancedQueryTool
159,cdec:FS1,MERCED RIVER AT FERGUSON SLIDE UPSTREAM,cdec,CA Dept of Transportation (Caltrans),continuous_sonde,natural,False,False,False,True,False,True,37.655171,-119.897264,Upper Merced,Merced River,,False,11.6,11.6,,,,,0.0,False,0.0,2015-01-27,2026-09-21,,,True,,,,,False,,,,,False,https://cdec.water.ca.gov/dynamicapp/staMeta?station_id=FS1
160,cdec:FS2,MERCED RIVER AT FERGUSON SLIDE DOWNSTRM,cdec,CA Dept of Transportation (Caltrans),continuous_sonde,natural,False,False,False,True,False,True,37.660086,-119.900683,Upper Merced,Merced River,,False,11.6,11.6,,,,,0.0,False,0.0,2015-01-27,2026-09-21,,,True,,,,,False,,,,,False,https://cdec.water.ca.gov/dynamicapp/staMeta?station_id=FS2
161,wqp:CEDEN-535STC215,Tuolumne River @ Audie Peeples (Riverdale) Fishing Access,"ceden,wqp",California State Water Resources Control Board,discrete_grab,natural,False,False,False,False,False,True,37.6128,-121.039,Upper Tuolumne,Tuolumne River,,False,11.2,11.2,,,,,0.0,False,12.1,2003-05-06,2014-08-13,37,111.3,False,,,,,False,,,,,False,https://www.waterqualitydata.us/provider/STORET/CEDEN/CEDEN-535STC215/
162,wqp:CEDEN-535STC216,Tuolumne River @ Legion Park,"ceden,wqp",California State Water Resources Control Board,discrete_grab,natural,False,False,False,False,False,True,37.6211,-120.949,Upper Tuolumne,Tuolumne River,,False,11.2,11.2,,,,,0.0,False,12.1,2003-05-21,2014-08-13,34,120.6,False,,,,,False,,,,,False,https://www.waterqualitydata.us/provider/STORET/CEDEN/CEDEN-535STC216/
163,ceden:534BMC094,Big Meadow Creek (USFS),ceden,CEDEN contributing programs,discrete_grab,natural,False,False,False,False,False,True,38.430237,-120.119057,Upper Stanislaus,,,False,11.0,11.0,,,,,0.0,False,3.1,2012-07-30,2023-08-21,3,1346.3,False,,,,,False,,,,,False,https://ceden.waterboards.ca.gov/AdvancedQueryTool
164,ceden:534BLC099,Blue Canyon Creek (USFS),ceden,CEDEN contributing programs,discrete_grab,natural,False,False,False,False,False,True,38.332284,-120.100107,Upper Stanislaus,,,False,10.9,10.9,,,,,0.0,False,3.2,2012-07-31,2023-07-27,2,2006.5,False,,,,,False,,,,,False,https://ceden.waterboards.ca.gov/AdvancedQueryTool
165,wqp:CEDEN-541MER015,Santa Rita Slough at HWY 152,"ceden,wqp",California State Water Resources Control Board,discrete_grab,natural,False,True,False,False,False,True,37.0475,-120.594,Middle San Joaquin-Lower Chowchilla,,,False,10.9,10.9,0.1,2001-01-25,2001-03-29,0.2,0.1,False,14.7,2001-01-25,2012-01-19,6,668.5,False,2001-01-25,2001-03-29,3,31.5,False,,,,,False,https://www.waterqualitydata.us/provider/STORET/CEDEN/CEDEN-541MER015/
166,wqp:CEDEN-535STC207,Tuolumne River @ 9th St Bridge (River Rd.),"ceden,wqp",California State Water Resources Control Board,discrete_grab,natural,False,False,False,False,False,True,37.6264,-120.99,Upper Tuolumne,Tuolumne River,,False,10.9,10.9,,,,,0.0,False,12.7,2003-01-23,2014-01-02,5,799.4,False,,,,,False,,,,,False,https://www.waterqualitydata.us/provider/STORET/CEDEN/CEDEN-535STC207/
167,wqp:CEDEN-535STC214,Tuolumne @ 7th Street,"ceden,wqp",California State Water Resources Control Board,discrete_grab,unknown,False,False,False,False,False,True,37.6264,-120.994,Upper Tuolumne,Tuolumne River,,False,10.8,10.8,,,,,0.0,False,12.7,2003-03-05,2014-01-02,4,989.0,False,,,,,False,,,,,False,https://www.waterqualitydata.us/provider/STORET/CEDEN/CEDEN-535STC214/
168,cdec:KFS,KNIGHTS FERRY AT SONORA ROAD BRIDGE,cdec,CA Dept of Fish and Wildlife,continuous_sonde,unknown,False,False,False,False,False,True,37.819,-120.667,Upper Stanislaus,Stanislaus River,,False,10.6,10.6,,,,,0.0,False,14.9,2001-03-09,2011-11-05,,,True,,,,,False,,,,,False,https://cdec.water.ca.gov/dynamicapp/staMeta?station_id=KFS
169,cdec:CLP,STANISLAUS R AT COLLIERVILLE POWERHOUSE,cdec,CA Dept of Fish and Wildlife,continuous_sonde,natural,False,False,False,False,False,True,38.143,-120.378,Upper Stanislaus,Stanislaus River,,False,10.6,10.6,,,,,0.0,False,14.9,2001-03-09,2011-11-04,,,True,,,,,False,,,,,False,https://cdec.water.ca.gov/dynamicapp/staMeta?station_id=CLP
170,cdec:TCN,STANISLAUS R AT CONFLUENCE N AND M FORKS,cdec,CA Dept of Fish and Wildlife,continuous_sonde,natural,False,False,False,False,False,True,38.147,-120.371,Upper Stanislaus,Stanislaus River,,False,10.6,10.6,,,,,0.0,False,14.9,2001-03-09,2011-11-04,,,True,,,,,False,,,,,False,https://cdec.water.ca.gov/dynamicapp/staMeta?station_id=TCN
171,cdec:GMB,STANISLAUS R AT GAMBINI PROPERTY,cdec,CA Dept of Fish and Wildlife,continuous_sonde,natural,False,False,False,False,False,True,37.772,-120.888,Upper Stanislaus,Stanislaus River,,False,10.4,10.4,,,,,0.0,False,15.1,2001-03-09,2011-08-30,,,True,,,,,False,,,,,False,https://cdec.water.ca.gov/dynamicapp/staMeta?station_id=GMB
172,cdec:JMP,STANISLAUS R AT JACOB MEYERS PARK,cdec,CA Dept of Fish and Wildlife,continuous_sonde,natural,False,False,False,False,False,True,37.743,-120.942,Upper Stanislaus,Stanislaus River,,False,10.4,10.4,,,,,0.0,False,15.1,2001-03-09,2011-08-30,,,True,,,,,False,,,,,False,https://cdec.water.ca.gov/dynamicapp/staMeta?station_id=JMP
173,cdec:GDC,STANISLAUS R AT GOODWIN CANYON,cdec,CA Dept of Fish and Wildlife,continuous_sonde,natural,False,False,False,False,False,True,37.858,-120.635,Upper Stanislaus,Stanislaus River,,False,10.4,10.4,,,,,0.0,False,15.1,2001-03-09,2011-08-29,,,True,,,,,False,,,,,False,https://cdec.water.ca.gov/dynamicapp/staMeta?station_id=GDC
174,cdec:SSF,SOUTH FORK STANISLAUS R,cdec,CA Dept of Fish and Wildlife,continuous_sonde,natural,False,False,False,False,False,True,38.066,-120.354,Upper Stanislaus,,,False,10.3,10.3,,,,,0.0,False,15.2,2001-03-09,2011-07-23,,,True,,,,,False,,,,,False,https://cdec.water.ca.gov/dynamicapp/staMeta?station_id=SSF
175,wqp:CALWR_WQX-B4123250,WOODS C A SLATE C,wqp,California Department Of Water Resources,discrete_grab,natural,False,True,False,False,False,True,37.8971,-120.4344,Upper Tuolumne,,,False,10.2,10.2,10.2,2001-04-23,2011-08-11,10.3,10.2,False,15.1,2001-04-23,2011-08-11,4,1533.0,False,2001-04-23,2011-08-11,4,1533.0,False,,,,,False,https://www.waterqualitydata.us/provider/STORET/CALWR_WQX/CALWR_WQX-B4123250/
176,wqp:CALWR_WQX-B4123550,WOODS C BL JAMESTOWN STP,wqp,California Department Of Water Resources,discrete_grab,natural,False,True,False,False,False,True,37.9394,-120.4321,Upper Tuolumne,,,False,10.2,10.2,10.2,2001-04-23,2011-08-11,10.3,10.2,False,15.1,2001-04-23,2011-08-11,4,1534.0,False,2001-04-23,2011-08-11,4,1534.0,False,,,,,False,https://www.waterqualitydata.us/provider/STORET/CALWR_WQX/CALWR_WQX-B4123550/
177,wqp:CALWR_WQX-B4124150,WOODS C A JACK PAGE RD AB SONORA,wqp,California Department Of Water Resources,discrete_grab,natural,False,True,False,False,False,True,38.0041,-120.3841,Upper Tuolumne,,,False,10.2,10.2,10.2,2001-04-23,2011-08-11,10.3,10.2,False,15.1,2001-04-23,2011-08-11,4,1534.0,False,2001-04-23,2011-08-11,4,1534.0,False,,,,,False,https://www.waterqualitydata.us/provider/STORET/CALWR_WQX/CALWR_WQX-B4124150/
178,wqp:TABLEMOUNTAINRANCHERIA_WQX-PASW2,AREA A SURFACE WATER SAMPLING SITE 2,wqp,Table Mountain Rancheria of California (Tribal),discrete_grab,unknown,False,True,False,True,False,True,36.99194,-119.6399,Upper San Joaquin,,,False,10.2,3.7,10.2,2016-02-29,2019-11-12,3.7,3.7,False,0.4,2016-02-29,2019-11-12,12,91.0,False,2016-02-29,2026-05-13,17,126.0,False,,,,,False,https://www.waterqualitydata.us/provider/STORET/TABLEMOUNTAINRANCHERIA_WQX/TABLEMOUNTAINRANCHERIA_WQX-PASW2/
179,wqp:CEDEN-534SED001,Arnot Cr 1,"ceden,wqp",California State Water Resources Control Board,discrete_grab,natural,False,False,False,True,False,True,38.4074,-119.799,Upper Stanislaus,,,False,10.1,10.1,,,,,0.0,False,1.1,2015-06-16,2025-08-20,10,371.8,False,,,,,False,,,,,False,https://www.waterqualitydata.us/provider/STORET/CEDEN/CEDEN-534SED001/
180,wqp:CEDEN-536TRC119,Trout Creek ~2.8mi above Clavey River,"ceden,wqp",California State Water Resources Control Board,discrete_grab,natural,False,False,False,False,False,True,38.1158,-120.004,Upper Tuolumne,,,False,10.1,10.1,,,,,0.0,False,3.1,2013-06-18,2023-08-01,3,1232.0,False,,,,,False,,,,,False,https://www.waterqualitydata.us/provider/STORET/CEDEN/CEDEN-536TRC119/
181,cdec:ORA,STANISLAUS R AT OAKDALE REC AREA,cdec,CA Dept of Fish and Wildlife,continuous_sonde,natural,False,False,False,False,False,True,37.771,-120.867,Upper Stanislaus,Stanislaus River,,False,10.1,10.1,,,,,0.0,False,15.4,2001-03-09,2011-04-19,,,True,,,,,False,,,,,False,https://cdec.water.ca.gov/dynamicapp/staMeta?station_id=ORA
182,wqp:CEDEN-536SED006,Jawbone Cr 6,"ceden,wqp",California State Water Resources Control Board,discrete_grab,natural,False,False,False,False,False,True,37.9051,-119.996,Upper Tuolumne,,,False,10.0,10.0,,,,,0.0,False,5.0,2011-09-20,2021-09-28,3,1220.3,False,,,,,False,,,,,False,https://www.waterqualitydata.us/provider/STORET/CEDEN/CEDEN-536SED006/
183,wqp:CEDEN-536SED108,Tuolumne R (Middle Fk) 108,"ceden,wqp",California State Water Resources Control Board,discrete_grab,natural,False,False,False,False,False,True,37.8687,-119.904,Upper Tuolumne,,,False,10.0,10.0,,,,,0.0,False,5.0,2011-09-21,2021-09-27,2,1829.5,False,,,,,False,,,,,False,https://www.waterqualitydata.us/provider/STORET/CEDEN/CEDEN-536SED108/
184,wqp:CEDEN-541STC515,Salado Creek at HWY 33,"ceden,wqp",California State Water Resources Control Board,discrete_grab,natural,False,True,False,False,False,True,37.4814,-121.136,Lower San Joaquin River,,,False,9.9,9.9,1.8,2000-10-24,2002-08-28,1.8,1.8,False,15.9,2000-10-24,2010-10-21,75,48.6,False,2000-10-24,2002-08-28,9,31.5,False,,,,,False,https://www.waterqualitydata.us/provider/STORET/CEDEN/CEDEN-541STC515/
185,wqp:11NPSWRD_WQX-KICA_S018-OUT,Evolution Basin Outlet,wqp,National Park Service Water Resources Division,discrete_grab,unknown,False,True,False,False,False,True,37.1367,-118.698,Upper San Joaquin,,,False,9.9,9.9,9.9,2009-09-15,2019-09-07,10.0,9.9,False,7.0,2009-09-15,2019-09-07,3,1822.0,False,2009-09-15,2019-09-07,6,1822.0,False,,,,,False,https://www.waterqualitydata.us/provider/STORET/11NPSWRD_WQX/11NPSWRD_WQX-KICA_S018-OUT/
186,wqp:11NPSWRD_WQX-KICA_S013-OUT,Darwin Bench Outlet,wqp,National Park Service Water Resources Division,discrete_grab,unknown,False,True,False,False,False,True,37.1832,-118.705,Upper San Joaquin,,,False,9.9,9.9,9.9,2008-09-23,2018-08-23,9.9,9.9,False,8.1,2008-09-23,2018-08-23,3,1810.5,False,2008-09-23,2018-08-23,6,1810.5,False,,,,,False,https://www.waterqualitydata.us/provider/STORET/11NPSWRD_WQX/11NPSWRD_WQX-KICA_S013-OUT/
187,ceden:541XTSAER,Turner Slough near Edminster Road,ceden,CEDEN contributing programs,discrete_grab,natural,False,False,False,False,False,True,37.3041,-120.9008,Middle San Joaquin-Lower Chowchilla,,,False,9.8,9.8,,,,,0.0,False,12.4,2004-07-13,2014-05-13,110,32.6,False,,,,,False,,,,,False,https://ceden.waterboards.ca.gov/AdvancedQueryTool
188,esmr:803605,Clovis WWTF RSW-002U,esmr,Clovis WWTF,receiving_water,receiving_water,False,True,False,True,True,True,36.939445,-119.692001,Middle San Joaquin-Lower Chowchilla,,,False,9.8,9.8,9.8,2016-01-26,2025-11-20,9.8,9.8,True,0.8,2016-01-26,2025-11-20,28,328.3,False,2016-01-26,2025-11-20,27,132.8,False,2019-06-01,2023-11-30,124,13.2,False,https://ciwqs.waterboards.ca.gov/ciwqs/readOnly/CiwqsReportServlet?inCommand=reset&reportName=esmrAnalyticalData
189,wqp:CEDEN-540SDC212,Sand Creek ~0.7mi above Timber Cr.,"ceden,wqp",California State Water Resources Control Board,discrete_grab,natural,False,False,False,False,False,True,37.3211,-119.492,Upper San Joaquin,,,False,9.1,9.1,,,,,0.0,False,3.1,2014-06-16,2023-08-22,4,838.5,False,,,,,False,,,,,False,https://www.waterqualitydata.us/provider/STORET/CEDEN/CEDEN-540SDC212/
190,ceden:536CLR247,Clavey River ~1.5mi below Trout Cr.,ceden,CEDEN contributing programs,discrete_grab,natural,False,False,False,False,False,True,38.06351,-120.02017,Upper Tuolumne,,,False,9.0,9.0,,,,,0.0,False,3.1,2014-07-08,2023-08-01,4,827.8,False,,,,,False,,,,,False,https://ceden.waterboards.ca.gov/AdvancedQueryTool
191,wqp:CEDEN-535MER202,Merced River @ Hwy 99,"ceden,wqp",California State Water Resources Control Board,discrete_grab,natural,False,False,False,False,False,True,37.4,-120.749,Upper Merced,Merced River,,False,8.9,8.9,,,,,0.0,False,14.7,2003-01-22,2012-01-12,23,142.5,False,,,,,False,,,,,False,https://www.waterqualitydata.us/provider/STORET/CEDEN/CEDEN-535MER202/
192,wqp:CEDEN-535MER209,Merced River @ Merced Falls Gauging St.,"ceden,wqp",California State Water Resources Control Board,discrete_grab,natural,False,False,False,False,False,True,37.5178,-120.376,Upper Merced,Merced River,,False,8.9,8.9,,,,,0.0,False,14.7,2003-01-22,2012-01-12,26,126.0,False,,,,,False,,,,,False,https://www.waterqualitydata.us/provider/STORET/CEDEN/CEDEN-535MER209/
193,ceden:536RCCACR,Rock Creek ~3.6mi above Clavey River,ceden,CEDEN contributing programs,discrete_grab,natural,False,False,False,True,False,True,38.1125,-119.9511,Upper Tuolumne,,,False,8.8,8.8,,,,,0.0,False,1.4,2016-07-13,2025-05-14,4,806.8,False,,,,,False,,,,,False,https://ceden.waterboards.ca.gov/AdvancedQueryTool
194,ceden:535MER210,Merced River at Henderson Park,ceden,CEDEN contributing programs,discrete_grab,natural,False,False,False,False,False,True,37.521683,-120.421467,Upper Merced,Merced River,,False,8.8,8.8,,,,,0.0,False,9.2,2008-08-27,2017-06-27,6,537.7,False,,,,,False,,,,,False,https://ceden.waterboards.ca.gov/AdvancedQueryTool
195,wqp:CALWR_WQX-B7425050,SAN JOAQUIN R SF A MONO HOT SPR,wqp,California Department Of Water Resources,discrete_grab,natural,False,True,False,False,False,True,37.3266,-119.0143,Upper San Joaquin,,,False,8.7,8.7,8.7,1998-10-14,2008-10-06,10.0,8.7,False,18.0,1998-10-14,2008-10-06,15,258.0,False,1998-10-14,2008-10-06,15,258.0,False,,,,,False,https://www.waterqualitydata.us/provider/STORET/CALWR_WQX/CALWR_WQX-B7425050/
196,usgs:USGS-11257040,LEWIS FORK FRESNO R NR OAKHURST CA,"cdec,dwr_wdl,usgs,wqp",U.S. Geological Survey,streamgage,natural,False,True,False,True,False,True,37.344943,-119.639315,Fresno River,,,False,8.6,8.6,8.6,1998-08-11,2008-08-13,10.0,8.6,True,0.0,1998-08-11,2008-08-13,18,183.0,False,1998-08-11,2008-08-13,19,183.0,False,1960-10-01,2026-09-21,,,True,https://waterdata.usgs.gov/monitoring-location/11257040
197,wqp:CALWR_WQX-B6728390,FRESNO R BL OAKHURST,wqp,California Department Of Water Resources,discrete_grab,natural,False,True,False,False,False,True,37.3494,-119.7468,Fresno River,,,False,8.6,8.6,8.6,1998-08-11,2008-08-13,10.0,8.6,False,18.1,1998-08-11,2008-08-13,18,183.0,False,1998-08-11,2008-08-13,19,183.0,False,,,,,False,https://www.waterqualitydata.us/provider/STORET/CALWR_WQX/CALWR_WQX-B6728390/
198,wqp:CALWR_WQX-B6715000,FRESNO R BL HIDDEN DM NR DAULTON,wqp,California Department Of Water Resources,discrete_grab,natural,False,True,False,False,False,True,37.1044,-119.8879,Fresno River,,,False,8.6,8.6,8.6,1998-08-11,2008-08-11,10.0,8.6,False,18.1,1998-08-11,2008-08-11,13,202.5,False,1998-08-11,2008-08-11,15,202.5,False,,,,,False,https://www.waterqualitydata.us/provider/STORET/CALWR_WQX/CALWR_WQX-B6715000/
199,ceden:536CLV002,Clavey River 2,ceden,CEDEN contributing programs,discrete_grab,natural,False,False,False,False,False,True,37.98699,-120.05305,Upper Tuolumne,,,False,8.2,8.2,,,,,0.0,False,5.0,2013-06-17,2021-09-29,4,19.3,False,,,,,False,,,,,False,https://ceden.waterboards.ca.gov/AdvancedQueryTool
200,wqp:CEDEN-534ARC279,Arnot Creek abobe Clark Fork,"ceden,wqp",California State Water Resources Control Board,discrete_grab,natural,False,False,False,False,False,True,38.4024,-119.8,Upper Stanislaus,,,False,8.1,8.1,,,,,0.0,False,3.2,2015-06-17,2023-07-25,4,740.0,False,,,,,False,,,,,False,https://www.waterqualitydata.us/provider/STORET/CEDEN/CEDEN-534ARC279/
201,ceden:535XDCCHS,Dry Creek @ Church St,ceden,CEDEN contributing programs,discrete_grab,natural,False,False,False,True,False,True,37.66674,-120.89822,Upper Tuolumne,,,False,8.0,8.0,,,,,0.0,False,1.0,2017-08-15,2025-09-10,87,33.9,False,,,,,False,,,,,False,https://ceden.waterboards.ca.gov/AdvancedQueryTool
202,wqp:CEDEN-534WER219,Disaster Creek above Clark Fork,"ceden,wqp",California State Water Resources Control Board,discrete_grab,natural,False,False,False,False,False,True,38.4183,-119.751,Upper Stanislaus,,,False,8.0,8.0,,,,,0.0,False,14.1,2004-08-24,2012-08-29,2,1463.5,False,,,,,False,,,,,False,https://www.waterqualitydata.us/provider/STORET/CEDEN/CEDEN-534WER219/
203,ceden:535XMRAOR,Merced River @ Oakdale Rd,ceden,CEDEN contributing programs,discrete_grab,natural,False,False,False,True,False,True,37.45417,-120.60778,Upper Merced,Merced River,,False,7.9,7.9,,,,,0.0,False,1.0,2017-10-10,2025-09-10,80,36.2,False,,,,,False,,,,,False,https://ceden.waterboards.ca.gov/AdvancedQueryTool
204,wqp:CEDEN-537MAR203,Merced River @ Bagby Recreation Area Campgrounds,"ceden,wqp",California State Water Resources Control Board,reservoir,reservoir,False,False,False,False,False,True,37.6119,-120.135,Upper Merced,Merced River,,False,7.7,7.7,,,,,0.0,False,15.7,2003-04-15,2011-01-20,17,166.9,False,,,,,False,,,,,False,https://www.waterqualitydata.us/provider/STORET/CEDEN/CEDEN-537MAR203/
205,wqp:CEDEN-536TUO202,Woods Creek @ Mill Villa Dr,"ceden,wqp",California State Water Resources Control Board,discrete_grab,natural,False,False,False,False,False,True,37.9625,-120.399,Upper Tuolumne,,,False,7.6,7.6,,,,,0.0,False,16.0,2003-01-21,2010-09-23,27,103.8,False,,,,,False,,,,,False,https://www.waterqualitydata.us/provider/STORET/CEDEN/CEDEN-536TUO202/
206,ceden:536TUO205,Woods Creek @ Hwy 108,ceden,CEDEN contributing programs,discrete_grab,natural,False,False,False,False,False,True,37.964444,-120.393611,Upper Tuolumne,,,False,7.5,7.5,,,,,0.0,False,16.0,2003-02-18,2010-09-23,3,924.7,False,,,,,False,,,,,False,https://ceden.waterboards.ca.gov/AdvancedQueryTool
207,wqp:CEDEN-536TUO208,Woods Creek @ Mother load Fairgrounds,"ceden,wqp",California State Water Resources Control Board,discrete_grab,natural,False,False,False,False,False,True,37.9778,-120.39,Upper Tuolumne,,,False,7.5,7.5,,,,,0.0,False,16.0,2003-03-19,2010-09-23,30,91.5,False,,,,,False,,,,,False,https://www.waterqualitydata.us/provider/STORET/CEDEN/CEDEN-536TUO208/
208,cdec:TTS,TUOLUMNE R AT TURLOCK LK ST REC CAMPGRD,cdec,CA Dept of Fish and Wildlife,continuous_sonde,natural,False,False,False,False,False,True,37.63153,-120.5829,Upper Tuolumne,Tuolumne River,,False,7.4,7.4,,,,,0.0,False,14.7,2004-07-20,2012-01-10,,,True,,,,,False,,,,,False,https://cdec.water.ca.gov/dynamicapp/staMeta?station_id=TTS
209,cdec:MHT,MERCED RIVER AT MERCED RIVER HATCHERY,cdec,CA Dept of Fish and Wildlife,continuous_sonde,natural,False,False,False,False,False,True,37.51459,-120.37148,Upper Merced,Merced River,,False,7.4,7.4,,,,,0.0,False,15.0,2004-04-20,2011-09-29,,,True,,,,,False,,,,,False,https://cdec.water.ca.gov/dynamicapp/staMeta?station_id=MHT
210,cdec:TLA,TUOLUMNE R BLW LA GRANGE DAM (CAFG),cdec,CA Dept of Fish and Wildlife,continuous_sonde,natural,False,False,False,False,False,True,37.66942,-120.44377,Upper Tuolumne,Tuolumne River,,False,7.4,7.4,,,,,0.0,False,14.7,2004-07-27,2011-12-23,,,True,,,,,False,,,,,False,https://cdec.water.ca.gov/dynamicapp/staMeta?station_id=TLA
211,cdec:M59,MERCED RIVER NEAR HWY 59 BRIDGE SNELLING,cdec,CA Dept of Fish and Wildlife,continuous_sonde,natural,False,False,False,False,False,True,37.4697,-120.50275,Upper Merced,Merced River,,False,7.0,7.0,,,,,0.0,False,15.0,2004-09-07,2011-09-29,,,True,,,,,False,,,,,False,https://cdec.water.ca.gov/dynamicapp/staMeta?station_id=M59
212,cdec:MGS,MERCED RIVER NEAR G ST IN SNELLING,"cdec,dwr_wdl",CA Dept of Fish and Wildlife,continuous_sonde,natural,False,False,False,True,False,True,37.50383,-120.4524,Upper Merced,Merced River,,False,7.0,7.0,,,,,0.0,True,0.0,2004-09-13,2011-09-29,,,True,,,,,False,1960-10-01,2026-09-21,,,True,https://cdec.water.ca.gov/dynamicapp/staMeta?station_id=MGS
213,cdec:VLC,VOLCANIC KNOB,cdec,US Bureau of Reclamation,continuous_sonde,unknown,False,False,False,False,False,True,37.387859,-118.905037,Upper San Joaquin,,,False,7.0,7.0,,,,,0.0,False,19.7,1992-11-01,2007-01-01,,,True,,,,,False,,,,,False,https://cdec.water.ca.gov/dynamicapp/staMeta?station_id=VLC
214,ceden:537ADCH41,Alder Creek at Hwy 41,ceden,CEDEN contributing programs,discrete_grab,natural,False,False,False,False,False,True,37.580309,-119.67833,Upper Merced,,,False,6.9,6.9,,,,,0.0,False,8.0,2011-09-12,2018-09-05,2,1275.0,False,,,,,False,,,,,False,https://ceden.waterboards.ca.gov/AdvancedQueryTool
215,ceden:535XDSAHN,Duck Slough @ Hwy 99,ceden,CEDEN contributing programs,discrete_grab,natural,False,False,False,False,False,True,37.25031,-120.41043,Middle San Joaquin-Lower Chowchilla,,,False,6.9,6.9,,,,,0.0,False,14.6,2005-02-16,2012-02-07,62,41.1,False,,,,,False,,,,,False,https://ceden.waterboards.ca.gov/AdvancedQueryTool
216,wqp:11NPSWRD_WQX-YOSE_Y002-OUT,Upper Granite Outlet,wqp,National Park Service Water Resources Division,discrete_grab,unknown,False,True,False,False,False,True,37.9249,-119.277,Upper Tuolumne,,,False,6.9,6.0,6.9,2008-09-15,2014-09-25,6.0,6.0,False,11.1,2008-09-15,2014-09-25,16,33.5,False,2008-09-15,2015-09-02,34,35.0,False,,,,,False,https://www.waterqualitydata.us/provider/STORET/11NPSWRD_WQX/11NPSWRD_WQX-YOSE_Y002-OUT/
217,cdec:THB,TUOLUMNE RIVER AT HICKMAN BRDG WATERFORD,"cdec,ceden",CA Dept of Fish and Wildlife,continuous_sonde,natural,False,False,False,False,False,True,37.63603,-120.75928,Upper Tuolumne,Tuolumne River,,False,6.9,6.9,,,,,0.0,False,12.1,2007-09-10,2014-08-13,14,103.1,True,,,,,False,,,,,False,https://cdec.water.ca.gov/dynamicapp/staMeta?station_id=THB
218,cdec:MBG,MERCED R NR BRICEBURG #2,cdec,Merced Irrigation District,continuous_sonde,natural,False,False,False,True,False,True,37.604775,-119.967757,Upper Merced,Merced River,,False,6.8,6.8,,,,,0.0,True,0.0,2019-12-01,2026-09-21,,,True,,,,,False,2020-04-10,2026-09-21,,,True,https://cdec.water.ca.gov/dynamicapp/staMeta?station_id=MBG
219,ceden:537MAR900,"Pattys Hole, Merced River at El Portal",ceden,CEDEN contributing programs,discrete_grab,natural,False,False,False,False,False,True,37.672167,-119.787483,Upper Merced,Merced River,,False,6.6,6.6,,,,,0.0,False,11.4,2008-08-27,2015-04-26,11,221.2,False,,,,,False,,,,,False,https://ceden.waterboards.ca.gov/AdvancedQueryTool
220,esmr:803604,Clovis WWTF RSW-002D,esmr,Clovis WWTF,receiving_water,receiving_water,False,True,False,True,True,True,36.934267,-119.729557,Middle San Joaquin-Lower Chowchilla,,,False,6.5,6.5,1.2,2022-12-29,2024-03-29,1.2,1.2,True,2.5,2017-09-07,2024-03-29,22,108.9,False,2022-12-29,2024-03-29,18,25.3,False,2019-06-01,2023-11-30,62,26.5,False,https://ciwqs.waterboards.ca.gov/ciwqs/readOnly/CiwqsReportServlet?inCommand=reset&reportName=esmrAnalyticalData
221,cdec:MSF,MERCED RIVER NR SANTE FE BRIDGE CRESSEY,cdec,CA Dept of Fish and Wildlife,continuous_sonde,natural,False,False,False,False,False,True,37.43362,-120.65454,Upper Merced,Merced River,,False,6.5,6.5,,,,,0.0,False,15.0,2005-03-16,2011-10-04,,,True,,,,,False,,,,,False,https://cdec.water.ca.gov/dynamicapp/staMeta?station_id=MSF
222,cdec:DPC,DEL PUERTO CK - USGS,cdec,US Geological Survey,continuous_sonde,natural,False,True,True,True,False,True,37.4867,-121.2081,Lower San Joaquin River,,,False,6.4,6.4,6.4,2004-11-02,2011-05-01,6.5,6.4,False,0.0,2004-11-02,2011-05-01,,,True,2004-11-02,2011-05-01,,,True,,,,,False,https://cdec.water.ca.gov/dynamicapp/staMeta?station_id=DPC
223,cdec:TLS,TUOLUMNE R NEAR LUMSDEN CAMPGROUND,cdec,CA Dept of Fish and Wildlife,continuous_sonde,natural,False,False,False,False,False,True,37.83612,-120.05367,Upper Tuolumne,Tuolumne River,,False,6.3,6.3,,,,,0.0,False,15.1,2005-04-27,2011-08-17,,,True,,,,,False,,,,,False,https://cdec.water.ca.gov/dynamicapp/staMeta?station_id=TLS
224,ceden:534CYCANB,Coyote Creek Natural Bridges,ceden,CEDEN contributing programs,discrete_grab,natural,False,False,False,False,False,True,38.05578,-120.47697,Upper Stanislaus,,,False,6.2,6.2,,,,,0.0,False,12.0,2008-06-19,2014-09-23,25,91.5,False,,,,,False,,,,,False,https://ceden.waterboards.ca.gov/AdvancedQueryTool
225,usgs:USGS-11274500,ORESTIMBA C NR NEWMAN CA,"cdec,usgs",U.S. Geological Survey,streamgage,natural,False,True,True,True,True,True,37.315465,-121.125171,Lower San Joaquin River,,,False,6.2,6.2,5.2,2020-01-18,2025-04-11,5.2,5.2,True,0.0,2019-01-16,2025-04-12,,,True,2020-01-18,2025-04-11,,,True,1932-02-08,2026-09-21,,,True,https://waterdata.usgs.gov/monitoring-location/11274500
226,cdec:MBC,MERCED RIVER AT BRICEBURG,cdec,CA Dept of Fish and Wildlife,continuous_sonde,natural,False,False,False,False,False,True,37.62078,-120.02215,Upper Merced,Merced River,,False,6.2,6.2,,,,,0.0,False,15.2,2005-05-06,2011-07-20,,,True,,,,,False,,,,,False,https://cdec.water.ca.gov/dynamicapp/staMeta?station_id=MBC
227,ceden:537MCN300,"Merced River, NF below Bean Cr.",ceden,CEDEN contributing programs,discrete_grab,natural,False,False,False,False,False,True,37.7397,-120.0438,Upper Merced,,,False,6.0,6.0,,,,,0.0,False,5.2,2015-05-19,2021-06-23,3,742.3,False,,,,,False,,,,,False,https://ceden.waterboards.ca.gov/AdvancedQueryTool
228,wqp:CEDEN-540BSC296,Beasore Creek ~2.3mi below Beasore Rd.,"ceden,wqp",California State Water Resources Control Board,discrete_grab,natural,False,False,False,False,False,True,37.4459,-119.443,Upper San Joaquin,,,False,6.0,6.0,,,,,0.0,False,5.2,2015-05-20,2021-06-23,3,742.0,False,,,,,False,,,,,False,https://www.waterqualitydata.us/provider/STORET/CEDEN/CEDEN-540BSC296/
229,ceden:537MRS320,"Merced River, SF ~2.6mi above main stem",ceden,CEDEN contributing programs,discrete_grab,natural,False,False,False,False,False,True,37.6397,-119.8639,Upper Merced,,,False,6.0,6.0,,,,,0.0,False,5.2,2015-05-28,2021-06-22,3,739.0,False,,,,,False,,,,,False,https://ceden.waterboards.ca.gov/AdvancedQueryTool
230,ceden:537R5NPFA,Fly Away Gulch above Hwy 49,ceden,CEDEN contributing programs,discrete_grab,natural,False,False,False,True,False,True,37.62239,-120.14266,Upper Merced,Merced River,,False,6.0,6.0,,,,,0.0,False,1.4,2019-03-25,2025-04-16,11,201.3,False,,,,,False,,,,,False,https://ceden.waterboards.ca.gov/AdvancedQueryTool
231,ceden:536TUO211,Twain Harte Lake - Mono Drive,ceden,CEDEN contributing programs,discrete_grab,reservoir,False,False,False,False,False,True,38.028808,-120.241928,Upper Tuolumne,,,False,6.0,6.0,,,,,0.0,False,13.0,2007-09-05,2013-09-23,9,245.6,False,,,,,False,,,,,False,https://ceden.waterboards.ca.gov/AdvancedQueryTool
232,wqp:CEDEN-534SPC227,Soap Creek ~1.1mi above Griswold Cr.,"ceden,wqp",California State Water Resources Control Board,discrete_grab,natural,False,False,False,False,False,True,38.2009,-120.249,Upper Stanislaus,,,False,6.0,6.0,,,,,0.0,False,6.2,2014-07-09,2020-07-22,3,735.0,False,,,,,False,,,,,False,https://www.waterqualitydata.us/provider/STORET/CEDEN/CEDEN-534SPC227/
233,wqp:CEDEN-540MRC196,Minaret Creek ~0.8mi above MF San Joaquin R.,"ceden,wqp",California State Water Resources Control Board,discrete_grab,natural,False,False,False,False,False,True,37.6409,-119.095,Upper San Joaquin,,,False,5.9,5.9,,,,,0.0,False,6.1,2014-08-26,2020-08-25,3,730.3,False,,,,,False,,,,,False,https://www.waterqualitydata.us/provider/STORET/CEDEN/CEDEN-540MRC196/
234,usgs:USGS-11281000,SF TUOLUMNE R NR OAKLAND RECREATION CAMP CA,"cdec,ceden,usgs",U.S. Geological Survey,streamgage,natural,False,False,False,True,False,True,37.821593,-120.012962,Upper Tuolumne,,,False,5.9,5.9,,,,,0.0,True,0.0,2008-08-27,2014-08-20,13,168.0,False,,,,,False,1923-04-01,2026-09-21,,,True,https://waterdata.usgs.gov/monitoring-location/11281000
235,ceden:542STC525,Del Puerto Creek @ Del Puerto Rd mi 3.9,ceden,CEDEN contributing programs,discrete_grab,natural,False,False,False,False,False,True,37.47247,-121.24069,Lower San Joaquin River,,,False,5.9,5.9,,,,,0.0,False,15.9,2004-11-02,2010-10-21,27,80.7,False,,,,,False,,,,,False,https://ceden.waterboards.ca.gov/AdvancedQueryTool
236,wqp:11NPSWRD_WQX-YOSE_Y003-OUT,Ten Lakes Outlet,wqp,National Park Service Water Resources Division,discrete_grab,reservoir,False,True,False,False,False,True,37.9024,-119.53,Upper Tuolumne,,,False,5.9,5.9,5.9,2008-09-18,2014-08-17,5.9,5.9,False,11.1,2008-09-18,2014-08-17,7,363.0,False,2008-09-18,2014-08-17,14,363.0,False,,,,,False,https://www.waterqualitydata.us/provider/STORET/11NPSWRD_WQX/11NPSWRD_WQX-YOSE_Y003-OUT/
237,ceden:541XOCAFB,Orestimba Creek at Farm Bridge,ceden,CEDEN contributing programs,discrete_grab,natural,False,False,False,True,False,True,37.40529,-121.022764,Lower San Joaquin River,,,False,5.8,5.8,,,,,0.0,False,1.7,2019-03-11,2025-01-14,31,68.9,False,,,,,False,,,,,False,https://ceden.waterboards.ca.gov/AdvancedQueryTool
238,ceden:541STC532,Salado Creek @ Oak Flat Rd.,ceden,CEDEN contributing programs,discrete_grab,natural,False,False,False,False,False,True,37.42096,-121.15592,Lower San Joaquin River,,,False,5.8,5.8,,,,,0.0,False,16.0,2004-11-02,2010-09-07,25,85.4,False,,,,,False,,,,,False,https://ceden.waterboards.ca.gov/AdvancedQueryTool
239,ceden:542DPCDPC,Del Puerto Creek,ceden,CEDEN contributing programs,discrete_grab,natural,False,False,False,False,False,True,37.42083,-121.37347,Lower San Joaquin River,,,False,5.8,5.8,,,,,0.0,False,16.0,2004-11-02,2010-09-07,28,79.1,False,,,,,False,,,,,False,https://ceden.waterboards.ca.gov/AdvancedQueryTool
240,wqp:NARS_WQX-CAR9-0910,Tuolumne River,wqp,EPA National Aquatic Resources Survey (NARS),discrete_grab,natural,False,True,False,False,False,True,37.596376,-121.128761,Upper Tuolumne,Tuolumne River,,False,5.7,0.0,5.7,2014-06-17,2014-06-17,0.0,0.0,False,12.3,2014-06-17,2014-06-17,1,,False,2008-09-12,2014-06-17,3,,False,,,,,False,https://www.waterqualitydata.us/provider/STORET/NARS_WQX/NARS_WQX-CAR9-0910/
241,usgs:USGS-11270900,MERCED R BL MERCED FALLS DAM NR SNELL CA,"cdec,usgs,wqp",U.S. Geological Survey,streamgage,natural,False,True,False,True,False,True,37.521603,-120.332411,Upper Merced,Merced River,,False,5.6,5.6,5.6,1998-08-10,2005-08-15,7.0,5.6,True,0.0,1998-08-10,2005-08-15,12,182.0,False,1998-08-10,2005-08-15,13,182.5,False,1901-04-01,2026-09-21,,,True,https://waterdata.usgs.gov/monitoring-location/11270900
242,dwr_wdl:B67285,Miami Creek at Highway 49 near Ahwanee,"dwr_wdl,wqp",California Department of Water Resources,continuous_sonde,natural,False,True,False,False,False,True,37.348276,-119.717655,Fresno River,,,False,5.3,4.9,5.3,2001-03-27,2006-02-21,4.9,4.9,True,20.1,2001-03-27,2006-02-21,2,1792.0,False,2001-03-27,2006-08-16,3,984.0,False,1970-10-01,1989-10-01,,,True,https://wdl.water.ca.gov/WaterDataLibrary/StationDetails.aspx?Station=B67285
243,cdec:MWR,EASTSIDE BYPASS AT MERCED NWR,cdec,US Bureau of Reclamation,continuous_sonde,natural,False,True,True,False,False,True,37.177254,-120.652117,Middle San Joaquin-Lower Chowchilla,,,False,5.1,5.1,5.1,2012-10-26,2017-12-26,5.2,5.1,False,8.7,2012-10-26,2017-12-26,,,True,2012-10-26,2017-12-26,,,True,,,,,False,https://cdec.water.ca.gov/dynamicapp/staMeta?station_id=MWR
244,wqp:11NPSWRD_WQX-YOSE_Y011-OUT,Table Lake Outlet,wqp,National Park Service Water Resources Division,discrete_grab,reservoir,False,True,False,False,False,True,37.9826,-119.564,Upper Tuolumne,,,False,5.1,5.1,5.1,2009-08-19,2014-09-30,5.1,5.1,False,12.0,2009-08-19,2014-09-30,2,1868.0,False,2009-08-19,2014-09-30,4,1868.0,False,,,,,False,https://www.waterqualitydata.us/provider/STORET/11NPSWRD_WQX/11NPSWRD_WQX-YOSE_Y011-OUT/
245,wqp:CEDEN-535MER577,Deep Slough at Green House Road,"ceden,wqp",California State Water Resources Control Board,discrete_grab,natural,False,True,False,False,False,True,37.2297,-120.728,Middle San Joaquin-Lower Chowchilla,,,False,5.0,5.0,0.7,2000-10-26,2001-07-26,0.7,0.7,False,20.8,2000-10-26,2005-11-29,56,33.2,False,2000-10-26,2001-07-26,9,31.5,False,,,,,False,https://www.waterqualitydata.us/provider/STORET/CEDEN/CEDEN-535MER577/
246,wqp:CEDEN-535XNSJ24,Dry Creek at J9,"ceden,wqp",California State Water Resources Control Board,discrete_grab,natural,False,True,False,False,False,True,37.6589,-120.779,Upper Tuolumne,,,False,5.0,5.0,0.1,2004-07-20,2004-09-15,0.2,0.1,False,17.1,2004-07-20,2009-08-18,10,44.9,False,2004-07-20,2004-09-15,32,14.0,False,,,,,False,https://www.waterqualitydata.us/provider/STORET/CEDEN/CEDEN-535XNSJ24/
247,ceden:540FRE010,Millerton Lake at South Boat Ramp,ceden,CEDEN contributing programs,discrete_grab,reservoir,False,False,False,True,False,True,36.989472,-119.682682,Upper San Joaquin,,,False,5.0,5.0,,,,,0.0,False,0.3,2021-05-19,2026-06-01,54,34.1,False,,,,,False,,,,,False,https://ceden.waterboards.ca.gov/AdvancedQueryTool
248,wqp:11NPSWRD_WQX-KICA_S029-OUT,LeConte Divide Lake Outlet,wqp,National Park Service Water Resources Division,discrete_grab,reservoir,False,True,False,False,False,True,37.1618,-118.805,Upper San Joaquin,,,False,5.0,5.0,5.0,2010-08-31,2015-09-12,5.0,5.0,False,11.0,2010-08-31,2015-09-12,2,1838.0,False,2010-08-31,2015-09-12,4,1838.0,False,,,,,False,https://www.waterqualitydata.us/provider/STORET/11NPSWRD_WQX/11NPSWRD_WQX-KICA_S029-OUT/
249,wqp:11NPSWRD_WQX-YOSE_Y021-OUT,Upper Stubblefield Lake,wqp,National Park Service Water Resources Division,discrete_grab,reservoir,False,True,False,False,False,True,38.1146,-119.548,Upper Tuolumne,,,False,5.0,5.0,0.0,2010-08-17,2010-08-17,0.0,0.0,False,11.1,2010-08-17,2015-08-27,2,1836.0,False,2010-08-17,2010-08-17,2,,False,,,,,False,https://www.waterqualitydata.us/provider/STORET/11NPSWRD_WQX/11NPSWRD_WQX-YOSE_Y021-OUT/
250,wqp:11NPSWRD_WQX-YOSE_Y012-OUT,Lyell Fork Lake Outlet,wqp,National Park Service Water Resources Division,discrete_grab,reservoir,False,True,False,False,False,True,37.7575,-119.268,Upper Tuolumne,,,False,5.0,5.0,5.0,2009-08-25,2014-09-02,5.0,5.0,False,12.1,2009-08-25,2014-09-02,3,1834.0,False,2009-08-25,2014-09-02,6,1834.0,False,,,,,False,https://www.waterqualitydata.us/provider/STORET/11NPSWRD_WQX/11NPSWRD_WQX-YOSE_Y012-OUT/
251,wqp:11NPSWRD_WQX-YOSE_Y014-OUT,South Fork Cathedral Outlet,wqp,National Park Service Water Resources Division,discrete_grab,natural,False,True,False,False,False,True,37.8886,-119.509,Upper Tuolumne,,,False,5.0,5.0,5.0,2009-08-13,2014-08-18,5.0,5.0,False,12.1,2009-08-13,2014-08-18,2,1831.0,False,2009-08-13,2014-08-18,4,1831.0,False,,,,,False,https://www.waterqualitydata.us/provider/STORET/11NPSWRD_WQX/11NPSWRD_WQX-YOSE_Y014-OUT/
252,wqp:11NPSWRD_WQX-YOSE_Y015-OUT,McCabe Outlet,wqp,National Park Service Water Resources Division,discrete_grab,unknown,False,True,False,False,False,True,37.9895,-119.359,Upper Tuolumne,,,False,4.9,4.9,4.9,2009-08-17,2014-08-12,5.0,4.9,False,12.1,2009-08-17,2014-08-12,2,1821.0,False,2009-08-17,2014-08-12,4,1821.0,False,,,,,False,https://www.waterqualitydata.us/provider/STORET/11NPSWRD_WQX/11NPSWRD_WQX-YOSE_Y015-OUT/
253,wqp:NARS_WQX-NLA_CA-10015,NLA_CA-10015,wqp,EPA National Aquatic Resources Survey (NARS),reservoir,reservoir,False,True,False,False,False,True,38.476035,-119.999776,Upper Stanislaus,,,False,4.9,4.9,4.9,2007-09-19,2012-09-10,5.0,4.9,False,14.0,2007-09-19,2012-09-10,16,1818.0,False,2007-09-19,2012-09-10,8,,False,,,,,False,https://www.waterqualitydata.us/provider/STORET/NARS_WQX/NARS_WQX-NLA_CA-10015/
254,wqp:11NPSWRD_WQX-YOSE_Y013-OUT,Upper Falls Creek Outlet,wqp,National Park Service Water Resources Division,discrete_grab,natural,False,True,False,False,False,True,38.0193,-119.708,Upper Tuolumne,,,False,4.9,0.0,4.9,2014-09-22,2014-09-22,0.0,0.0,False,12.0,2014-09-22,2014-09-22,1,,False,2009-10-06,2014-09-22,3,1812.0,False,,,,,False,https://www.waterqualitydata.us/provider/STORET/11NPSWRD_WQX/11NPSWRD_WQX-YOSE_Y013-OUT/
255,wqp:NARS_WQX-NLA_CA-10054,NLA_CA-10054,wqp,EPA National Aquatic Resources Survey (NARS),reservoir,reservoir,False,True,False,False,False,True,37.95384,-120.4968,Upper Stanislaus,,,False,4.9,4.9,4.9,2012-08-07,2017-07-19,4.9,4.9,False,9.2,2012-08-07,2017-07-19,46,1807.0,False,2012-08-07,2017-07-19,21,,False,,,,,False,https://www.waterqualitydata.us/provider/STORET/NARS_WQX/NARS_WQX-NLA_CA-10054/
256,cdec:TPP,TOM PAINE SLOUGH NR PESCADERO,"cdec,dwr_wdl",CA Dept of Water Resources/Operations and Maintenance,continuous_sonde,natural,False,True,True,True,True,True,37.767284,-121.351028,San Joaquin Delta,,,True,4.6,4.6,4.6,2022-01-13,2026-09-21,4.7,4.6,False,0.0,2022-01-13,2026-09-21,,,True,2022-01-13,2026-09-21,,,True,,,,,False,https://cdec.water.ca.gov/dynamicapp/staMeta?station_id=TPP
257,wqp:CEDEN-535MER576,Turner Slough at Fourth Ave.,"ceden,wqp",California State Water Resources Control Board,discrete_grab,natural,False,True,False,False,False,True,37.3206,-120.889,Middle San Joaquin-Lower Chowchilla,,,False,4.5,4.5,0.2,2001-04-26,2001-07-26,0.2,0.2,False,20.8,2001-04-26,2005-11-29,53,31.7,False,2001-04-26,2001-07-26,3,45.5,False,,,,,False,https://www.waterqualitydata.us/provider/STORET/CEDEN/CEDEN-535MER576/
258,wqp:CALWR_WQX-VNS4734,VNS 4734,wqp,California Department Of Water Resources,discrete_grab,unknown,False,True,False,False,False,True,37.6895,-121.311778,San Joaquin Delta,,,True,4.5,4.5,4.5,2012-02-06,2016-08-08,4.5,4.5,False,10.1,2012-02-06,2016-08-08,12,97.0,False,2012-02-06,2016-08-08,12,97.0,False,,,,,False,https://www.waterqualitydata.us/provider/STORET/CALWR_WQX/CALWR_WQX-VNS4734/
259,wqp:CALWR_WQX-VNS4931,VNS 4931,wqp,California Department Of Water Resources,discrete_grab,unknown,False,True,False,False,False,True,37.696361,-121.306639,San Joaquin Delta,,,True,4.5,4.5,4.5,2012-02-06,2016-08-08,4.5,4.5,False,10.1,2012-02-06,2016-08-08,9,140.0,False,2012-02-06,2016-08-08,9,140.0,False,,,,,False,https://www.waterqualitydata.us/provider/STORET/CALWR_WQX/CALWR_WQX-VNS4931/
260,wqp:CALWR_WQX-VNS4951,VNS 4951,wqp,California Department Of Water Resources,discrete_grab,unknown,False,True,False,False,False,True,37.695611,-121.342917,San Joaquin Delta,,,True,4.5,4.5,4.5,2012-02-06,2016-08-08,4.5,4.5,False,10.1,2012-02-06,2016-08-08,13,98.0,False,2012-02-06,2016-08-08,13,98.0,False,,,,,False,https://www.waterqualitydata.us/provider/STORET/CALWR_WQX/CALWR_WQX-VNS4951/
261,wqp:CALWR_WQX-VNS6035,VNS 6035,wqp,California Department Of Water Resources,discrete_grab,unknown,False,True,False,False,False,True,37.711639,-121.312806,San Joaquin Delta,,,True,4.5,4.5,4.5,2012-02-07,2016-08-09,4.5,4.5,False,10.1,2012-02-07,2016-08-09,13,97.5,False,2012-02-07,2016-08-09,14,98.0,False,,,,,False,https://www.waterqualitydata.us/provider/STORET/CALWR_WQX/CALWR_WQX-VNS6035/
262,ceden:535OAKCTP,Coulter Pond,ceden,CEDEN contributing programs,discrete_grab,unknown,False,False,False,False,False,True,37.544167,-120.823056,Lower San Joaquin River,,,False,4.2,4.2,,,,,0.0,False,18.0,2004-06-23,2008-10-06,17,92.1,False,,,,,False,,,,,False,https://ceden.waterboards.ca.gov/AdvancedQueryTool
263,wqp:CALWR_WQX-B0513100,MERCED R A MILLIKEN BR,wqp,California Department Of Water Resources,discrete_grab,natural,False,True,False,False,False,True,37.3616,-120.851,Upper Merced,Merced River,,False,4.2,4.2,4.2,1998-04-07,2004-04-14,6.0,4.2,False,22.4,1998-04-07,2004-04-14,45,32.0,False,1998-04-07,2004-04-14,48,32.0,False,,,,,False,https://www.waterqualitydata.us/provider/STORET/CALWR_WQX/CALWR_WQX-B0513100/
264,ceden:545XCCAHO,Cottonwood Creek at Highway 145,ceden,CEDEN contributing programs,discrete_grab,natural,False,False,False,False,False,True,36.9002,-120.05545,Middle San Joaquin-Lower Chowchilla,,,False,4.1,4.1,,,,,0.0,False,18.0,2004-07-22,2008-09-30,8,16.9,False,,,,,False,,,,,False,https://ceden.waterboards.ca.gov/AdvancedQueryTool
265,usgs:USGS-11270000,MERCED R A EXCHEQUER CA,"usgs,wqp",U.S. Geological Survey,streamgage,natural,False,True,False,False,False,True,37.581879,-120.280188,Upper Merced,Merced River,,False,4.1,4.1,4.1,1999-02-08,2004-03-08,5.1,4.1,True,22.5,1999-02-08,2004-03-08,3,927.5,False,1999-02-08,2004-03-08,3,927.5,False,1901-04-01,1964-09-29,,,True,https://waterdata.usgs.gov/monitoring-location/11270000
266,ceden:545MRDCLE,Casebeer Lat Exten @ Deadman Ck,ceden,CEDEN contributing programs,discrete_grab,natural,False,False,False,False,False,True,37.195072,-120.561486,Middle San Joaquin-Lower Chowchilla,,,False,4.1,4.1,,,,,0.0,False,18.0,2004-07-14,2008-09-16,10,152.5,False,,,,,False,,,,,False,https://ceden.waterboards.ca.gov/AdvancedQueryTool
267,ceden:545MRDEDM,El Nido Dam on Mariposa Ck ,ceden,CEDEN contributing programs,discrete_grab,reservoir,False,False,False,False,False,True,37.250953,-120.415236,Middle San Joaquin-Lower Chowchilla,,,False,4.1,4.1,,,,,0.0,False,18.0,2004-07-14,2008-09-16,16,95.3,False,,,,,False,,,,,False,https://ceden.waterboards.ca.gov/AdvancedQueryTool
268,ceden:545MRDPDM,Puglizevich Dam on Miles and Owen Cks,ceden,CEDEN contributing programs,discrete_grab,reservoir,False,False,False,False,False,True,37.263056,-120.458414,Middle San Joaquin-Lower Chowchilla,,,False,4.1,4.1,,,,,0.0,False,18.0,2004-07-14,2008-09-16,16,95.3,False,,,,,False,,,,,False,https://ceden.waterboards.ca.gov/AdvancedQueryTool
269,usgs:USGS-11269300,MAXWELL C A COULTERVILLE CA,"dwr_wdl,usgs,wqp",U.S. Geological Survey,streamgage,natural,False,True,False,False,False,True,37.716041,-120.18991,Upper Merced,,,False,4.1,4.1,4.1,1999-02-08,2004-02-10,5.0,4.1,True,22.6,1999-02-08,2004-02-10,2,1828.0,False,1999-02-08,2004-02-10,2,1828.0,False,1959-10-01,1989-10-01,,,True,https://waterdata.usgs.gov/monitoring-location/11269300
270,wqp:CALWR_WQX-B5258000,BEAN C NR COULTERVILLE,wqp,California Department Of Water Resources,discrete_grab,natural,False,True,False,False,False,True,37.7416,-120.1177,Upper Merced,,,False,4.1,4.1,4.1,1999-02-08,2004-02-10,5.0,4.1,False,22.6,1999-02-08,2004-02-10,2,1828.0,False,1999-02-08,2004-02-10,2,1828.0,False,,,,,False,https://www.waterqualitydata.us/provider/STORET/CALWR_WQX/CALWR_WQX-B5258000/
271,usgs:USGS-11268000,SF MERCED R NR EL PORTAL CA,"usgs,wqp",U.S. Geological Survey,streamgage,natural,False,True,False,False,False,True,37.65132,-119.885453,Upper Merced,Merced River,,False,4.1,4.1,4.1,1999-02-09,2004-02-09,5.0,4.1,True,22.6,1999-02-09,2004-02-09,3,913.0,False,1999-02-09,2004-02-09,3,913.0,False,1950-11-19,1975-10-07,,,True,https://waterdata.usgs.gov/monitoring-location/11268000
272,usgs:USGS-11268200,MERCED R NR BRICEBURG CA,"usgs,wqp",U.S. Geological Survey,streamgage,natural,False,True,False,False,False,True,37.635765,-119.933233,Upper Merced,Merced River,,False,4.1,4.1,4.1,1999-02-09,2004-02-09,5.0,4.1,True,22.6,1999-02-09,2004-02-09,3,913.0,False,1999-02-09,2004-02-09,3,913.0,False,1965-10-01,1974-10-08,,,True,https://waterdata.usgs.gov/monitoring-location/11268200
273,wqp:CALWR_WQX-B5151950,MERCED R A JCT BIGOAK FLAT + 140,wqp,California Department Of Water Resources,discrete_grab,natural,False,True,False,False,False,True,37.7183,-119.6827,Upper Merced,Merced River,,False,4.1,4.1,4.1,1999-02-08,2004-02-09,5.0,4.1,False,22.6,1999-02-08,2004-02-09,3,913.5,False,1999-02-08,2004-02-09,3,913.5,False,,,,,False,https://www.waterqualitydata.us/provider/STORET/CALWR_WQX/CALWR_WQX-B5151950/
274,ceden:536SPILJW,Jawbone Creek ~1.8mi below Crane Cr.,ceden,CEDEN contributing programs,discrete_grab,natural,False,False,False,False,False,True,37.95265,-119.99081,Upper Tuolumne,,,False,4.0,4.0,,,,,0.0,False,7.0,2015-09-09,2019-10-07,5,297.8,False,,,,,False,,,,,False,https://ceden.waterboards.ca.gov/AdvancedQueryTool
275,ceden:536SPIUJW,Jawbone Creek ~0.9mi above Crane Cr.,ceden,CEDEN contributing programs,discrete_grab,natural,False,False,False,False,False,True,37.98193,-119.97487,Upper Tuolumne,,,False,4.0,4.0,,,,,0.0,False,7.0,2015-09-09,2019-10-07,5,297.8,False,,,,,False,,,,,False,https://ceden.waterboards.ca.gov/AdvancedQueryTool
276,cdec:MHA,MERCED RIVER NEAR HAGAMAN PARK,cdec,CA Dept of Fish and Wildlife,continuous_sonde,natural,False,False,False,False,False,True,37.3708,-120.83588,Upper Merced,Merced River,,False,4.0,4.0,,,,,0.0,False,15.0,2007-09-10,2011-10-04,,,True,,,,,False,,,,,False,https://cdec.water.ca.gov/dynamicapp/staMeta?station_id=MHA
277,usgs:USGS-11255605,LITTLE PANOCHE C NR PANOCHE CA,"ceden,usgs",U.S. Geological Survey,streamgage,natural,False,False,False,False,False,True,36.791616,-120.760738,Middle San Joaquin-Lower Chowchilla,,,False,4.0,4.0,,,,,0.0,True,15.5,2007-02-28,2011-03-23,2,742.0,False,,,,,False,1962-02-09,1965-11-23,,,False,https://waterdata.usgs.gov/monitoring-location/11255605
278,wqp:11NPSWRD_WQX-YOSE_Y006-OUT,Saddle Puddle Outlet,wqp,National Park Service Water Resources Division,discrete_grab,unknown,False,True,False,False,False,True,37.8104,-119.311,Upper Tuolumne,,,False,4.0,4.0,4.0,2008-09-06,2012-09-17,4.0,4.0,False,14.0,2008-09-06,2012-09-17,3,1472.0,False,2008-09-06,2012-09-17,6,1472.0,False,,,,,False,https://www.waterqualitydata.us/provider/STORET/11NPSWRD_WQX/11NPSWRD_WQX-YOSE_Y006-OUT/
279,wqp:CEDEN-551WWDPCF,Panoche-Silver Creek at Fairfax Ave,"ceden,wqp",California State Water Resources Control Board,discrete_grab,natural,False,False,False,False,False,True,36.7085,-120.568,Panoche-San Luis Reservoir,,,False,4.0,4.0,,,,,0.0,False,3.5,2019-03-07,2023-03-11,4,366.2,False,,,,,False,,,,,False,https://www.waterqualitydata.us/provider/STORET/CEDEN/CEDEN-551WWDPCF/
280,cdec:TSF,TUOLUMNE RIVER NEAR SANTE FE BRIDGE,cdec,CA Dept of Fish and Wildlife,continuous_sonde,natural,False,False,False,False,False,True,37.62291,-120.89874,Upper Tuolumne,Tuolumne River,,False,4.0,4.0,,,,,0.0,False,15.0,2007-09-10,2011-09-13,,,True,,,,,False,,,,,False,https://cdec.water.ca.gov/dynamicapp/staMeta?station_id=TSF
281,wqp:11NPSWRD_WQX-YOSE_Y005-OUT,Tilden Outlet,wqp,National Park Service Water Resources Division,discrete_grab,unknown,False,True,False,False,False,True,38.094,-119.619,Upper Tuolumne,,,False,3.9,3.9,3.9,2008-08-19,2012-08-14,4.0,3.9,False,14.1,2008-08-19,2012-08-14,3,1456.0,False,2008-08-19,2012-08-14,6,1456.0,False,,,,,False,https://www.waterqualitydata.us/provider/STORET/11NPSWRD_WQX/11NPSWRD_WQX-YOSE_Y005-OUT/
282,wqp:11NPSWRD_WQX-YOSE_Y007-OUT,Breeze Outlet,wqp,National Park Service Water Resources Division,discrete_grab,unknown,False,True,False,False,False,True,38.0106,-119.618,Upper Tuolumne,,,False,3.9,3.9,3.9,2008-08-20,2012-08-15,4.0,3.9,False,14.1,2008-08-20,2012-08-15,2,1456.0,False,2008-08-20,2012-08-15,4,1456.0,False,,,,,False,https://www.waterqualitydata.us/provider/STORET/11NPSWRD_WQX/11NPSWRD_WQX-YOSE_Y007-OUT/
283,wqp:CALWR_WQX-VNS5951,TD VNS 5951,wqp,California Department Of Water Resources,discrete_grab,unknown,False,True,False,False,False,True,37.710861,-121.342917,San Joaquin Delta,,,True,3.9,3.9,3.9,2012-08-21,2016-08-08,4.0,3.9,False,10.1,2012-08-21,2016-08-08,8,174.0,False,2012-08-21,2016-08-08,9,136.5,False,,,,,False,https://www.waterqualitydata.us/provider/STORET/CALWR_WQX/CALWR_WQX-VNS5951/
284,ceden:535STC217,Tuolumne River at Ceres River Bluff Park,ceden,CEDEN contributing programs,discrete_grab,natural,False,False,False,False,False,True,37.615642,-120.927007,Upper Tuolumne,Tuolumne River,,False,3.9,3.9,,,,,0.0,False,12.1,2010-08-30,2014-08-13,16,90.2,False,,,,,False,,,,,False,https://ceden.waterboards.ca.gov/AdvancedQueryTool
285,ceden:535STC218,Tuolumne River at Fox Grove,ceden,CEDEN contributing programs,discrete_grab,natural,False,False,False,False,False,True,37.619165,-120.842736,Upper Tuolumne,Tuolumne River,,False,3.9,3.9,,,,,0.0,False,12.1,2010-08-30,2014-08-13,22,65.6,False,,,,,False,,,,,False,https://ceden.waterboards.ca.gov/AdvancedQueryTool
286,ceden:537MAR204,Briceburg Beach near Bluff Creek Rd,ceden,CEDEN contributing programs,discrete_grab,natural,False,False,False,False,False,True,37.604058,-119.968965,Upper Merced,Merced River,,False,3.9,3.9,,,,,0.0,False,11.4,2011-05-15,2015-04-26,8,180.2,False,,,,,False,,,,,False,https://ceden.waterboards.ca.gov/AdvancedQueryTool
287,ceden:540BCA168,Big Creek ~1.9mi above Hwy 168,ceden,CEDEN contributing programs,discrete_grab,natural,False,False,False,False,False,True,37.233813,-119.135838,Upper San Joaquin,,,False,3.8,3.8,,,,,0.0,False,12.2,2010-08-09,2014-06-24,2,707.5,False,,,,,False,,,,,False,https://ceden.waterboards.ca.gov/AdvancedQueryTool
288,cdec:MMS,MERCED RIVER BELOW MCSWAIN DAM,cdec,CA Dept of Fish and Wildlife,continuous_sonde,natural,False,False,False,False,False,True,37.52239,-120.31111,Upper Merced,Merced River,,False,3.8,3.8,,,,,0.0,False,15.2,2007-09-10,2011-07-05,,,True,,,,,False,,,,,False,https://cdec.water.ca.gov/dynamicapp/staMeta?station_id=MMS
289,cdec:MNE,MERCED RIVER BELOW NEW EXCHEQUER DAM,cdec,CA Dept of Fish and Wildlife,continuous_sonde,natural,False,False,False,False,False,True,37.57927,-120.2831,Upper Merced,Merced River,,False,3.8,3.8,,,,,0.0,False,15.2,2007-09-10,2011-07-05,,,True,,,,,False,,,,,False,https://cdec.water.ca.gov/dynamicapp/staMeta?station_id=MNE
290,usgs:USGS-11265000,TENAYA C NR YOSEMITE VILLAGE CA,"cdec,usgs",U.S. Geological Survey,streamgage,natural,False,True,True,True,True,True,37.742148,-119.557941,Upper Merced,,,False,3.7,3.7,3.7,2022-12-29,2026-09-21,3.7,3.7,True,0.0,2022-12-29,2026-09-21,,,True,2022-12-29,2026-09-21,,,True,1912-05-01,1958-09-29,,,True,https://waterdata.usgs.gov/monitoring-location/11265000
291,dwr_wdl:B08735,Orestimba Creek below Highway 33,"dwr_wdl,wqp",California Department of Water Resources,continuous_sonde,natural,False,True,False,False,False,True,37.378,-121.056,Lower San Joaquin River,,,False,3.6,3.6,3.4,1998-04-06,2003-06-24,5.2,3.4,True,14.2,1998-04-06,2003-09-09,49,33.0,False,1998-04-06,2003-06-24,49,33.5,False,1972-10-01,2012-07-09,,,True,https://wdl.water.ca.gov/WaterDataLibrary/StationDetails.aspx?Station=B08735
292,ceden:537MAR210,Crane Creek near Tuolumne River Rd,ceden,CEDEN contributing programs,discrete_grab,natural,False,False,False,False,False,True,37.677961,-119.776747,Upper Merced,Merced River,,False,3.5,3.5,,,,,0.0,False,11.6,2011-05-15,2014-12-04,7,185.6,False,,,,,False,,,,,False,https://ceden.waterboards.ca.gov/AdvancedQueryTool
293,wqp:CALWR_WQX-VNS6927,VNS 6927,wqp,California Department Of Water Resources,discrete_grab,unknown,False,True,False,False,False,True,37.726444,-121.298556,San Joaquin Delta,,,True,3.5,3.5,3.5,2012-02-06,2015-08-11,3.5,3.5,False,11.1,2012-02-06,2015-08-11,10,100.0,False,2012-02-06,2015-08-11,10,100.0,False,,,,,False,https://www.waterqualitydata.us/provider/STORET/CALWR_WQX/CALWR_WQX-VNS6927/
294,wqp:CALWR_WQX-VNS2923,VNS 2923,wqp,California Department Of Water Resources,discrete_grab,unknown,False,True,False,False,False,True,37.667194,-121.290917,San Joaquin Delta,,,True,3.5,3.5,3.5,2012-02-06,2015-08-10,3.5,3.5,False,11.1,2012-02-06,2015-08-10,9,98.0,False,2012-02-06,2015-08-10,9,98.0,False,,,,,False,https://www.waterqualitydata.us/provider/STORET/CALWR_WQX/CALWR_WQX-VNS2923/
295,wqp:CALWR_WQX-VNS7026,VNS 7026,wqp,California Department Of Water Resources,discrete_grab,unknown,False,True,False,False,False,True,37.727167,-121.298917,San Joaquin Delta,,,True,3.5,3.5,3.5,2012-02-07,2015-08-11,3.5,3.5,False,11.1,2012-02-07,2015-08-11,23,91.5,False,2012-02-07,2015-08-11,23,91.5,False,,,,,False,https://www.waterqualitydata.us/provider/STORET/CALWR_WQX/CALWR_WQX-VNS7026/
296,esmr:732067,Merced WWTF R-001U2,esmr,Merced WWTF,receiving_water,receiving_water,False,True,False,False,False,True,37.244227,-120.524388,Middle San Joaquin-Lower Chowchilla,,,False,3.4,3.4,3.4,2011-04-04,2014-09-30,3.5,3.4,False,12.0,2011-04-04,2014-09-30,131,9.7,False,2011-04-04,2014-09-30,131,9.7,False,,,,,False,https://ciwqs.waterboards.ca.gov/ciwqs/readOnly/CiwqsReportServlet?inCommand=reset&reportName=esmrAnalyticalData
297,esmr:732068,Merced WWTF R-001D1,esmr,Merced WWTF,receiving_water,receiving_water,False,True,False,False,False,True,37.242413,-120.542764,Middle San Joaquin-Lower Chowchilla,,,False,3.4,3.4,3.4,2011-04-04,2014-09-30,3.5,3.4,False,12.0,2011-04-04,2014-09-30,178,7.2,False,2011-04-04,2014-09-30,178,7.2,False,,,,,False,https://ciwqs.waterboards.ca.gov/ciwqs/readOnly/CiwqsReportServlet?inCommand=reset&reportName=esmrAnalyticalData
298,esmr:732069,Merced WWTF R-001D2,esmr,Merced WWTF,receiving_water,receiving_water,False,True,False,False,False,True,37.239515,-120.546793,Middle San Joaquin-Lower Chowchilla,,,False,3.4,3.4,3.4,2011-04-04,2014-09-30,3.5,3.4,False,12.0,2011-04-04,2014-09-30,183,7.0,False,2011-04-04,2014-09-30,183,7.0,False,,,,,False,https://ciwqs.waterboards.ca.gov/ciwqs/readOnly/CiwqsReportServlet?inCommand=reset&reportName=esmrAnalyticalData
299,wqp:CALWR_WQX-VNS3848,VNS3848,wqp,California Department Of Water Resources,discrete_grab,unknown,False,True,False,False,False,True,37.679917,-121.339917,San Joaquin Delta,,,True,3.4,3.4,3.4,2013-02-11,2016-08-08,3.5,3.4,False,10.1,2013-02-11,2016-08-08,9,95.0,False,2013-02-11,2016-08-08,9,95.0,False,,,,,False,https://www.waterqualitydata.us/provider/STORET/CALWR_WQX/CALWR_WQX-VNS3848/
300,cdec:TCB,TUOLUMNE RIVER NEAR CARPENTER RD BRIDGE,"cdec,wqp",CA Dept of Fish and Wildlife,continuous_sonde,natural,False,False,False,False,False,True,37.6098,-121.0319,Upper Tuolumne,Tuolumne River,,False,3.4,3.4,,,,,0.0,False,15.6,2007-09-10,2011-02-08,,,True,,,,,False,,,,,False,https://cdec.water.ca.gov/dynamicapp/staMeta?station_id=TCB
301,dwr_wdl:B9541060,Paradise Cut Upstream South Bridge,dwr_wdl,California Department of Water Resources,continuous_sonde,natural,False,True,True,True,True,True,37.799913,-121.369086,San Joaquin Delta,,,True,3.3,3.3,3.3,2023-02-15,2026-06-18,3.3,3.3,False,0.3,2023-02-15,2026-06-18,,,True,2023-02-15,2026-06-18,,,True,,,,,False,https://wdl.water.ca.gov/WaterDataLibrary/StationDetails.aspx?Station=B9541060
302,dwr_wdl:B9541070,Paradise Cut Upstream North Bridge,dwr_wdl,California Department of Water Resources,continuous_sonde,natural,False,True,True,True,True,True,37.801114,-121.367492,San Joaquin Delta,,,True,3.3,3.3,3.3,2023-02-15,2026-06-18,3.3,3.3,False,0.3,2023-02-15,2026-06-18,,,True,2023-02-15,2026-06-18,,,True,,,,,False,https://wdl.water.ca.gov/WaterDataLibrary/StationDetails.aspx?Station=B9541070
303,wqp:CALWR_WQX-VNS3622,TD VNS3622,wqp,California Department Of Water Resources,discrete_grab,unknown,False,True,False,False,False,True,37.677667,-121.289833,San Joaquin Delta,,,True,3.2,3.2,3.2,2012-08-21,2015-11-16,3.2,3.2,False,10.8,2012-08-21,2015-11-16,6,175.0,False,2012-08-21,2015-11-16,6,175.0,False,,,,,False,https://www.waterqualitydata.us/provider/STORET/CALWR_WQX/CALWR_WQX-VNS3622/
304,usgs:USGS-11289660,TUOLUMNE R A LA GRANGE BRIDGE AT LA GRANGE CA,"usgs,wqp",U.S. Geological Survey,streamgage,natural,False,True,False,False,False,True,37.665765,-120.46214,Upper Tuolumne,Tuolumne River,,False,3.2,3.2,3.2,1998-08-01,2003-03-20,4.6,3.2,True,23.5,1998-08-01,2003-03-20,9,182.5,False,1998-08-01,2003-03-20,9,182.5,False,1991-03-15,1996-09-30,,,True,https://waterdata.usgs.gov/monitoring-location/11289660
305,wqp:CALWR_WQX-B9D80200020,Franks Tract,wqp,California Department Of Water Resources,discrete_grab,unknown,False,True,False,False,False,True,38.0333,-120.0333,Upper Tuolumne,,,False,3.1,0.0,3.1,2004-08-10,2004-09-09,0.1,0.0,False,19.0,2004-08-10,2004-09-09,3,15.0,False,2004-07-13,2007-09-18,15,14.0,False,,,,,False,https://www.waterqualitydata.us/provider/STORET/CALWR_WQX/CALWR_WQX-B9D80200020/
306,ceden:541XOCAER,Orestimba Creek at Eastin Road,ceden,CEDEN contributing programs,discrete_grab,natural,False,False,False,False,False,True,37.35831,-121.067421,Lower San Joaquin River,,,False,3.0,3.0,,,,,0.0,False,7.5,2016-03-08,2019-04-09,12,93.9,False,,,,,False,,,,,False,https://ceden.waterboards.ca.gov/AdvancedQueryTool
307,wqp:CEDEN-540DTC352,Daulton Creek ~0.3mi below Stump Springs Rd.,"ceden,wqp",California State Water Resources Control Board,discrete_grab,natural,False,False,False,False,False,True,37.322,-119.286,Upper San Joaquin,,,False,3.0,3.0,,,,,0.0,False,4.0,2019-08-27,2022-09-07,2,553.5,False,,,,,False,,,,,False,https://www.waterqualitydata.us/provider/STORET/CEDEN/CEDEN-540DTC352/
308,ceden:541STC531,Blewitt MWC Drain at Hwy 132,ceden,CEDEN contributing programs,discrete_grab,drain,True,False,False,True,False,True,37.6399,-121.2297,Lower San Joaquin River,San Joaquin River,8.2,False,20.2,20.2,,,,,0.0,False,1.6,2004-11-03,2025-02-05,187,34.0,False,,,,,False,,,,,False,https://ceden.waterboards.ca.gov/AdvancedQueryTool
309,wqp:CEDEN-541STC030,Grayson Road Drain at Grayson,"ceden,wqp",California State Water Resources Control Board,discrete_grab,drain,True,True,False,False,False,True,37.5619,-121.174,Lower San Joaquin River,San Joaquin River,28.1,False,9.9,9.9,1.8,2000-10-24,2002-08-28,1.8,1.8,False,15.9,2000-10-24,2010-10-21,61,59.8,False,2000-10-24,2002-08-28,8,35.0,False,,,,,False,https://www.waterqualitydata.us/provider/STORET/CEDEN/CEDEN-541STC030/
310,ceden:541XWWNCR,Westley Wasteway near Cox Road,ceden,CEDEN contributing programs,discrete_grab,conveyance,True,False,False,True,False,True,37.55822,-121.164,Lower San Joaquin River,San Joaquin River,29.5,False,20.5,20.5,,,,,0.0,False,1.7,2004-07-06,2025-01-14,211,35.5,False,,,,,False,,,,,False,https://ceden.waterboards.ca.gov/AdvancedQueryTool
311,wqp:CEDEN-535STC501,TID 5 Harding Drain @ Carpenter Road,"ceden,wqp",California State Water Resources Control Board,discrete_grab,drain,True,True,False,False,False,True,37.4644,-121.03,Lower San Joaquin River,San Joaquin River,54.0,False,15.8,15.8,2.5,2000-10-26,2003-05-22,2.6,2.5,False,10.1,2000-10-26,2016-08-17,104,55.5,False,2000-10-26,2003-05-22,22,28.0,False,,,,,False,https://www.waterqualitydata.us/provider/STORET/CEDEN/CEDEN-535STC501/
312,esmr:750006,"Turlock City, Turlock Regional Water Quality Control Facility EFF-001",esmr,"Turlock City, Turlock Regional Water Quality Control Facility",effluent,effluent,True,True,False,True,True,True,37.462778,-121.0325,Lower San Joaquin River,San Joaquin River,54.1,False,16.0,16.0,16.0,2010-06-01,2026-06-23,16.1,16.0,True,0.2,2010-06-01,2026-06-23,1710,2.5,True,2010-06-01,2026-06-24,705,41.2,False,2010-06-01,2026-06-24,,1.6,True,https://ciwqs.waterboards.ca.gov/ciwqs/readOnly/CiwqsReportServlet?inCommand=reset&reportName=esmrAnalyticalData
313,cdec:W92,SAN JOAQUIN R - MONITORING WELL #92,cdec,US Bureau of Reclamation,continuous_sonde,groundwater,True,True,True,False,False,True,37.1045,-120.5916,Middle San Joaquin-Lower Chowchilla,San Joaquin River,155.8,False,12.5,12.5,12.5,2010-05-03,2022-11-09,12.5,12.5,False,3.9,2010-05-03,2022-11-09,,,True,2010-05-03,2022-11-09,,,True,,,,,False,https://cdec.water.ca.gov/dynamicapp/staMeta?station_id=W92
314,cdec:W89,SAN JOAQUIN R - MONITORING WELL #89,cdec,US Bureau of Reclamation,continuous_sonde,groundwater,True,True,True,True,False,True,37.028,-120.5444,Fresno River,San Joaquin River,168.0,False,16.3,16.3,12.4,2010-05-12,2022-11-09,12.5,12.4,False,0.0,2010-05-12,2026-09-21,,,True,2010-05-12,2022-11-09,,,True,,,,,False,https://cdec.water.ca.gov/dynamicapp/staMeta?station_id=W89
315,cdec:130,SAN JOAQUIN R - MONITORING WELL #130,cdec,US Bureau of Reclamation,continuous_sonde,groundwater,True,True,True,True,True,True,37.023313,-120.539028,Middle San Joaquin-Lower Chowchilla,San Joaquin River,168.8,False,15.2,15.2,12.8,2011-06-17,2024-05-06,12.9,12.8,False,0.0,2011-06-17,2026-09-21,,,True,2011-06-17,2024-05-06,,,True,,,,,False,https://cdec.water.ca.gov/dynamicapp/staMeta?station_id=130
316,cdec:W75,SAN JOAQUIN R - MONITORING WELL #75,cdec,US Bureau of Reclamation,continuous_sonde,groundwater,True,True,True,False,False,True,36.9313,-120.4707,Middle San Joaquin-Lower Chowchilla,San Joaquin River,184.4,False,11.0,11.0,11.0,2010-05-03,2021-05-19,11.0,11.0,False,5.3,2010-05-03,2021-05-19,,,True,2010-05-03,2021-05-19,,,True,,,,,False,https://cdec.water.ca.gov/dynamicapp/staMeta?station_id=W75
317,cdec:R37,SAN JOAQUIN R - MONITORING WELL #R3-7,cdec,US Bureau of Reclamation,continuous_sonde,groundwater,True,True,True,True,False,True,36.8352,-120.4076,Middle San Joaquin-Lower Chowchilla,San Joaquin River,203.5,False,15.0,15.0,11.7,2009-12-03,2021-08-26,11.7,11.7,False,1.8,2009-12-03,2024-12-15,,,True,2009-12-03,2021-08-26,,,True,,,,,False,https://cdec.water.ca.gov/dynamicapp/staMeta?station_id=R37
318,cdec:DM3,CHECK 21,cdec,US Bureau of Reclamation,continuous_sonde,conveyance,True,True,True,True,True,True,36.780899,-120.372473,Middle San Joaquin-Lower Chowchilla,San Joaquin River,212.7,False,26.7,26.7,26.7,1999-02-26,2026-09-21,27.6,26.7,False,0.0,1999-02-26,2026-09-21,,,True,1994-07-01,2026-09-21,,,True,,,,,False,https://cdec.water.ca.gov/dynamicapp/staMeta?station_id=DM3
319,cdec:W54,SAN JOAQUIN R - MONITORING WELL #54,cdec,US Bureau of Reclamation,continuous_sonde,groundwater,True,True,True,False,False,True,36.7826,-120.3123,Middle San Joaquin-Lower Chowchilla,San Joaquin River,223.3,False,3.9,3.9,3.9,2010-02-01,2014-01-21,4.0,3.9,False,12.7,2010-02-01,2014-01-21,,,True,2010-02-01,2014-01-21,,,True,,,,,False,https://cdec.water.ca.gov/dynamicapp/staMeta?station_id=W54
320,cdec:49B,SJRRP MW-09-49B,cdec,US Bureau of Reclamation,continuous_sonde,groundwater,True,True,True,True,False,True,36.7712,-120.2702,Middle San Joaquin-Lower Chowchilla,San Joaquin River,232.6,False,10.3,10.3,6.6,2016-05-15,2023-01-12,6.7,6.6,False,0.0,2016-05-15,2026-09-21,,,True,2016-05-15,2023-01-12,,,True,,,,,False,https://cdec.water.ca.gov/dynamicapp/staMeta?station_id=49B
321,usgs:USGS-11247050,KERCKHOFF PH NO 2 A MILLERTON LK NR AUBERRY CA,"usgs,wqp",U.S. Geological Survey,streamgage,conveyance,True,True,False,True,False,True,37.072171,-119.557915,Upper San Joaquin,San Joaquin River,336.3,False,8.7,8.7,8.7,1998-10-14,2008-10-07,10.0,8.7,True,1.0,1998-10-14,2008-10-07,16,244.0,False,1998-10-14,2008-10-07,17,243.5,False,1983-10-01,2025-09-30,,,True,https://waterdata.usgs.gov/monitoring-location/11247050
322,cdec:C13,CAL AQUEDUCT CHECK 13 (KA007089),"cdec,wqp",CA Dept of Water Resources/Operations and Maintenance,continuous_sonde,conveyance,True,True,True,True,True,True,37.0742,-121.0151,Middle San Joaquin-Lower Chowchilla,,,False,26.7,26.7,26.7,1988-07-12,2026-09-21,38.2,26.7,False,0.0,1988-02-24,2026-09-21,64,28.0,True,1988-07-12,2026-09-21,63,28.0,True,,,,,False,https://cdec.water.ca.gov/dynamicapp/staMeta?station_id=C13
323,cdec:DM2,CHECK 20,cdec,US Bureau of Reclamation,continuous_sonde,conveyance,True,True,True,True,True,True,36.829918,-120.439097,Middle San Joaquin-Lower Chowchilla,,,False,26.7,26.7,26.7,1999-02-26,2026-09-21,27.6,26.7,False,0.0,1999-02-26,2026-09-21,,,True,1988-03-31,2026-09-21,,,True,,,,,False,https://cdec.water.ca.gov/dynamicapp/staMeta?station_id=DM2
324,cdec:ONI,CHECK 13 (O'NEILL INTAKE),cdec,US Bureau of Reclamation,continuous_sonde,conveyance,True,True,True,True,True,True,37.090717,-121.037378,Middle San Joaquin-Lower Chowchilla,,,False,26.7,26.7,26.7,1999-03-02,2026-09-21,27.6,26.7,False,0.0,1999-03-02,2026-09-21,,,True,1994-07-01,2026-09-21,,,True,,,,,False,https://cdec.water.ca.gov/dynamicapp/staMeta?station_id=ONI
325,cdec:PPP,PACHECO PUMPING PLANT (SLR00000),"cdec,wqp",CA Dept of Water Resources/Operations and Maintenance,continuous_sonde,conveyance,True,True,True,True,True,True,37.0619,-121.1806,Middle San Joaquin-Lower Chowchilla,,,False,26.7,26.7,26.7,1989-07-03,2026-09-21,37.2,26.7,False,0.0,1989-07-03,2026-09-21,24,28.5,True,1989-07-03,2026-09-21,24,32.0,True,,,,,False,https://cdec.water.ca.gov/dynamicapp/staMeta?station_id=PPP
326,ceden:541XMRDRR,Marshall Road Drain near River Road,ceden,CEDEN contributing programs,discrete_grab,drain,True,False,False,True,False,True,37.43631,-121.03615,Lower San Joaquin River,,,False,20.5,20.5,,,,,0.0,False,1.6,2004-07-06,2025-02-05,155,48.5,False,,,,,False,,,,,False,https://ceden.waterboards.ca.gov/AdvancedQueryTool
327,ceden:535XPFDCL,Prairie Flower Drain @ Crows Landing Rd,ceden,CEDEN contributing programs,discrete_grab,drain,True,False,False,True,False,True,37.44187,-121.00331,Lower San Joaquin River,,,False,20.5,20.5,,,,,0.0,False,1.0,2005-02-15,2025-09-10,210,35.8,False,,,,,False,,,,,False,https://ceden.waterboards.ca.gov/AdvancedQueryTool
328,ceden:541XNWHFR,Newman Wasteway near Hills Ferry Road,ceden,CEDEN contributing programs,discrete_grab,conveyance,True,False,False,True,False,True,37.32036,-120.983452,Middle San Joaquin-Lower Chowchilla,,,False,20.5,20.5,,,,,0.0,False,1.6,2004-07-13,2025-02-05,256,29.3,False,,,,,False,,,,,False,https://ceden.waterboards.ca.gov/AdvancedQueryTool
329,ceden:535XHDACA,Hilmar Drain @ Central Ave,ceden,CEDEN contributing programs,discrete_grab,drain,True,False,False,True,False,True,37.39058,-120.9582,Lower San Joaquin River,,,False,20.4,20.4,,,,,0.0,False,1.1,2005-02-15,2025-08-13,124,60.4,False,,,,,False,,,,,False,https://ceden.waterboards.ca.gov/AdvancedQueryTool
330,ceden:535XHCHNN,Highline Canal @ Hwy 99,ceden,CEDEN contributing programs,discrete_grab,conveyance,True,False,False,True,False,True,37.41254,-120.75941,Lower San Joaquin River,,,False,20.3,20.3,,,,,0.0,False,1.0,2005-05-10,2025-09-10,215,34.6,False,,,,,False,,,,,False,https://ceden.waterboards.ca.gov/AdvancedQueryTool
331,ceden:541XDMCDP,Delta Mendota Canal at DPWD,ceden,CEDEN contributing programs,discrete_grab,conveyance,True,False,False,True,False,True,37.435752,-121.13308,Lower San Joaquin River,,,False,18.7,18.7,,,,,0.0,False,2.4,2005-08-09,2024-05-14,185,37.0,False,,,,,False,,,,,False,https://ceden.waterboards.ca.gov/AdvancedQueryTool
332,ceden:535XLDARA,Livingston Drain @ Robin Ave,ceden,CEDEN contributing programs,discrete_grab,drain,True,False,False,True,False,True,37.31693,-120.74229,Middle San Joaquin-Lower Chowchilla,,,False,18.3,18.3,,,,,0.0,False,1.0,2007-05-15,2025-09-10,91,73.6,False,,,,,False,,,,,False,https://ceden.waterboards.ca.gov/AdvancedQueryTool
333,ceden:535XWDAVR,Westport Drain @ Vivian Rd,ceden,CEDEN contributing programs,discrete_grab,drain,True,False,False,True,False,True,37.53682,-121.04861,Lower San Joaquin River,,,False,18.3,18.3,,,,,0.0,False,1.0,2007-05-15,2025-09-10,80,83.7,False,,,,,False,,,,,False,https://ceden.waterboards.ca.gov/AdvancedQueryTool
334,ceden:535XHDATR,Hatch Drain @ Tuolumne Rd,ceden,CEDEN contributing programs,discrete_grab,drain,True,False,False,True,False,True,37.514984,-121.012291,Lower San Joaquin River,,,False,18.1,18.1,,,,,0.0,False,1.2,2007-05-15,2025-07-09,99,67.0,False,,,,,False,,,,,False,https://ceden.waterboards.ca.gov/AdvancedQueryTool
335,ceden:535LTHNKR,Lateral 2 1/2 near Keyes Rd,ceden,CEDEN contributing programs,discrete_grab,conveyance,True,False,False,True,False,True,37.54766,-121.08509,Lower San Joaquin River,,,False,16.8,16.8,,,,,0.0,False,1.0,2008-10-21,2025-09-10,109,56.6,False,,,,,False,,,,,False,https://ceden.waterboards.ca.gov/AdvancedQueryTool
336,dwr_wdl:01S06E29R001M,Upper Roberts Island Well 1A screen 23-28 ft bgs,dwr_wdl,California Department of Water Resources,groundwater_well,groundwater,True,False,False,False,False,True,37.811101,-121.325647,San Joaquin Delta,,,True,16.4,16.4,,,,,0.0,False,10.0,2000-04-07,2016-09-15,,,True,,,,,False,,,,,False,https://wdl.water.ca.gov/WaterDataLibrary/StationDetails.aspx?Station=01S06E29R001M
337,dwr_wdl:01S06E29R002M,Upper Roberts Island Well 1B screen 20-25 ft bgs,dwr_wdl,California Department of Water Resources,groundwater_well,groundwater,True,False,False,False,False,True,37.812609,-121.325661,San Joaquin Delta,,,True,16.4,16.4,,,,,0.0,False,10.0,2000-04-11,2016-09-15,,,True,,,,,False,,,,,False,https://wdl.water.ca.gov/WaterDataLibrary/StationDetails.aspx?Station=01S06E29R002M
338,ceden:535XHLAHO,Howard Lateral @ Hwy 140,ceden,CEDEN contributing programs,discrete_grab,conveyance,True,False,False,True,False,True,37.3079,-120.782,Middle San Joaquin-Lower Chowchilla,,,False,16.3,16.3,,,,,0.0,False,1.6,2008-10-21,2025-02-15,83,71.8,False,,,,,False,,,,,False,https://ceden.waterboards.ca.gov/AdvancedQueryTool
339,esmr:740797,Moccasin Creek Fish Hatchery EFF-001,esmr,Moccasin Creek Fish Hatchery,effluent,effluent,True,True,False,True,False,True,37.813611,-120.308333,Upper Tuolumne,,,False,16.1,2.8,16.1,2010-04-05,2013-01-28,2.8,2.8,True,0.3,2010-04-05,2013-01-28,139,7.4,False,2010-04-05,2026-06-01,199,29.6,False,2010-04-01,2026-06-01,130,1.0,True,https://ciwqs.waterboards.ca.gov/ciwqs/readOnly/CiwqsReportServlet?inCommand=reset&reportName=esmrAnalyticalData
340,esmr:746589,City of Manteca WW Quality Control Facility EFF-001,esmr,City of Manteca WW Quality Control Facility,effluent,effluent,True,True,False,True,True,True,37.779167,-121.3,San Joaquin Delta,,,True,15.9,15.9,15.9,2010-07-06,2026-06-10,15.9,15.9,True,0.2,2010-07-01,2026-06-30,106,18.2,True,2010-07-06,2026-06-10,419,13.9,False,2010-07-01,2026-06-30,,1.1,True,https://ciwqs.waterboards.ca.gov/ciwqs/readOnly/CiwqsReportServlet?inCommand=reset&reportName=esmrAnalyticalData
341,esmr:731151,San Joaquin Fish Hatchery and Salmon Conservation and Research Facility EFF-001,esmr,San Joaquin Fish Hatchery and Salmon Conservation and Research Facility,effluent,effluent,True,True,False,True,True,True,36.997222,-119.718889,Middle San Joaquin-Lower Chowchilla,,,False,15.9,15.9,15.9,2009-12-07,2025-12-03,16.0,15.9,True,0.6,2009-12-07,2025-12-03,107,28.7,False,2009-12-07,2025-12-03,201,29.6,False,2009-12-07,2025-12-24,844,7.4,False,https://ciwqs.waterboards.ca.gov/ciwqs/readOnly/CiwqsReportServlet?inCommand=reset&reportName=esmrAnalyticalData
342,esmr:732056,Mariposa WWTP EFF-001,esmr,Mariposa WWTP,effluent,effluent,True,True,False,True,True,True,37.480278,-119.960833,Middle San Joaquin-Lower Chowchilla,,,False,15.5,15.5,15.5,2010-12-06,2026-06-29,15.6,15.5,True,0.2,2010-12-06,2026-06-29,1219,6.0,False,2010-12-06,2026-06-30,928,6.1,False,2010-12-01,2026-06-30,2,1.0,True,https://ciwqs.waterboards.ca.gov/ciwqs/readOnly/CiwqsReportServlet?inCommand=reset&reportName=esmrAnalyticalData
343,esmr:731225,Merced River Fish Hatchery EFF-001,esmr,Merced River Fish Hatchery,effluent,effluent,True,True,False,True,False,True,37.515278,-120.372222,Upper Merced,Merced River,,False,15.4,4.1,15.4,2010-11-09,2014-12-16,4.1,4.1,True,0.3,2010-11-09,2014-12-16,22,59.1,False,2010-11-09,2026-04-22,71,61.8,False,2010-11-02,2026-05-18,569,8.1,False,https://ciwqs.waterboards.ca.gov/ciwqs/readOnly/CiwqsReportServlet?inCommand=reset&reportName=esmrAnalyticalData
344,dwr_wdl:01S06E16D002M,Upper Roberts Island Well 2A screen 12-17 ft bgs,dwr_wdl,California Department of Water Resources,groundwater_well,groundwater,True,False,False,False,False,True,37.851373,-121.323657,San Joaquin Delta,,,True,15.1,15.1,,,,,0.0,False,11.3,2000-04-07,2015-06-03,,,True,,,,,False,,,,,False,https://wdl.water.ca.gov/WaterDataLibrary/StationDetails.aspx?Station=01S06E16D002M
345,wqp:CEDEN-535XMDDLP,Mootz Drain downstream of Langworth Pond,"ceden,wqp",California State Water Resources Control Board,discrete_grab,drain,True,True,False,True,False,True,37.7054,-120.896,Upper Stanislaus,,,False,14.7,14.7,11.6,2009-12-15,2021-08-10,11.7,11.6,False,2.0,2009-12-15,2024-09-10,53,101.6,False,2009-12-15,2021-08-10,215,35.0,False,,,,,False,https://www.waterqualitydata.us/provider/STORET/CEDEN/CEDEN-535XMDDLP/
346,wqp:CALWR_WQX-01S06E23C003M,01S06E23C003M,wqp,California Department Of Water Resources,discrete_grab,groundwater,True,True,False,False,False,True,37.841,-121.2863,San Joaquin Delta,,,True,14.6,12.7,14.6,1998-08-12,2012-09-19,14.1,12.7,False,12.1,1998-08-12,2012-09-19,7,729.0,False,1998-08-12,2014-08-12,8,729.0,False,,,,,False,https://www.waterqualitydata.us/provider/STORET/CALWR_WQX/CALWR_WQX-01S06E23C003M/
347,wqp:CALWR_WQX-02S08E20J002M,02S08E20J002M,wqp,California Department Of Water Resources,discrete_grab,groundwater,True,True,False,False,False,True,37.7447,-121.1061,Upper Stanislaus,Stanislaus River,,False,14.6,12.7,14.6,1998-08-12,2012-09-19,14.1,12.7,False,12.1,1998-08-12,2012-09-19,8,729.0,False,1998-08-12,2014-08-12,9,727.0,False,,,,,False,https://www.waterqualitydata.us/provider/STORET/CALWR_WQX/CALWR_WQX-02S08E20J002M/
348,cdec:ONG,O'NEILL FOREBAY @ GIANELLI PUMPING PLANT,cdec,CA Dept of Water Resources/Div of Integrated Science and Eng,continuous_sonde,conveyance,True,True,True,True,True,True,37.0666,-121.0719,Middle San Joaquin-Lower Chowchilla,,,False,14.5,14.5,14.5,2012-02-29,2026-09-21,14.6,14.5,False,0.0,2012-02-29,2026-09-21,,,True,2012-02-29,2026-09-21,,,True,,,,,False,https://cdec.water.ca.gov/dynamicapp/staMeta?station_id=ONG
349,wqp:CALWR_WQX-05N06E20J003M,05N06E20J003M,wqp,California Department Of Water Resources,discrete_grab,groundwater,True,True,False,False,False,True,38.2625,-120.3329,Upper Stanislaus,,,False,14.0,12.0,14.0,2000-07-31,2012-08-27,12.1,12.0,False,12.1,2000-07-31,2012-08-27,6,738.0,False,2000-07-31,2014-08-20,7,738.0,False,,,,,False,https://www.waterqualitydata.us/provider/STORET/CALWR_WQX/CALWR_WQX-05N06E20J003M/
350,wqp:CALWR_WQX-02S09E15P001M,02S09E15P001M,wqp,California Department Of Water Resources,discrete_grab,groundwater,True,True,False,False,False,True,37.7555,-120.9685,Upper Stanislaus,,,False,13.7,13.7,13.7,1999-08-24,2013-10-15,14.1,13.7,False,12.9,1999-08-24,2013-10-15,7,732.2,False,1999-08-24,2013-10-15,7,735.0,False,,,,,False,https://www.waterqualitydata.us/provider/STORET/CALWR_WQX/CALWR_WQX-02S09E15P001M/
351,wqp:CEDEN-541MER535,San Luis Drain @ Terminus,"ceden,wqp",California State Water Resources Control Board,discrete_grab,drain,True,True,False,False,False,True,37.2594,-120.904,Middle San Joaquin-Lower Chowchilla,,,False,13.7,13.7,2.2,2000-10-05,2002-12-30,2.2,2.2,False,13.0,2000-01-06,2013-09-25,727,6.9,False,2000-10-05,2002-12-30,1391,1.0,False,,,,,False,https://www.waterqualitydata.us/provider/STORET/CEDEN/CEDEN-541MER535/
352,ceden:535XLDACR,Levee Drain @ Carpenter Rd,ceden,CEDEN contributing programs,discrete_grab,drain,True,False,False,True,False,True,37.48062,-121.03106,Lower San Joaquin River,,,False,13.6,13.6,,,,,0.0,False,1.0,2012-01-10,2025-09-10,82,60.9,False,,,,,False,,,,,False,https://ceden.waterboards.ca.gov/AdvancedQueryTool
353,esmr:790102,Moccasin Creek Fish Hatchery INF-001,esmr,Moccasin Creek Fish Hatchery,influent,effluent,True,False,False,True,False,True,37.811658,-120.30697,Upper Tuolumne,,,False,13.3,,13.3,,,,0.0,False,0.3,,,,,False,2013-02-04,2026-06-01,195,25.0,False,,,,,False,https://ciwqs.waterboards.ca.gov/ciwqs/readOnly/CiwqsReportServlet?inCommand=reset&reportName=esmrAnalyticalData
354,ceden:535XMLAHO,McCoy Lateral @ Hwy 140,ceden,CEDEN contributing programs,discrete_grab,conveyance,True,False,False,False,False,True,37.30968,-120.78771,Middle San Joaquin-Lower Chowchilla,,,False,12.5,12.5,,,,,0.0,False,3.1,2011-01-18,2023-08-09,51,89.9,False,,,,,False,,,,,False,https://ceden.waterboards.ca.gov/AdvancedQueryTool
355,ceden:541SLDGCR,San Luis Drain - Gun Club Road,ceden,CEDEN contributing programs,discrete_grab,drain,True,False,False,True,False,True,37.23159,-120.87599,Middle San Joaquin-Lower Chowchilla,,,False,12.1,12.1,,,,,0.0,False,0.7,2013-10-21,2025-12-31,571,7.8,False,,,,,False,,,,,False,https://ceden.waterboards.ca.gov/AdvancedQueryTool
356,esmr:806848,El Portal WWTF EFF-001,esmr,El Portal WWTF,effluent,effluent,True,True,False,True,True,True,37.67,-119.81,Upper Merced,Merced River,,False,11.9,11.9,11.8,2014-08-07,2026-06-25,11.9,11.8,True,0.2,2014-08-01,2026-06-30,,1.0,True,2014-08-07,2026-06-25,618,7.0,False,2014-08-01,2026-06-30,,1.0,True,https://ciwqs.waterboards.ca.gov/ciwqs/readOnly/CiwqsReportServlet?inCommand=reset&reportName=esmrAnalyticalData
357,ceden:535LFHASB,Lateral 5 1/2 @ South Blaker Rd,ceden,CEDEN contributing programs,discrete_grab,conveyance,True,False,False,True,False,True,37.45827,-120.9673,Lower San Joaquin River,,,False,11.9,11.9,,,,,0.0,False,1.0,2013-10-15,2025-09-10,135,32.2,False,,,,,False,,,,,False,https://ceden.waterboards.ca.gov/AdvancedQueryTool
358,ceden:535LSSACA,Lateral 6 and 7 @ Central Ave,ceden,CEDEN contributing programs,discrete_grab,conveyance,True,False,False,True,False,True,37.39779,-120.9596,Lower San Joaquin River,,,False,11.9,11.9,,,,,0.0,False,1.0,2013-10-15,2025-09-10,105,41.4,False,,,,,False,,,,,False,https://ceden.waterboards.ca.gov/AdvancedQueryTool
359,esmr:782604,J.F. Enterprises Worm Farm INF-001,esmr,J.F. Enterprises Worm Farm,influent,effluent,True,False,False,True,False,True,37.788583,-120.782094,Upper Stanislaus,Stanislaus River,,False,11.8,,11.8,,,,0.0,False,2.2,,,,,False,2012-09-11,2024-07-16,44,98.3,False,,,,,False,https://ciwqs.waterboards.ca.gov/ciwqs/readOnly/CiwqsReportServlet?inCommand=reset&reportName=esmrAnalyticalData
360,ceden:535CCAWBR,Canal Creek @ West Bellevue Rd,ceden,CEDEN contributing programs,discrete_grab,conveyance,True,False,False,True,False,True,37.3609,-120.5494,Middle San Joaquin-Lower Chowchilla,,,False,11.8,11.8,,,,,0.0,False,1.0,2013-11-12,2025-09-10,94,46.0,False,,,,,False,,,,,False,https://ceden.waterboards.ca.gov/AdvancedQueryTool
361,wqp:CEDEN-544UPRRID,Upper Roberts Island Drain,"ceden,wqp",California State Water Resources Control Board,discrete_grab,drain,True,True,False,True,False,True,37.8189,-121.358,San Joaquin Delta,,,True,10.7,10.7,6.4,2014-12-19,2021-05-19,6.4,6.4,False,1.0,2014-12-19,2025-09-24,98,40.1,False,2014-12-19,2021-05-19,192,35.0,False,,,,,False,https://www.waterqualitydata.us/provider/STORET/CEDEN/CEDEN-544UPRRID/
362,wqp:CEDEN-544SJC001,New Jerusalem Tile Drain,"ceden,wqp",California State Water Resources Control Board,discrete_grab,drain,True,True,False,False,False,True,37.7089,-121.299,San Joaquin Delta,,,True,10.7,10.7,5.0,2000-10-24,2005-11-29,5.1,5.0,False,15.2,2000-10-24,2011-07-25,55,71.4,False,2000-10-24,2005-11-29,39,35.0,False,,,,,False,https://www.waterqualitydata.us/provider/STORET/CEDEN/CEDEN-544SJC001/
363,cdec:NMT,NEW MELONES POWERHOUSE TAILRACE,cdec,CA Dept of Fish and Wildlife,continuous_sonde,conveyance,True,False,False,False,False,True,37.946,-120.532,Upper Stanislaus,Stanislaus River,,False,10.6,10.6,,,,,0.0,False,14.9,2001-03-09,2011-11-04,,,True,,,,,False,,,,,False,https://cdec.water.ca.gov/dynamicapp/staMeta?station_id=NMT
364,cdec:SSC,STANISLAUS POWERHOUSE IN STAN. CANAL,cdec,CA Dept of Fish and Wildlife,continuous_sonde,conveyance,True,False,False,False,False,True,38.147,-120.349,Upper Stanislaus,,,False,10.6,10.6,,,,,0.0,False,14.9,2001-03-09,2011-10-23,,,True,,,,,False,,,,,False,https://cdec.water.ca.gov/dynamicapp/staMeta?station_id=SSC
365,ceden:535XHCALR,Highline Canal @ Lombardy Rd,ceden,CEDEN contributing programs,discrete_grab,conveyance,True,False,False,False,False,True,37.45547,-120.72181,Lower San Joaquin River,,,False,10.5,10.5,,,,,0.0,False,11.0,2005-02-15,2015-09-08,107,36.0,False,,,,,False,,,,,False,https://ceden.waterboards.ca.gov/AdvancedQueryTool
366,esmr:741781,General Electric GWCS EFF-001,esmr,General Electric GWCS,effluent,effluent,True,True,False,True,True,True,37.291336,-120.424553,Middle San Joaquin-Lower Chowchilla,,,False,10.2,10.2,10.2,2016-01-26,2026-05-12,10.3,10.2,True,0.2,2016-01-26,2026-05-12,41,94.0,False,2016-01-26,2026-05-12,46,81.7,False,2016-01-01,2026-06-30,,1.1,True,https://ciwqs.waterboards.ca.gov/ciwqs/readOnly/CiwqsReportServlet?inCommand=reset&reportName=esmrAnalyticalData
367,esmr:738959,Deuel Vocational Institution EFF-001,esmr,Deuel Vocational Institution,effluent,effluent,True,True,False,False,False,True,37.750556,-121.326389,San Joaquin Delta,,,True,10.2,10.1,10.2,2012-02-07,2022-04-14,10.2,10.1,True,4.4,2012-02-01,2022-04-14,1172,3.2,False,2012-02-07,2022-04-30,237,15.8,False,2012-02-01,2022-04-14,,1.1,True,https://ciwqs.waterboards.ca.gov/ciwqs/readOnly/CiwqsReportServlet?inCommand=reset&reportName=esmrAnalyticalData
368,esmr:770500,Bear Valley WWTF EFF-001,esmr,Bear Valley WWTF,effluent,effluent,True,True,False,True,True,True,38.456944,-120.036944,Upper Stanislaus,,,False,9.9,9.9,9.9,2016-05-24,2026-05-13,10.0,9.9,True,0.4,2016-05-24,2026-05-13,92,39.6,False,2016-05-24,2026-05-13,93,39.2,False,2016-05-24,2026-05-16,423,8.0,False,https://ciwqs.waterboards.ca.gov/ciwqs/readOnly/CiwqsReportServlet?inCommand=reset&reportName=esmrAnalyticalData
369,esmr:740805,Moccasin Creek Fish Hatchery EFF-002,esmr,Moccasin Creek Fish Hatchery,effluent,effluent,True,True,False,False,False,True,37.813333,-120.3075,Upper Tuolumne,,,False,9.8,1.9,9.8,2010-09-23,2012-09-05,2.0,1.9,True,6.2,2010-09-23,2012-09-05,6,118.8,False,2010-09-23,2020-07-22,40,109.4,False,2010-09-23,2019-11-05,57,65.3,False,https://ciwqs.waterboards.ca.gov/ciwqs/readOnly/CiwqsReportServlet?inCommand=reset&reportName=esmrAnalyticalData
370,ceden:535XUDAHR,Unnamed Drain @ Hogin Rd,ceden,CEDEN contributing programs,discrete_grab,drain,True,False,False,False,False,True,37.4312,-120.99475,Lower San Joaquin River,,,False,9.7,9.7,,,,,0.0,False,3.2,2013-10-15,2023-07-12,55,64.7,False,,,,,False,,,,,False,https://ceden.waterboards.ca.gov/AdvancedQueryTool
371,ceden:535XUDAHO,Unnamed Drain @ Hwy 140,ceden,CEDEN contributing programs,discrete_grab,drain,True,False,False,False,False,True,37.313306,-120.892176,Middle San Joaquin-Lower Chowchilla,,,False,9.5,9.5,,,,,0.0,False,4.2,2013-01-08,2022-07-13,20,173.6,False,,,,,False,,,,,False,https://ceden.waterboards.ca.gov/AdvancedQueryTool
372,esmr:782605,J.F. Enterprises Worm Farm EFF-001,esmr,J.F. Enterprises Worm Farm,effluent,effluent,True,False,False,True,False,True,37.786664,-120.784408,Upper Stanislaus,Stanislaus River,,False,9.3,,9.3,,,,0.0,True,2.0,,,,,False,2015-03-17,2024-07-16,33,103.3,False,2012-07-31,2024-09-30,133,33.4,False,https://ciwqs.waterboards.ca.gov/ciwqs/readOnly/CiwqsReportServlet?inCommand=reset&reportName=esmrAnalyticalData
373,wqp:CEDEN-535STC211,MID Main Drain Inlet @ Shoemake Rd,"ceden,wqp",California State Water Resources Control Board,discrete_grab,drain,True,False,False,False,False,True,37.6664,-121.177,Upper Stanislaus,,,False,8.8,8.8,,,,,0.0,False,14.7,2003-02-19,2012-01-04,25,129.6,False,,,,,False,,,,,False,https://www.waterqualitydata.us/provider/STORET/CEDEN/CEDEN-535STC211/
374,cdec:TDP,TULLOCK POWERHOUSE TAILRACE,cdec,CA Dept of Fish and Wildlife,continuous_sonde,conveyance,True,False,False,False,False,True,37.876,-120.605,Upper Stanislaus,Stanislaus River,,False,8.8,8.8,,,,,0.0,False,16.7,2001-03-09,2010-01-20,,,True,,,,,False,,,,,False,https://cdec.water.ca.gov/dynamicapp/staMeta?station_id=TDP
375,wqp:CALWR_WQX-02S07E07Q001M,02S07E07Q001M,wqp,California Department Of Water Resources,discrete_grab,groundwater,True,True,False,False,False,True,37.7699,-121.2386,San Joaquin Delta,,,True,8.8,8.8,8.8,1998-08-12,2008-10-27,10.2,8.8,False,17.9,1998-08-12,2008-10-27,6,729.0,False,1998-08-12,2008-10-27,6,729.0,False,,,,,False,https://www.waterqualitydata.us/provider/STORET/CALWR_WQX/CALWR_WQX-02S07E07Q001M/
376,ceden:541MER502,Charleston Drain @ CCID Main,ceden,CEDEN contributing programs,discrete_grab,drain,True,False,False,False,False,True,36.94972,-120.78194,Middle San Joaquin-Lower Chowchilla,,,False,8.8,8.8,,,,,0.0,False,13.0,2003-03-27,2012-01-19,2,1610.0,False,,,,,False,,,,,False,https://ceden.waterboards.ca.gov/AdvancedQueryTool
377,esmr:822984,North Valley Regional Recycled Water Program - Modesto WWTP & Turlock RWQCF DMC-002,esmr,North Valley Regional Recycled Water Program - Modesto WWTP & Turlock RWQCF,internal,effluent,True,True,False,True,True,True,37.482453,-121.188281,Lower San Joaquin River,,,False,8.5,8.5,8.5,2017-12-11,2026-06-24,8.5,8.5,False,0.2,2017-12-11,2026-06-24,457,6.8,False,2017-12-11,2026-06-24,456,6.8,False,,,,,False,https://ciwqs.waterboards.ca.gov/ciwqs/readOnly/CiwqsReportServlet?inCommand=reset&reportName=esmrAnalyticalData
378,esmr:822986,North Valley Regional Recycled Water Program - Modesto WWTP & Turlock RWQCF DMC-001,esmr,North Valley Regional Recycled Water Program - Modesto WWTP & Turlock RWQCF,internal,effluent,True,True,False,True,True,True,37.5,-121.195833,Lower San Joaquin River,,,False,8.5,8.5,8.5,2017-12-11,2026-06-24,8.5,8.5,False,0.2,2017-12-11,2026-06-24,458,6.8,False,2017-12-11,2026-06-24,457,6.8,False,,,,,False,https://ciwqs.waterboards.ca.gov/ciwqs/readOnly/CiwqsReportServlet?inCommand=reset&reportName=esmrAnalyticalData
379,esmr:838695,Former JR Simplot (Winton Facility) EFF-001,esmr,Former JR Simplot (Winton Facility),effluent,effluent,True,True,False,True,True,True,37.378056,-120.615,Middle San Joaquin-Lower Chowchilla,,,False,8.4,8.4,8.4,2017-12-20,2026-06-11,8.5,8.4,True,0.2,2017-12-20,2026-06-11,96,66.8,False,2017-12-20,2026-06-11,96,51.1,False,2017-12-05,2026-06-30,,1.0,True,https://ciwqs.waterboards.ca.gov/ciwqs/readOnly/CiwqsReportServlet?inCommand=reset&reportName=esmrAnalyticalData
380,cdec:EW3,EASTSIDE WELL MW-3,cdec,Eastside Water District,continuous_sonde,groundwater,True,True,True,True,True,True,37.4775,-120.70306,Lower San Joaquin River,,,False,7.9,7.9,7.9,2018-10-25,2026-09-21,7.9,7.9,False,0.0,2018-10-25,2026-09-21,,,True,2018-10-25,2026-09-21,,,True,,,,,False,https://cdec.water.ca.gov/dynamicapp/staMeta?station_id=EW3
381,cdec:ST3,STEVINSON WELL MW-OA-3,cdec,Stevinson Water District,continuous_sonde,groundwater,True,True,True,True,True,True,37.33028,-120.81444,Middle San Joaquin-Lower Chowchilla,,,False,7.9,7.9,7.9,2018-10-25,2026-09-21,7.9,7.9,False,0.0,2018-10-25,2026-09-21,,,True,2018-10-25,2026-09-21,,,True,,,,,False,https://cdec.water.ca.gov/dynamicapp/staMeta?station_id=ST3
382,wqp:CEDEN-535STC208,TID Lower Lateral 2 @ Grayson,"ceden,wqp",California State Water Resources Control Board,discrete_grab,conveyance,True,False,False,False,False,True,37.5658,-121.14,Lower San Joaquin River,,,False,7.7,7.7,,,,,0.0,False,15.9,2003-01-22,2010-10-21,27,74.2,False,,,,,False,,,,,False,https://www.waterqualitydata.us/provider/STORET/CEDEN/CEDEN-535STC208/
383,wqp:CALWR_WQX-02S09E19B002M,02S09E19B002M,wqp,California Department Of Water Resources,discrete_grab,groundwater,True,True,False,False,False,True,37.7549,-121.0219,Upper Stanislaus,Stanislaus River,,False,7.6,7.6,7.6,1999-08-13,2007-09-13,8.1,7.6,False,19.0,1999-08-13,2007-09-13,5,713.0,False,1999-08-13,2007-09-13,5,713.0,False,,,,,False,https://www.waterqualitydata.us/provider/STORET/CALWR_WQX/CALWR_WQX-02S09E19B002M/
384,ceden:541STC522,CCID Main Canal @ JT Crow Rd.,ceden,CEDEN contributing programs,discrete_grab,conveyance,True,False,False,False,False,True,37.36778,-121.05088,Lower San Joaquin River,,,False,7.1,7.1,,,,,0.0,False,14.7,2004-11-03,2012-01-06,27,97.0,False,,,,,False,,,,,False,https://ceden.waterboards.ca.gov/AdvancedQueryTool
385,ceden:541SFC152,Santa Fe Canal at Hwy 152 (Site M3) ,ceden,CEDEN contributing programs,discrete_grab,conveyance,True,False,False,True,False,True,37.05445,-120.785681,Middle San Joaquin-Lower Chowchilla,,,False,6.9,6.9,,,,,0.0,False,2.4,2017-06-13,2024-05-14,76,33.2,False,,,,,False,,,,,False,https://ceden.waterboards.ca.gov/AdvancedQueryTool
386,ceden:541SLC152,San Luis Canal at Hwy 152 (Site L3) ,ceden,CEDEN contributing programs,discrete_grab,conveyance,True,False,False,True,False,True,37.056484,-120.803989,Middle San Joaquin-Lower Chowchilla,,,False,6.9,6.9,,,,,0.0,False,2.4,2017-06-13,2024-05-14,76,33.2,False,,,,,False,,,,,False,https://ceden.waterboards.ca.gov/AdvancedQueryTool
387,wqp:11NPSWRD_WQX-YOSE_Y001-OUT,Spillway Outlet,wqp,National Park Service Water Resources Division,discrete_grab,conveyance,True,True,False,False,False,True,37.8409,-119.233,Upper Tuolumne,,,False,5.8,5.8,5.8,2008-09-16,2014-08-07,5.9,5.8,False,11.1,2008-09-16,2014-08-07,8,355.0,False,2008-09-16,2014-08-07,16,355.0,False,,,,,False,https://www.waterqualitydata.us/provider/STORET/11NPSWRD_WQX/11NPSWRD_WQX-YOSE_Y001-OUT/
388,ceden:541STC530,West Stanislaus Main Canal @ Hamilton,ceden,CEDEN contributing programs,discrete_grab,conveyance,True,False,False,False,False,True,37.56554,-121.22775,Lower San Joaquin River,,,False,5.8,5.8,,,,,0.0,False,15.9,2004-12-08,2010-10-21,2,1071.5,False,,,,,False,,,,,False,https://ceden.waterboards.ca.gov/AdvancedQueryTool
389,usgs:USGS-11262895,SAN LUIS DR SITE B NR STEVINSON CA,usgs,U.S. Geological Survey,streamgage,drain,True,True,True,False,False,True,37.240774,-120.877978,Middle San Joaquin-Lower Chowchilla,,,False,5.7,5.7,5.7,1998-10-01,2005-09-29,7.0,5.7,True,21.0,1998-10-01,2005-09-29,,,True,1998-10-01,2005-09-29,,,True,1998-10-01,2005-09-29,,,True,https://waterdata.usgs.gov/monitoring-location/11262895
390,wqp:CALWR_WQX-03S06E17K001M,03S06E17K001M,wqp,California Department Of Water Resources,discrete_grab,groundwater,True,True,False,False,False,True,37.6701,-121.3375,San Joaquin Delta,,,True,5.6,5.6,5.6,1999-08-12,2005-08-09,6.0,5.6,False,21.1,1999-08-12,2005-08-09,3,1094.5,False,1999-08-12,2005-08-09,4,728.0,False,,,,,False,https://www.waterqualitydata.us/provider/STORET/CALWR_WQX/CALWR_WQX-03S06E17K001M/
391,cdec:W90,SAN JOAQUIN R - MONITORING WELL #90,cdec,US Bureau of Reclamation,continuous_sonde,groundwater,True,True,True,False,False,True,37.1284,-120.5848,Middle San Joaquin-Lower Chowchilla,,,False,5.0,5.0,5.0,2012-02-01,2017-02-22,5.1,5.0,False,9.6,2012-02-01,2017-02-22,,,True,2012-02-01,2017-02-22,,,True,,,,,False,https://cdec.water.ca.gov/dynamicapp/staMeta?station_id=W90
392,cdec:142,SAN JOAQUIN R - MONITORING WELL #142,cdec,US Bureau of Reclamation,continuous_sonde,groundwater,True,True,True,False,False,True,37.1861,-120.6829,Middle San Joaquin-Lower Chowchilla,,,False,4.7,4.7,4.7,2011-06-17,2016-03-06,4.7,4.7,False,10.5,2011-06-17,2016-03-06,,,True,2011-06-17,2016-03-06,,,True,,,,,False,https://cdec.water.ca.gov/dynamicapp/staMeta?station_id=142
393,wqp:CEDEN-535MIDL6S,Lateral 6 Spill,"ceden,wqp",California State Water Resources Control Board,discrete_grab,conveyance,True,False,False,False,False,True,37.7047,-121.157,Upper Stanislaus,Stanislaus River,,False,4.5,4.5,,,,,0.0,False,17.7,2004-07-06,2009-01-25,21,79.2,False,,,,,False,,,,,False,https://www.waterqualitydata.us/provider/STORET/CEDEN/CEDEN-535MIDL6S/
394,wqp:CEDEN-535MIDMDS,Main Drain Spill,"ceden,wqp",California State Water Resources Control Board,discrete_grab,drain,True,False,False,False,False,True,37.6667,-121.206,Upper Stanislaus,,,False,4.5,4.5,,,,,0.0,False,17.7,2004-07-06,2009-01-25,21,79.2,False,,,,,False,,,,,False,https://www.waterqualitydata.us/provider/STORET/CEDEN/CEDEN-535MIDMDS/
395,wqp:CEDEN-535MIDWFS,Waterford L.M. Spill,"ceden,wqp",California State Water Resources Control Board,discrete_grab,conveyance,True,False,False,False,False,True,37.6305,-120.776,Upper Tuolumne,Tuolumne River,,False,4.5,4.5,,,,,0.0,False,17.7,2004-07-06,2009-01-25,21,79.2,False,,,,,False,,,,,False,https://www.waterqualitydata.us/provider/STORET/CEDEN/CEDEN-535MIDWFS/
396,wqp:CEDEN-535MIDL5S,Lateral 5 Spill,"ceden,wqp",California State Water Resources Control Board,discrete_grab,conveyance,True,False,False,False,False,True,37.6147,-121.146,Upper Tuolumne,,,False,4.5,4.5,,,,,0.0,False,17.7,2004-07-06,2009-01-23,18,92.3,False,,,,,False,,,,,False,https://www.waterqualitydata.us/provider/STORET/CEDEN/CEDEN-535MIDL5S/
397,wqp:CEDEN-535OAKLWP,Langworth Pipeline,"ceden,wqp",California State Water Resources Control Board,discrete_grab,conveyance,True,False,False,False,False,True,37.7425,-120.918,Upper Stanislaus,Stanislaus River,,False,4.2,4.2,,,,,0.0,False,18.0,2004-06-23,2008-10-06,16,97.9,False,,,,,False,,,,,False,https://www.waterqualitydata.us/provider/STORET/CEDEN/CEDEN-535OAKLWP/
398,wqp:CEDEN-535MIDJBD,Jacobson Drain,"ceden,wqp",California State Water Resources Control Board,discrete_grab,drain,True,False,False,False,False,True,37.6166,-121.159,Upper Tuolumne,Tuolumne River,,False,4.2,4.2,,,,,0.0,False,18.0,2004-07-06,2008-10-06,17,91.4,False,,,,,False,,,,,False,https://www.waterqualitydata.us/provider/STORET/CEDEN/CEDEN-535MIDJBD/
399,wqp:CEDEN-535MIDL1S,Lateral 1 Spill,"ceden,wqp",California State Water Resources Control Board,discrete_grab,conveyance,True,False,False,False,False,True,37.6308,-120.957,Upper Tuolumne,,,False,4.2,4.2,,,,,0.0,False,18.0,2004-07-06,2008-10-06,19,81.7,False,,,,,False,,,,,False,https://www.waterqualitydata.us/provider/STORET/CEDEN/CEDEN-535MIDL1S/
400,ceden:545MRDLSD,Livingston Drain,ceden,CEDEN contributing programs,discrete_grab,drain,True,False,False,False,False,True,37.313261,-120.760081,Middle San Joaquin-Lower Chowchilla,,,False,4.1,4.1,,,,,0.0,False,18.0,2004-07-12,2008-09-16,11,138.8,False,,,,,False,,,,,False,https://ceden.waterboards.ca.gov/AdvancedQueryTool
401,wqp:CEDEN-545MRDNSC,North Side Canal @ Spill to Merced R,"ceden,wqp",California State Water Resources Control Board,discrete_grab,conveyance,True,False,False,False,False,True,37.4727,-120.593,Upper Merced,Merced River,,False,4.1,4.1,,,,,0.0,False,18.0,2004-07-12,2008-09-16,17,89.8,False,,,,,False,,,,,False,https://www.waterqualitydata.us/provider/STORET/CEDEN/CEDEN-545MRDNSC/
402,ceden:545MRDFLH,Fancher Lateral @ Head,ceden,CEDEN contributing programs,discrete_grab,conveyance,True,False,False,False,False,True,37.242022,-120.268278,Middle San Joaquin-Lower Chowchilla,,,False,4.1,4.1,,,,,0.0,False,18.0,2004-07-15,2008-09-16,12,127.0,False,,,,,False,,,,,False,https://ceden.waterboards.ca.gov/AdvancedQueryTool
403,wqp:CEDEN-545MRDECC,El Nido Canal Spill to Chowchilla Slough,"ceden,wqp",California State Water Resources Control Board,discrete_grab,conveyance,True,False,False,False,False,True,37.06,-120.28,Fresno River,,,False,4.1,4.1,,,,,0.0,False,18.0,2004-07-15,2008-09-16,12,127.0,False,,,,,False,,,,,False,https://www.waterqualitydata.us/provider/STORET/CEDEN/CEDEN-545MRDECC/
404,wqp:CALWR_WQX-ON003050,Gianelli WQ Station near Pumping Plant,wqp,California Department Of Water Resources,discrete_grab,conveyance,True,True,False,False,False,True,37.70664,-121.07201,Upper Stanislaus,,,False,4.0,3.6,4.0,2012-04-26,2015-12-15,3.6,3.6,False,10.4,2012-04-26,2015-12-15,26,28.0,False,2012-03-14,2016-04-13,139,8.0,False,,,,,False,https://www.waterqualitydata.us/provider/STORET/CALWR_WQX/CALWR_WQX-ON003050/
405,wqp:CEDEN-535MIDSPS,Spenker Spill,"ceden,wqp",California State Water Resources Control Board,discrete_grab,conveyance,True,False,False,False,False,True,37.7339,-120.97,Upper Stanislaus,,,False,4.0,4.0,,,,,0.0,False,17.7,2005-01-08,2009-01-25,10,147.8,False,,,,,False,,,,,False,https://www.waterqualitydata.us/provider/STORET/CEDEN/CEDEN-535MIDSPS/
406,ceden:531SIDD11,Drain 11 @ Walsal Slough (Top of Bank),ceden,CEDEN contributing programs,discrete_grab,drain,True,False,False,False,False,True,37.761,-121.282833,San Joaquin Delta,,,True,4.0,4.0,,,,,0.0,False,18.0,2004-09-02,2008-09-15,16,92.1,False,,,,,False,,,,,False,https://ceden.waterboards.ca.gov/AdvancedQueryTool
407,ceden:535TIDL5D,Lateral 5 1/2 Drop 23 (Lower Spill),ceden,CEDEN contributing programs,discrete_grab,conveyance,True,False,False,False,False,True,37.449572,-121.008536,Lower San Joaquin River,,,False,4.0,4.0,,,,,0.0,False,18.2,2004-07-14,2008-07-23,12,122.5,False,,,,,False,,,,,False,https://ceden.waterboards.ca.gov/AdvancedQueryTool
408,ceden:535TIDLL2,Lower Lateral 2 1/2 Spill,ceden,CEDEN contributing programs,discrete_grab,conveyance,True,False,False,False,False,True,37.547695,-121.09397,Lower San Joaquin River,,,False,4.0,4.0,,,,,0.0,False,18.2,2004-07-14,2008-07-23,13,113.1,False,,,,,False,,,,,False,https://ceden.waterboards.ca.gov/AdvancedQueryTool
409,wqp:USGS-372323120481700,HIGHLINE CN SPILL NR HILMAR CA,"ceden,wqp",U.S. Geological Survey,discrete_grab,conveyance,True,False,False,False,False,True,37.38966,-120.805757,Upper Merced,Merced River,,False,4.0,4.0,,,,,0.0,False,18.2,2004-07-14,2008-07-23,8,183.8,False,,,,,False,,,,,False,https://www.waterqualitydata.us/provider/USGS/USGS/USGS-372323120481700/
410,ceden:545MRDLCM,Livingston Canal Spill to Merced R ,ceden,CEDEN contributing programs,discrete_grab,conveyance,True,False,False,False,False,True,37.406078,-120.725492,Middle San Joaquin-Lower Chowchilla,Merced River,,False,3.9,3.9,,,,,0.0,False,18.0,2004-10-05,2008-09-16,14,103.0,False,,,,,False,,,,,False,https://ceden.waterboards.ca.gov/AdvancedQueryTool
411,esmr:753824,Big Creek Powerhouse No 1 WWTF EFF-001,esmr,Big Creek Powerhouse No 1 WWTF,effluent,effluent,True,True,False,False,False,True,37.202222,-119.243889,Upper San Joaquin,,,False,3.5,3.5,3.5,2013-01-02,2016-07-18,3.5,3.5,True,10.1,2013-01-01,2016-07-18,,1.0,True,2013-01-02,2016-07-18,544,9.2,False,2013-01-01,2016-07-18,,1.0,True,https://ciwqs.waterboards.ca.gov/ciwqs/readOnly/CiwqsReportServlet?inCommand=reset&reportName=esmrAnalyticalData
412,wqp:CALWR_WQX-VNS3733,TILE DRAIN VNS3733,wqp,California Department Of Water Resources,discrete_grab,drain,True,True,False,False,False,True,37.678333,-121.310639,San Joaquin Delta,,,True,3.5,3.5,3.5,2012-02-06,2015-08-10,3.5,3.5,False,11.1,2012-02-06,2015-08-10,12,91.0,False,2012-02-06,2015-08-10,12,91.0,False,,,,,False,https://www.waterqualitydata.us/provider/STORET/CALWR_WQX/CALWR_WQX-VNS3733/
,cdec:199,SAN JOAQUIN R – MONITORING WELL #199,cdec,US Bureau of Reclamation,continuous_sonde,groundwater,True,False,False,True,False,False,36.87301,-120.45262,Middle San Joaquin-Lower Chowchilla,San Joaquin River,194.8,False,2.3,2.3,,,,,0.0,False,0.0,2024-05-16,2026-09-21,,,True,,,,,False,,,,,False,https://cdec.water.ca.gov/dynamicapp/staMeta?station_id=199
,cdec:C12,CAL AQUEDUCT CHECK 12 (KA006633),"cdec,wqp",CA Dept of Water Resources/Operations and Maintenance,continuous_sonde,conveyance,True,True,True,True,False,False,37.118,-121.058,Middle San Joaquin-Lower Chowchilla,,,False,2.8,2.6,2.8,1990-01-01,2002-08-19,12.6,2.6,True,0.0,1990-01-01,2002-08-19,8,91.0,True,1990-01-01,2002-11-20,9,91.0,True,2021-05-04,2026-09-21,,,True,https://cdec.water.ca.gov/dynamicapp/staMeta?station_id=C12
,cdec:CSP,CHALK PLANT NR NEW SAN PEDRO,cdec,San Francisco County,continuous_sonde,unknown,False,False,False,False,False,False,37.808183,-120.542367,Upper Tuolumne,,,False,0.9,,0.9,,,,0.0,False,7.8,,,,,False,2018-01-05,2018-12-14,,,True,,,,,False,https://cdec.water.ca.gov/dynamicapp/staMeta?station_id=CSP
,cdec:DOR,DRY CREEK AT OAKDALE ROAD,"cdec,ceden",East Turlock Subbasin GSA,continuous_sonde,natural,False,False,False,True,False,False,37.46053,-120.61535,Upper Merced,,,False,0.1,0.1,,,,,0.0,False,0.0,2009-11-17,2010-01-19,3,21.0,False,,,,,False,,,,,False,https://cdec.water.ca.gov/dynamicapp/staMeta?station_id=DOR
,cdec:LYL,LYELL FORK BLW MACCLURE CREEK,cdec,Yosemite National Park,continuous_sonde,natural,False,True,True,False,False,False,37.77837,-119.26188,Upper Tuolumne,,,False,2.1,2.1,2.1,2013-10-14,2015-11-23,2.1,2.1,False,10.8,2013-10-14,2015-11-23,,,True,2013-10-14,2015-11-23,,,True,,,,,False,https://cdec.water.ca.gov/dynamicapp/staMeta?station_id=LYL
,cdec:MSJ,MERCED RIVER ABV SAN JOAQUIN RIVER CONFL,cdec,CA Dept of Fish and Wildlife,continuous_sonde,natural,False,False,False,False,False,False,37.3476,-120.97183,Upper Merced,Merced River,77.6,False,2.1,2.1,,,,,0.0,False,16.9,2007-09-10,2009-11-03,,,True,,,,,False,,,,,False,https://cdec.water.ca.gov/dynamicapp/staMeta?station_id=MSJ
,cdec:NFM,NORTH FORK MERCED RIVER NEAR DOGTOWN,cdec,Merced Irrigation District,continuous_sonde,natural,False,False,False,True,False,False,37.652714,-120.052888,Upper Merced,,,False,2.8,2.8,,,,,0.0,True,0.0,2023-10-30,2026-09-21,,,True,,,,,False,2023-10-30,2026-09-21,,,True,https://cdec.water.ca.gov/dynamicapp/staMeta?station_id=NFM
,cdec:R31,SAN JOAQUIN R - MONITORING WELL #R3-1,cdec,US Bureau of Reclamation,continuous_sonde,groundwater,True,True,True,False,False,False,36.8901,-120.4636,Middle San Joaquin-Lower Chowchilla,San Joaquin River,191.6,False,0.6,0.6,0.6,2009-11-10,2010-07-23,0.7,0.6,False,16.2,2009-11-10,2010-07-23,,,True,2009-11-10,2010-07-23,,,True,,,,,False,https://cdec.water.ca.gov/dynamicapp/staMeta?station_id=R31
,cdec:SKB,SAN JOAQUIN R BLW HWY 145 (SKAGGS BR),cdec,US Bureau of Reclamation,continuous_sonde,natural,False,True,True,True,True,False,36.8229,-120.0884,Middle San Joaquin-Lower Chowchilla,San Joaquin River,256.7,False,1.2,1.2,1.2,2025-07-01,2026-09-21,1.2,1.2,True,0.0,2025-07-01,2026-09-21,,,True,2025-07-01,2026-09-21,,,True,2012-04-24,2026-09-21,,,True,https://cdec.water.ca.gov/dynamicapp/staMeta?station_id=SKB
,cdec:SMW,SOUTH FORK MERCED RIVER AT WAWONA,cdec,Merced Irrigation District,continuous_sonde,natural,False,False,False,True,False,False,37.5417,-119.6722,Upper Merced,,,False,0.2,0.2,,,,,0.0,True,0.0,2026-07-02,2026-09-21,,,True,,,,,False,2007-10-05,2026-09-21,,,True,https://cdec.water.ca.gov/dynamicapp/staMeta?station_id=SMW
,cdec:SRJ,STANISLAUS R NEAR JACOB MEYERS PARK,cdec,CA Dept of Fish and Wildlife,continuous_sonde,natural,False,False,False,False,False,False,37.7469,-120.9713,Upper Stanislaus,Stanislaus River,,False,2.8,2.8,,,,,0.0,False,19.6,2004-03-24,2007-02-09,,,True,,,,,False,,,,,False,https://cdec.water.ca.gov/dynamicapp/staMeta?station_id=SRJ
,cdec:TBS,TUOLUMNE RIVER NEAR BASSO BRIDGE,cdec,CA Dept of Fish and Wildlife,continuous_sonde,natural,False,False,False,False,False,False,37.65067,-120.49465,Upper Tuolumne,Tuolumne River,,False,2.6,2.6,,,,,0.0,False,19.3,2004-09-14,2007-05-22,,,True,,,,,False,,,,,False,https://cdec.water.ca.gov/dynamicapp/staMeta?station_id=TBS
,cdec:TDS,TULLOCH DAM SPILLWAY,cdec,CA Dept of Fish and Wildlife,continuous_sonde,conveyance,True,False,False,True,False,False,37.874,-120.602,Upper Stanislaus,Stanislaus River,,False,1.2,1.2,,,,,0.0,True,0.0,2001-03-09,2002-06-04,,,True,,,,,False,1994-01-01,2026-09-21,,,True,https://cdec.water.ca.gov/dynamicapp/staMeta?station_id=TDS
,cdec:TMP,TUOLUMNE RIVER AT MERALS POOL,"cdec,ceden",San Francisco PUC,continuous_sonde,natural,False,False,False,True,False,False,37.83654,-120.05416,Upper Tuolumne,Tuolumne River,,False,1.2,1.2,,,,,0.0,True,0.0,2013-06-17,2014-09-17,10,45.7,False,,,,,False,2022-05-01,2026-09-21,,,True,https://cdec.water.ca.gov/dynamicapp/staMeta?station_id=TMP
,ceden:531SID11O,Drain 11 at Oleander Avenue,ceden,CEDEN contributing programs,discrete_grab,drain,True,False,False,False,False,False,37.7503,-121.2428,San Joaquin Delta,,,True,0.6,0.6,,,,,0.0,False,18.9,2007-02-23,2007-10-19,4,59.5,False,,,,,False,,,,,False,https://ceden.waterboards.ca.gov/AdvancedQueryTool
,ceden:534BEVRSP,Beaver Creek about 0.4 km below Grizzly Creek,ceden,CEDEN contributing programs,discrete_grab,natural,False,False,False,True,False,False,38.26815,-120.2392,Upper Stanislaus,,,False,0.0,0.0,,,,,0.0,False,3.0,2023-09-28,2023-09-28,1,,False,,,,,False,,,,,False,https://ceden.waterboards.ca.gov/AdvancedQueryTool
,ceden:534BVR597,Beaver Creek above Grizzly Creek,ceden,CEDEN contributing programs,discrete_grab,natural,False,False,False,True,False,False,38.276595,-120.23147,Upper Stanislaus,,,False,0.0,0.0,,,,,0.0,False,2.1,2024-08-13,2024-08-13,1,,False,,,,,False,,,,,False,https://ceden.waterboards.ca.gov/AdvancedQueryTool
,ceden:534CLK460,Clark Fork above Cloudburst Creek,ceden,CEDEN contributing programs,discrete_grab,natural,False,False,False,True,False,False,38.367547,-119.856787,Upper Stanislaus,,,False,0.0,0.0,,,,,0.0,False,2.0,2024-09-03,2024-09-03,1,,False,,,,,False,,,,,False,https://ceden.waterboards.ca.gov/AdvancedQueryTool
,ceden:534DMC489,Dry Meadow Creek above FS Fire Station,ceden,CEDEN contributing programs,discrete_grab,natural,False,False,False,True,False,False,38.228914,-120.121461,Upper Stanislaus,,,False,0.0,0.0,,,,,0.0,False,2.2,2024-07-16,2024-07-16,1,,False,,,,,False,,,,,False,https://ceden.waterboards.ca.gov/AdvancedQueryTool
,ceden:534FSHRSP,Fisher Creek about 0.08 km above Griswold Creek,ceden,CEDEN contributing programs,discrete_grab,natural,False,False,False,True,False,False,38.23924,-120.21002,Upper Stanislaus,,,False,0.0,0.0,,,,,0.0,False,3.0,2023-09-26,2023-09-26,1,,False,,,,,False,,,,,False,https://ceden.waterboards.ca.gov/AdvancedQueryTool
,ceden:534GRSWD1,Griswold Creek about 1.2 km below Soap Creek,ceden,CEDEN contributing programs,discrete_grab,natural,False,False,False,True,False,False,38.20518,-120.27797,Upper Stanislaus,,,False,0.0,0.0,,,,,0.0,False,3.0,2023-09-27,2023-09-27,1,,False,,,,,False,,,,,False,https://ceden.waterboards.ca.gov/AdvancedQueryTool
,ceden:534GRSWD2,Griswold Creek about 0.13 km below Fisher Creek,ceden,CEDEN contributing programs,discrete_grab,natural,False,False,False,True,False,False,38.23863,-120.21217,Upper Stanislaus,,,False,0.0,0.0,,,,,0.0,False,3.0,2023-09-26,2023-09-26,1,,False,,,,,False,,,,,False,https://ceden.waterboards.ca.gov/AdvancedQueryTool
,ceden:534SOAPSP,Soap Creek about 3.2 km above Griswold Creek,ceden,CEDEN contributing programs,discrete_grab,natural,False,False,False,True,False,False,38.20261,-120.2287,Upper Stanislaus,,,False,0.0,0.0,,,,,0.0,False,3.0,2023-09-27,2023-09-27,1,,False,,,,,False,,,,,False,https://ceden.waterboards.ca.gov/AdvancedQueryTool
,ceden:534STN131,Middle Fork Stanislaus River (W) (USFS),ceden,CEDEN contributing programs,discrete_grab,natural,False,False,False,False,False,False,38.181563,-120.223324,Upper Stanislaus,Stanislaus River,,False,0.0,0.0,,,,,0.0,False,14.1,2012-08-02,2012-08-02,1,,False,,,,,False,,,,,False,https://ceden.waterboards.ca.gov/AdvancedQueryTool
,ceden:534TOU204,Stanislaus River at Rose Creek,ceden,CEDEN contributing programs,discrete_grab,natural,False,False,False,False,False,False,38.10938,-120.39713,Upper Stanislaus,Stanislaus River,,False,0.0,0.0,,,,,0.0,False,7.2,2019-07-24,2019-07-24,1,,False,,,,,False,,,,,False,https://ceden.waterboards.ca.gov/AdvancedQueryTool
,ceden:534TUO202,Pinecrest Lake near Lakeshore Drive,ceden,CEDEN contributing programs,discrete_grab,reservoir,False,False,False,False,False,False,38.19256,-119.9928,Upper Stanislaus,,,False,1.3,1.3,,,,,0.0,False,12.0,2013-05-29,2014-09-23,18,26.8,False,,,,,False,,,,,False,https://ceden.waterboards.ca.gov/AdvancedQueryTool
,ceden:534TUO203,Stanislaus River-South Fork at Strawberry,ceden,CEDEN contributing programs,discrete_grab,natural,False,False,False,False,False,False,38.194921,-120.015882,Upper Stanislaus,,,False,0.3,0.3,,,,,0.0,False,12.0,2014-05-22,2014-09-23,9,13.8,False,,,,,False,,,,,False,https://ceden.waterboards.ca.gov/AdvancedQueryTool
,ceden:535CC0203,Upper Lateral 2 1/2 E of Walnut Road,ceden,CEDEN contributing programs,discrete_grab,conveyance,True,False,False,False,False,False,37.56373,-120.86449,Lower San Joaquin River,,,False,0.0,0.0,,,,,0.0,False,19.3,2007-06-12,2007-06-12,1,,False,,,,,False,,,,,False,https://ceden.waterboards.ca.gov/AdvancedQueryTool
,ceden:535CE0150,Ingalsbe Slough ~1.5mi above Merced River,ceden,CEDEN contributing programs,discrete_grab,natural,False,False,False,False,False,False,37.48315,-120.56493,Upper Merced,,,False,0.0,0.0,,,,,0.0,False,21.0,2005-09-14,2005-09-14,1,,False,,,,,False,,,,,False,https://ceden.waterboards.ca.gov/AdvancedQueryTool
,ceden:535CE0494,Dry Creek ~2.6mi below Waterford Highway,ceden,CEDEN contributing programs,discrete_grab,natural,False,False,False,False,False,False,37.6475,-120.805556,Upper Tuolumne,,,False,0.0,0.0,,,,,0.0,False,22.3,2004-06-02,2004-06-02,1,,False,,,,,False,,,,,False,https://ceden.waterboards.ca.gov/AdvancedQueryTool
,ceden:535FC0058,"Merced River, 6 km below Milliken Bridge",ceden,CEDEN contributing programs,discrete_grab,natural,False,False,False,True,False,False,37.357941,-120.899167,Upper Merced,Merced River,,False,0.0,0.0,,,,,0.0,False,2.3,2024-06-05,2024-06-05,1,,False,,,,,False,,,,,False,https://ceden.waterboards.ca.gov/AdvancedQueryTool
,ceden:535LTAETR,Lateral 3 along East Taylor Rd,ceden,CEDEN contributing programs,discrete_grab,conveyance,True,False,False,False,False,False,37.53673,-120.9841,Lower San Joaquin River,,,False,1.0,1.0,,,,,0.0,False,14.6,2011-01-18,2012-02-07,15,25.7,False,,,,,False,,,,,False,https://ceden.waterboards.ca.gov/AdvancedQueryTool
,ceden:535MIDL3H,Lateral 3 Downstream of Hwy 99,ceden,CEDEN contributing programs,discrete_grab,conveyance,True,False,False,False,False,False,37.667764,-121.036592,Upper Stanislaus,,,False,0.0,0.0,,,,,0.0,False,17.7,2009-01-23,2009-01-25,2,1.0,False,,,,,False,,,,,False,https://ceden.waterboards.ca.gov/AdvancedQueryTool
,ceden:535MIDL7H,Lateral 7 Downstream of Hwy 99,ceden,CEDEN contributing programs,discrete_grab,conveyance,True,False,False,False,False,False,37.68274,-121.05676,Upper Stanislaus,,,False,0.0,0.0,,,,,0.0,False,17.7,2009-01-23,2009-01-25,2,1.0,False,,,,,False,,,,,False,https://ceden.waterboards.ca.gov/AdvancedQueryTool
,ceden:535PS0191,Owens Creek ~3mi below Hwy 59,ceden,CEDEN contributing programs,discrete_grab,natural,False,False,False,False,False,False,37.233759,-120.519526,Middle San Joaquin-Lower Chowchilla,,,False,0.0,0.0,,,,,0.0,False,17.2,2009-07-14,2009-07-14,1,,False,,,,,False,,,,,False,https://ceden.waterboards.ca.gov/AdvancedQueryTool
,ceden:535PS0431,Deadman Creek ~0.5mi above Plainsberg Rd.,ceden,CEDEN contributing programs,discrete_grab,natural,False,False,False,False,False,False,37.212369,-120.317039,Middle San Joaquin-Lower Chowchilla,,,False,0.0,0.0,,,,,0.0,False,15.2,2011-06-22,2011-06-22,1,,False,,,,,False,,,,,False,https://ceden.waterboards.ca.gov/AdvancedQueryTool
,ceden:535STC202,MID Main Drain Inlet to Miller Lake,ceden,CEDEN contributing programs,discrete_grab,drain,True,False,False,False,False,False,37.666667,-121.205556,Upper Stanislaus,,,False,0.0,0.0,,,,,0.0,False,23.6,2003-01-23,2003-02-04,2,6.0,False,,,,,False,,,,,False,https://ceden.waterboards.ca.gov/AdvancedQueryTool
,ceden:535STC220,Dry Creek at Beard Brook Park,ceden,CEDEN contributing programs,discrete_grab,natural,False,False,False,False,False,False,37.63555,-120.98502,Upper Tuolumne,,,False,0.9,0.9,,,,,0.0,False,15.1,2010-09-13,2011-08-15,3,112.0,False,,,,,False,,,,,False,https://ceden.waterboards.ca.gov/AdvancedQueryTool
,ceden:535TID32S,Hodges Drop (Ceres Main Drop 32 Spill),ceden,CEDEN contributing programs,discrete_grab,conveyance,True,False,False,False,False,False,37.46,-120.93,Lower San Joaquin River,,,False,0.0,0.0,,,,,0.0,False,22.1,2004-07-29,2004-07-29,1,,False,,,,,False,,,,,False,https://ceden.waterboards.ca.gov/AdvancedQueryTool
,ceden:535WDAJRD,Westport Drain @ Jennings Rd,ceden,CEDEN contributing programs,discrete_grab,drain,True,False,False,False,False,False,37.53674,-121.0668,Lower San Joaquin River,,,False,0.4,0.4,,,,,0.0,False,23.0,2003-03-26,2003-09-23,10,18.1,False,,,,,False,,,,,False,https://ceden.waterboards.ca.gov/AdvancedQueryTool
,ceden:535XARDCL,August Road Drain upstream of Crows Landing Bridge (Hogin Rd),ceden,CEDEN contributing programs,discrete_grab,drain,True,False,False,False,False,False,37.43113,-120.99371,Lower San Joaquin River,,,False,0.1,0.1,,,,,0.0,False,22.0,2004-07-31,2004-09-29,3,20.0,False,,,,,False,,,,,False,https://ceden.waterboards.ca.gov/AdvancedQueryTool
,ceden:535XDSAWH,Duck Slough @ Whealan Rd,ceden,CEDEN contributing programs,discrete_grab,natural,False,False,False,False,False,False,37.26149,-120.34325,Middle San Joaquin-Lower Chowchilla,,,False,0.4,0.4,,,,,0.0,False,18.0,2008-04-29,2008-09-30,6,25.7,False,,,,,False,,,,,False,https://ceden.waterboards.ca.gov/AdvancedQueryTool
,ceden:535XDSHFN,Duck Slough @ Hwy 59,ceden,CEDEN contributing programs,discrete_grab,natural,False,False,False,False,False,False,37.23447,-120.4881,Middle San Joaquin-Lower Chowchilla,,,False,0.2,0.2,,,,,0.0,False,18.0,2008-06-24,2008-09-30,3,32.7,False,,,,,False,,,,,False,https://ceden.waterboards.ca.gov/AdvancedQueryTool
,ceden:535XHDAMR,Hilmar Drain @ Mitchell Rd,ceden,CEDEN contributing programs,discrete_grab,drain,True,False,False,False,False,False,37.39068,-120.94087,Lower San Joaquin River,,,False,0.0,0.0,,,,,0.0,False,18.1,2008-07-22,2008-07-29,2,3.5,False,,,,,False,,,,,False,https://ceden.waterboards.ca.gov/AdvancedQueryTool
,ceden:535XMCAOR,Mustang Creek at Oakdale Road,ceden,CEDEN contributing programs,discrete_grab,natural,False,False,False,False,False,False,37.49965,-120.66377,Lower San Joaquin River,,,False,0.0,0.0,,,,,0.0,False,5.9,2020-10-14,2020-10-14,2,,False,,,,,False,,,,,False,https://ceden.waterboards.ca.gov/AdvancedQueryTool
,ceden:535XMDARD,Mattos Drain @ Range Rd,ceden,CEDEN contributing programs,discrete_grab,drain,True,False,False,False,False,False,37.242,-120.6149,Middle San Joaquin-Lower Chowchilla,,,False,0.0,0.0,,,,,0.0,False,20.4,2006-05-16,2006-05-16,1,,False,,,,,False,,,,,False,https://ceden.waterboards.ca.gov/AdvancedQueryTool
,ceden:535XNSHFN,North Slough @ Hwy 59,ceden,CEDEN contributing programs,discrete_grab,natural,False,False,False,False,False,False,37.22771,-120.488,Middle San Joaquin-Lower Chowchilla,,,False,0.1,0.1,,,,,0.0,False,18.0,2008-07-29,2008-09-30,2,31.5,False,,,,,False,,,,,False,https://ceden.waterboards.ca.gov/AdvancedQueryTool
,ceden:535XPFDMR,Prairie Flower Drain at Morgan Road,ceden,CEDEN contributing programs,discrete_grab,drain,True,False,False,False,False,False,37.43785,-120.97566,Lower San Joaquin River,,,False,0.4,0.4,,,,,0.0,False,18.0,2008-04-22,2008-09-23,6,25.7,False,,,,,False,,,,,False,https://ceden.waterboards.ca.gov/AdvancedQueryTool
,ceden:535XRDAWA,Reclamation Drain @ Williams Ave,ceden,CEDEN contributing programs,discrete_grab,drain,True,False,False,False,False,False,37.39072,-120.94085,Lower San Joaquin River,,,False,0.0,0.0,,,,,0.0,False,18.2,2008-07-22,2008-07-22,1,,False,,,,,False,,,,,False,https://ceden.waterboards.ca.gov/AdvancedQueryTool
,ceden:535XSDAMD,Silva Drain @ Meadow Dr,ceden,CEDEN contributing programs,discrete_grab,drain,True,False,False,False,False,False,37.42919,-120.62605,Upper Merced,,,False,2.3,2.3,,,,,0.0,False,18.0,2006-05-18,2008-10-02,34,25.5,False,,,,,False,,,,,False,https://ceden.waterboards.ca.gov/AdvancedQueryTool
,ceden:535XSSAQR,South Slough @ Quinley Rd,ceden,CEDEN contributing programs,discrete_grab,natural,False,False,False,False,False,False,37.26983,-120.59711,Middle San Joaquin-Lower Chowchilla,,,False,2.2,2.2,,,,,0.0,False,18.0,2006-07-11,2008-09-30,23,35.3,False,,,,,False,,,,,False,https://ceden.waterboards.ca.gov/AdvancedQueryTool
,ceden:535XSSJ09,Sand Slough on Turner Island Rd. West of Merced Natl. Wildlife Refuge,ceden,CEDEN contributing programs,discrete_grab,natural,False,False,False,False,False,False,37.1717,-120.6834,Middle San Joaquin-Lower Chowchilla,,,False,0.0,0.0,,,,,0.0,False,22.1,2004-08-27,2004-08-27,1,,False,,,,,False,,,,,False,https://ceden.waterboards.ca.gov/AdvancedQueryTool
,ceden:535XSSJ10,Owens Creek at Gurr Rd,ceden,CEDEN contributing programs,discrete_grab,natural,False,False,False,False,False,False,37.235343,-120.559533,Middle San Joaquin-Lower Chowchilla,,,False,0.1,0.1,,,,,0.0,False,21.1,2005-06-22,2005-08-20,5,11.8,False,,,,,False,,,,,False,https://ceden.waterboards.ca.gov/AdvancedQueryTool
,ceden:535XSSJ15,Livingston Canal at Cressey Way,ceden,CEDEN contributing programs,discrete_grab,conveyance,True,False,False,False,False,False,37.47864,-121.40605,Lower San Joaquin River,,,False,0.4,0.4,,,,,0.0,False,18.8,2007-06-28,2007-11-29,9,17.1,False,,,,,False,,,,,False,https://ceden.waterboards.ca.gov/AdvancedQueryTool
,ceden:535XSSJ16,TID Lateral #2 on Service Road,ceden,CEDEN contributing programs,discrete_grab,conveyance,True,False,False,False,False,False,37.58013,-120.87577,Lower San Joaquin River,,,False,0.1,0.1,,,,,0.0,False,19.1,2007-06-28,2007-08-08,4,10.2,False,,,,,False,,,,,False,https://ceden.waterboards.ca.gov/AdvancedQueryTool
,ceden:535XSSJ19,Lateral 6 at Central Avenue,ceden,CEDEN contributing programs,discrete_grab,conveyance,True,False,False,False,False,False,37.40163,-120.95913,Lower San Joaquin River,,,False,0.2,0.2,,,,,0.0,False,18.8,2007-08-22,2007-11-29,5,19.8,False,,,,,False,,,,,False,https://ceden.waterboards.ca.gov/AdvancedQueryTool
,ceden:535XSSJ20,El Nido Canal at W. Washington Road,ceden,CEDEN contributing programs,discrete_grab,conveyance,True,False,False,False,False,False,37.11292,-120.43459,Middle San Joaquin-Lower Chowchilla,,,False,0.2,0.2,,,,,0.0,False,18.8,2007-08-22,2007-11-29,5,19.8,False,,,,,False,,,,,False,https://ceden.waterboards.ca.gov/AdvancedQueryTool
,ceden:535XSSJ21,Fairfield Canal at Olive Avenue,ceden,CEDEN contributing programs,discrete_grab,conveyance,True,False,False,False,False,False,37.31795,-120.39669,Middle San Joaquin-Lower Chowchilla,,,False,0.2,0.2,,,,,0.0,False,18.8,2007-08-22,2007-11-29,5,19.8,False,,,,,False,,,,,False,https://ceden.waterboards.ca.gov/AdvancedQueryTool
,ceden:535XSSJ22,Ceres Main Canal at Faith Home and Hatch Road,ceden,CEDEN contributing programs,discrete_grab,conveyance,True,False,False,False,False,False,37.609,-120.92043,Lower San Joaquin River,,,False,0.2,0.2,,,,,0.0,False,18.8,2007-08-22,2007-11-29,5,19.8,False,,,,,False,,,,,False,https://ceden.waterboards.ca.gov/AdvancedQueryTool
,ceden:536BASNSP,Basin Creek about 2.7 km above NF Tuolumne River,ceden,CEDEN contributing programs,discrete_grab,natural,False,False,False,True,False,False,38.00193,-120.15467,Upper Tuolumne,,,False,0.0,0.0,,,,,0.0,False,3.0,2023-09-25,2023-09-25,1,,False,,,,,False,,,,,False,https://ceden.waterboards.ca.gov/AdvancedQueryTool
,ceden:536CE0330,Unnamed Spring above Camp 24 site,ceden,CEDEN contributing programs,discrete_grab,unknown,False,False,False,False,False,False,38.037778,-120.089722,Upper Tuolumne,,,False,0.0,0.0,,,,,0.0,False,19.2,2007-06-27,2007-06-27,1,,False,,,,,False,,,,,False,https://ceden.waterboards.ca.gov/AdvancedQueryTool
,ceden:536CE0506,Woods Creek Below Hwy 49,ceden,CEDEN contributing programs,discrete_grab,natural,False,False,False,False,False,False,37.954167,-120.424167,Upper Tuolumne,,,False,0.0,0.0,,,,,0.0,False,22.3,2004-06-01,2004-06-01,1,,False,,,,,False,,,,,False,https://ceden.waterboards.ca.gov/AdvancedQueryTool
,ceden:536CRC283,Cherry Creek ~1.1mi above Granite Cr.,ceden,CEDEN contributing programs,discrete_grab,natural,False,False,False,False,False,False,37.8949,-119.9536,Upper Tuolumne,,,False,0.0,0.0,,,,,0.0,False,11.3,2015-05-19,2015-05-19,1,,False,,,,,False,,,,,False,https://ceden.waterboards.ca.gov/AdvancedQueryTool
,ceden:536HLC457,Hull Creek above Funks Meadow,ceden,CEDEN contributing programs,discrete_grab,natural,False,False,False,True,False,False,38.051768,-120.093691,Upper Tuolumne,,,False,0.0,0.0,,,,,0.0,False,2.2,2024-07-17,2024-07-17,1,,False,,,,,False,,,,,False,https://ceden.waterboards.ca.gov/AdvancedQueryTool
,ceden:536JWB063,Jawbone Creek (USFS),ceden,CEDEN contributing programs,discrete_grab,natural,False,False,False,False,False,False,37.9278,-119.99289,Upper Tuolumne,,,False,0.0,0.0,,,,,0.0,False,16.1,2010-08-06,2010-08-06,1,,False,,,,,False,,,,,False,https://ceden.waterboards.ca.gov/AdvancedQueryTool
,ceden:536NFT019,"North Fork Tuolumne River, Upper (USFS)",ceden,CEDEN contributing programs,discrete_grab,natural,False,False,False,False,False,False,38.1519,-120.0454,Upper Tuolumne,,,False,0.0,0.0,,,,,0.0,False,3.1,2023-08-02,2023-08-02,1,,False,,,,,False,,,,,False,https://ceden.waterboards.ca.gov/AdvancedQueryTool
,ceden:536NPHLHC,Hell's Hollow Creek above Big Creek,ceden,CEDEN contributing programs,discrete_grab,natural,False,False,False,True,False,False,37.80917,-120.1361,Upper Tuolumne,,,False,1.0,1.0,,,,,0.0,False,1.4,2024-04-16,2025-05-12,2,195.5,False,,,,,False,,,,,False,https://ceden.waterboards.ca.gov/AdvancedQueryTool
,ceden:536PS0159,Middle Tuolumne River ~0.5mi above Long Gulch Cr.,ceden,CEDEN contributing programs,discrete_grab,natural,False,False,False,False,False,False,37.859562,-119.715206,Upper Tuolumne,,,False,0.0,0.0,,,,,0.0,False,10.3,2016-06-21,2016-06-21,1,,False,,,,,False,,,,,False,https://ceden.waterboards.ca.gov/AdvancedQueryTool
,ceden:536SFT127,South Fork Tuolumne (USFS),ceden,CEDEN contributing programs,discrete_grab,natural,False,False,False,False,False,False,37.811372,-119.963928,Upper Tuolumne,,,False,2.9,2.9,,,,,0.0,False,4.1,2019-09-18,2022-08-15,2,531.0,False,,,,,False,,,,,False,https://ceden.waterboards.ca.gov/AdvancedQueryTool
,ceden:536TMRBDC,Tuolumne River ~0.6mi below Delaney Cr.,ceden,CEDEN contributing programs,discrete_grab,natural,False,False,False,False,False,False,37.887122,-119.389221,Upper Tuolumne,Tuolumne River,,False,0.0,0.0,,,,,0.0,False,4.1,2022-08-31,2022-08-31,1,,False,,,,,False,,,,,False,https://ceden.waterboards.ca.gov/AdvancedQueryTool
,ceden:536TRBNFT,"Tributary to Tuolumne River, NF",ceden,CEDEN contributing programs,discrete_grab,natural,False,False,False,True,False,False,38.049505,-120.132685,Upper Tuolumne,,,False,0.0,0.0,,,,,0.0,False,1.4,2025-05-13,2025-05-13,1,,False,,,,,False,,,,,False,https://ceden.waterboards.ca.gov/AdvancedQueryTool
,ceden:536TRT476,Trout Creek ~4 km above Clavey River,ceden,CEDEN contributing programs,discrete_grab,natural,False,False,False,True,False,False,38.113876,-120.003312,Upper Tuolumne,,,False,0.0,0.0,,,,,0.0,False,2.2,2024-07-15,2024-07-15,1,,False,,,,,False,,,,,False,https://ceden.waterboards.ca.gov/AdvancedQueryTool
,ceden:536TUO201,Tuolumne River- Crystal Falls,ceden,CEDEN contributing programs,discrete_grab,natural,False,False,False,False,False,False,38.013861,-120.396917,Upper Stanislaus,,,False,0.0,0.0,,,,,0.0,False,16.1,2010-08-30,2010-08-30,1,,False,,,,,False,,,,,False,https://ceden.waterboards.ca.gov/AdvancedQueryTool
,ceden:536TUO204,Tuolumne River @ Hwy 49/River Rd,ceden,CEDEN contributing programs,discrete_grab,natural,False,False,False,False,False,False,37.848611,-120.338889,Upper Tuolumne,Tuolumne River,,False,0.0,0.0,,,,,0.0,False,23.6,2003-02-04,2003-02-04,1,,False,,,,,False,,,,,False,https://ceden.waterboards.ca.gov/AdvancedQueryTool
,ceden:536TUO210,Twain Harte Lake - Lakeview Drive,ceden,CEDEN contributing programs,discrete_grab,reservoir,False,False,False,False,False,False,38.029958,-120.24066,Upper Tuolumne,,,False,0.0,0.0,,,,,0.0,False,19.0,2007-09-05,2007-09-05,1,,False,,,,,False,,,,,False,https://ceden.waterboards.ca.gov/AdvancedQueryTool
,ceden:536TUO212,Twain Harte Lake - Dam,ceden,CEDEN contributing programs,discrete_grab,reservoir,False,False,False,False,False,False,38.02845,-120.24362,Upper Tuolumne,,,False,0.0,0.0,,,,,0.0,False,19.0,2007-09-05,2007-09-05,1,,False,,,,,False,,,,,False,https://ceden.waterboards.ca.gov/AdvancedQueryTool
,ceden:536TUO230,Sullivan Creek at Elsies Pool,ceden,CEDEN contributing programs,discrete_grab,natural,False,False,False,False,False,False,37.97333,-120.34994,Upper Tuolumne,,,False,0.0,0.0,,,,,0.0,False,16.1,2010-08-30,2010-08-30,1,,False,,,,,False,,,,,False,https://ceden.waterboards.ca.gov/AdvancedQueryTool
,ceden:536TUO901,North Fork Tuolumne River at Riverside Day Use Area,ceden,CEDEN contributing programs,discrete_grab,natural,False,False,False,False,False,False,37.981325,-120.213986,Upper Tuolumne,,,False,0.0,0.0,,,,,0.0,False,16.1,2010-08-29,2010-08-29,1,,False,,,,,False,,,,,False,https://ceden.waterboards.ca.gov/AdvancedQueryTool
,ceden:536WS0743,Jawbone Creek ~1.6mi above Skunk Cr.,ceden,CEDEN contributing programs,discrete_grab,natural,False,False,False,False,False,False,37.9483,-119.9929,Upper Tuolumne,,,False,0.0,0.0,,,,,0.0,False,8.1,2018-07-31,2018-07-31,1,,False,,,,,False,,,,,False,https://ceden.waterboards.ca.gov/AdvancedQueryTool
,ceden:537BLCABG,Bull Creek ~0.7mi above Bonell Gulch Cr.,ceden,CEDEN contributing programs,discrete_grab,natural,False,False,False,False,False,False,37.704089,-119.973774,Upper Merced,,,False,0.0,0.0,,,,,0.0,False,15.0,2011-09-15,2011-09-15,1,,False,,,,,False,,,,,False,https://ceden.waterboards.ca.gov/AdvancedQueryTool
,ceden:537BSCAWR,Bishop Creek,ceden,CEDEN contributing programs,discrete_grab,natural,False,False,False,False,False,False,37.6212,-119.677,Upper Merced,,,False,0.0,0.0,,,,,0.0,False,18.2,2008-07-15,2008-07-15,1,,False,,,,,False,,,,,False,https://ceden.waterboards.ca.gov/AdvancedQueryTool
,ceden:537CE0238,Grouse Creek ~0.9mi above Hwy 41,ceden,CEDEN contributing programs,discrete_grab,natural,False,False,False,False,False,False,37.68457,-119.6853,Upper Merced,,,False,0.0,0.0,,,,,0.0,False,20.1,2006-08-15,2006-08-15,1,,False,,,,,False,,,,,False,https://ceden.waterboards.ca.gov/AdvancedQueryTool
,ceden:537FC0056,"Merced River, 1 km below Ned Gulch",ceden,CEDEN contributing programs,discrete_grab,natural,False,False,False,True,False,False,37.67183,-119.90919,Upper Merced,Merced River,,False,0.0,0.0,,,,,0.0,False,2.1,2024-08-07,2024-08-07,1,,False,,,,,False,,,,,False,https://ceden.waterboards.ca.gov/AdvancedQueryTool
,ceden:537GZCAMR,Grizzly Creek,ceden,CEDEN contributing programs,discrete_grab,natural,False,False,False,False,False,False,37.52509,-119.46551,Upper Merced,,,False,0.0,0.0,,,,,0.0,False,18.1,2008-08-07,2008-08-07,1,,False,,,,,False,,,,,False,https://ceden.waterboards.ca.gov/AdvancedQueryTool
,ceden:537MAR201,Merced River @ HWY 49,ceden,CEDEN contributing programs,discrete_grab,natural,False,False,False,False,False,False,37.6125,-120.136111,Upper Merced,Merced River,,False,0.0,0.0,,,,,0.0,False,23.6,2003-01-22,2003-02-05,2,7.0,False,,,,,False,,,,,False,https://ceden.waterboards.ca.gov/AdvancedQueryTool
,ceden:537MAR220,Cascade Falls at El Portal Rd,ceden,CEDEN contributing programs,discrete_grab,unknown,False,False,False,False,False,False,37.72444,-119.71167,Upper Merced,Merced River,,False,0.3,0.3,,,,,0.0,False,11.4,2014-12-04,2015-04-26,4,35.8,False,,,,,False,,,,,False,https://ceden.waterboards.ca.gov/AdvancedQueryTool
,ceden:537MAR230,Yosemite View on Highway 140,ceden,CEDEN contributing programs,discrete_grab,unknown,False,False,False,False,False,False,37.67889,-119.76056,Upper Merced,Merced River,,False,0.0,0.0,,,,,0.0,False,11.4,2015-04-26,2015-04-26,1,,False,,,,,False,,,,,False,https://ceden.waterboards.ca.gov/AdvancedQueryTool
,ceden:537MDR255,Merced River ~0.7mi below Miller Gulch,ceden,CEDEN contributing programs,discrete_grab,natural,False,False,False,False,False,False,37.66186,-119.91976,Upper Merced,Merced River,,False,0.0,0.0,,,,,0.0,False,12.2,2014-07-07,2014-07-07,1,,False,,,,,False,,,,,False,https://ceden.waterboards.ca.gov/AdvancedQueryTool
,ceden:537MRSFCC,"Merced River, SF ~1.25mi above Chilnualna Cr.",ceden,CEDEN contributing programs,discrete_grab,natural,False,False,False,False,False,False,37.537983,-119.61684,Upper Merced,,,False,0.0,0.0,,,,,0.0,False,4.1,2022-08-16,2022-08-16,1,,False,,,,,False,,,,,False,https://ceden.waterboards.ca.gov/AdvancedQueryTool
,ceden:537PS0386,Halls Gulch ~5.2mi above Merced River,ceden,CEDEN contributing programs,discrete_grab,natural,False,False,False,False,False,False,37.6605,-119.9948,Upper Merced,,,False,0.0,0.0,,,,,0.0,False,14.2,2012-07-16,2012-07-16,1,,False,,,,,False,,,,,False,https://ceden.waterboards.ca.gov/AdvancedQueryTool
,ceden:537TYCAML,Tenaya Creek,ceden,CEDEN contributing programs,discrete_grab,natural,False,False,False,False,False,False,37.7599,-119.529,Upper Merced,,,False,0.0,0.0,,,,,0.0,False,18.2,2008-07-16,2008-07-16,1,,False,,,,,False,,,,,False,https://ceden.waterboards.ca.gov/AdvancedQueryTool
,ceden:538CE0622,Mariposa Creek above Mormon Bar,ceden,CEDEN contributing programs,discrete_grab,natural,False,False,False,False,False,False,37.4636,-119.9499,Middle San Joaquin-Lower Chowchilla,,,False,0.0,0.0,,,,,0.0,False,20.0,2006-09-12,2006-09-12,1,,False,,,,,False,,,,,False,https://ceden.waterboards.ca.gov/AdvancedQueryTool
,ceden:538MAR010,Mariposa Creek at 4th Street,ceden,CEDEN contributing programs,discrete_grab,natural,False,False,False,False,False,False,37.48321,-119.96452,Middle San Joaquin-Lower Chowchilla,,,False,0.0,0.0,,,,,0.0,False,14.1,2012-08-27,2012-08-27,1,,False,,,,,False,,,,,False,https://ceden.waterboards.ca.gov/AdvancedQueryTool
,ceden:538MAR020,Mariposa Creek Crossing at Don's Auto Clinic and Hwy 49,ceden,CEDEN contributing programs,discrete_grab,natural,False,False,False,False,False,False,37.46645,-119.94983,Middle San Joaquin-Lower Chowchilla,,,False,0.0,0.0,,,,,0.0,False,14.1,2012-08-27,2012-08-27,1,,False,,,,,False,,,,,False,https://ceden.waterboards.ca.gov/AdvancedQueryTool
,ceden:538MAR030,Mariposa Creek at Mormon Bar Crossing,ceden,CEDEN contributing programs,discrete_grab,natural,False,False,False,False,False,False,37.46179,-119.94971,Middle San Joaquin-Lower Chowchilla,,,False,0.0,0.0,,,,,0.0,False,14.1,2012-08-27,2012-08-27,1,,False,,,,,False,,,,,False,https://ceden.waterboards.ca.gov/AdvancedQueryTool
,ceden:538MAR031,Mariposa Creek at Stakeholder Residence,ceden,CEDEN contributing programs,discrete_grab,natural,False,False,False,False,False,False,37.45786,-119.95078,Middle San Joaquin-Lower Chowchilla,,,False,0.0,0.0,,,,,0.0,False,14.1,2012-08-27,2012-08-27,1,,False,,,,,False,,,,,False,https://ceden.waterboards.ca.gov/AdvancedQueryTool
,ceden:539CE0110,Lewis Fork above Sky Ranch Road,ceden,CEDEN contributing programs,discrete_grab,natural,False,False,False,False,False,False,37.377222,-119.622222,Fresno River,,,False,0.0,0.0,,,,,0.0,False,21.1,2005-08-16,2005-08-16,1,,False,,,,,False,,,,,False,https://ceden.waterboards.ca.gov/AdvancedQueryTool
,ceden:539CGC010,Coarse Gold Creek - Highway 41 bridge,ceden,CEDEN contributing programs,discrete_grab,natural,False,False,False,False,False,False,37.25992,-119.70231,Fresno River,,,False,0.0,0.0,,,,,0.0,False,24.8,2001-12-13,2001-12-13,1,,False,,,,,False,,,,,False,https://ceden.waterboards.ca.gov/AdvancedQueryTool
,ceden:539CGC020,Coarse Gold Creek - Meadow Ridge Lane,ceden,CEDEN contributing programs,discrete_grab,natural,False,False,False,False,False,False,37.21852,-119.71002,Fresno River,,,False,0.0,0.0,,,,,0.0,False,24.8,2001-12-13,2001-12-13,1,,False,,,,,False,,,,,False,https://ceden.waterboards.ca.gov/AdvancedQueryTool
,ceden:539CGC030,Coarse Gold Creek - Yosemite Springs Parkway,ceden,CEDEN contributing programs,discrete_grab,natural,False,False,False,False,False,False,37.15613,-119.73751,Fresno River,,,False,0.0,0.0,,,,,0.0,False,24.8,2001-12-13,2001-12-13,1,,False,,,,,False,,,,,False,https://ceden.waterboards.ca.gov/AdvancedQueryTool
,ceden:539CRC010,Crooks Creek - Poison Switch Marker,ceden,CEDEN contributing programs,discrete_grab,natural,False,False,False,False,False,False,37.35184,-119.74391,Fresno River,,,False,0.0,0.0,,,,,0.0,False,24.8,2001-12-13,2001-12-13,1,,False,,,,,False,,,,,False,https://ceden.waterboards.ca.gov/AdvancedQueryTool
,ceden:539FRR010,Lewis Fork - Sugar Pine,ceden,CEDEN contributing programs,discrete_grab,natural,False,False,False,False,False,False,37.43992,-119.63267,Fresno River,,,False,0.8,0.8,,,,,0.0,False,24.2,2001-08-20,2002-06-25,4,77.2,False,,,,,False,,,,,False,https://ceden.waterboards.ca.gov/AdvancedQueryTool
,ceden:539FRR020,Lewis Fork - Cedar Valley,ceden,CEDEN contributing programs,discrete_grab,natural,False,False,False,False,False,False,37.39615,-119.62765,Fresno River,,,False,0.8,0.8,,,,,0.0,False,24.2,2001-08-20,2002-06-25,4,77.2,False,,,,,False,,,,,False,https://ceden.waterboards.ca.gov/AdvancedQueryTool
,ceden:539FRR030,Lewis Fork - Sky Ranch Road,ceden,CEDEN contributing programs,discrete_grab,natural,False,False,False,False,False,False,37.37664,-119.62233,Fresno River,,,False,0.0,0.0,,,,,0.0,False,24.2,2002-06-25,2002-06-25,1,,False,,,,,False,,,,,False,https://ceden.waterboards.ca.gov/AdvancedQueryTool
,ceden:539FRR050,Fresno River upstream of Oakhurst WWTF,ceden,CEDEN contributing programs,discrete_grab,natural,False,False,False,False,False,False,37.33026,-119.66315,Fresno River,,,False,0.8,0.8,,,,,0.0,False,24.2,2001-08-20,2002-06-25,4,77.2,False,,,,,False,,,,,False,https://ceden.waterboards.ca.gov/AdvancedQueryTool
,ceden:539FRR060,Fresno River downstream of Oakhurst WWTF,ceden,CEDEN contributing programs,discrete_grab,natural,False,False,False,False,False,False,37.33674,-119.68389,Fresno River,,,False,0.8,0.8,,,,,0.0,False,24.2,2001-08-20,2002-06-25,3,103.0,False,,,,,False,,,,,False,https://ceden.waterboards.ca.gov/AdvancedQueryTool
,ceden:539FRR080,Fresno River - Awanhnee,ceden,CEDEN contributing programs,discrete_grab,natural,False,False,False,False,False,False,37.3498,-119.7451,Fresno River,,,False,0.8,0.8,,,,,0.0,False,24.2,2001-08-20,2002-06-25,4,77.2,False,,,,,False,,,,,False,https://ceden.waterboards.ca.gov/AdvancedQueryTool
,ceden:539FRR090,Fresno River - Spangle Gold Creek,ceden,CEDEN contributing programs,discrete_grab,natural,False,False,False,False,False,False,37.23705,-119.7744,Fresno River,,,False,0.8,0.8,,,,,0.0,False,24.2,2001-08-21,2002-06-27,4,77.5,False,,,,,False,,,,,False,https://ceden.waterboards.ca.gov/AdvancedQueryTool
,ceden:539HEL010,Hensley Lake - inflow,ceden,CEDEN contributing programs,discrete_grab,reservoir,False,False,False,False,False,False,37.13824,-119.87113,Fresno River,,,False,0.8,0.8,,,,,0.0,False,24.2,2001-08-21,2002-06-27,3,103.3,False,,,,,False,,,,,False,https://ceden.waterboards.ca.gov/AdvancedQueryTool
,ceden:539HEL020,Hensley Lake - Restroom #7 to east,ceden,CEDEN contributing programs,discrete_grab,reservoir,False,False,False,False,False,False,37.12731,-119.87725,Fresno River,,,False,0.8,0.8,,,,,0.0,False,24.2,2001-08-21,2002-06-27,3,103.3,False,,,,,False,,,,,False,https://ceden.waterboards.ca.gov/AdvancedQueryTool
,ceden:539HEL030,Hensley Lake - Andy's Cove,ceden,CEDEN contributing programs,discrete_grab,reservoir,False,False,False,False,False,False,37.10817,-119.86976,Fresno River,,,False,0.8,0.8,,,,,0.0,False,24.2,2001-08-21,2002-06-27,3,103.3,False,,,,,False,,,,,False,https://ceden.waterboards.ca.gov/AdvancedQueryTool
,ceden:539HEL035,Hensley Lake - North end of Andy's Cove,ceden,CEDEN contributing programs,discrete_grab,reservoir,False,False,False,False,False,False,37.10797,-119.86976,Fresno River,,,False,0.0,0.0,,,,,0.0,False,24.2,2002-06-27,2002-06-27,1,,False,,,,,False,,,,,False,https://ceden.waterboards.ca.gov/AdvancedQueryTool
,ceden:539HEL040,Hensley Lake - outflow,ceden,CEDEN contributing programs,discrete_grab,reservoir,False,False,False,False,False,False,37.112,-119.884,Fresno River,,,False,0.8,0.8,,,,,0.0,False,24.2,2001-08-21,2002-06-27,3,103.3,False,,,,,False,,,,,False,https://ceden.waterboards.ca.gov/AdvancedQueryTool
,ceden:539MIC010,Miami Creek,ceden,CEDEN contributing programs,discrete_grab,natural,False,False,False,False,False,False,37.34677,-119.71778,Fresno River,,,False,0.0,0.0,,,,,0.0,False,24.8,2001-12-13,2001-12-13,1,,False,,,,,False,,,,,False,https://ceden.waterboards.ca.gov/AdvancedQueryTool
,ceden:539NEC010,Nelder Creek - Lewis Fork,ceden,CEDEN contributing programs,discrete_grab,natural,False,False,False,False,False,False,37.36268,-119.62228,Fresno River,,,False,0.8,0.8,,,,,0.0,False,24.2,2001-08-20,2002-06-25,4,77.2,False,,,,,False,,,,,False,https://ceden.waterboards.ca.gov/AdvancedQueryTool
,ceden:539PEC010,Peterson Creek,ceden,CEDEN contributing programs,discrete_grab,natural,False,False,False,False,False,False,37.37373,-119.72314,Fresno River,,,False,0.0,0.0,,,,,0.0,False,24.8,2001-12-13,2001-12-13,1,,False,,,,,False,,,,,False,https://ceden.waterboards.ca.gov/AdvancedQueryTool
,ceden:540CE0078,Unnamed Creek ~0.35mi above San Joaquin River SF,ceden,CEDEN contributing programs,discrete_grab,natural,False,False,False,False,False,False,37.219167,-118.861111,Upper San Joaquin,,,False,0.0,0.0,,,,,0.0,False,22.1,2004-08-17,2004-08-17,1,,False,,,,,False,,,,,False,https://ceden.waterboards.ca.gov/AdvancedQueryTool
,ceden:540CE0590,"Willow Creek, SF ~0.5mi below Peckinpah Creek",ceden,CEDEN contributing programs,discrete_grab,natural,False,False,False,False,False,False,37.22973,-119.49802,Upper San Joaquin,,,False,0.0,0.0,,,,,0.0,False,20.1,2006-08-08,2006-08-08,1,,False,,,,,False,,,,,False,https://ceden.waterboards.ca.gov/AdvancedQueryTool
,ceden:540FRE001,Shaver Lake Watersports-left,ceden,CEDEN contributing programs,discrete_grab,reservoir,False,False,False,False,False,False,37.13654,-119.30887,Upper San Joaquin,,,False,0.1,0.1,,,,,0.0,False,11.0,2015-07-02,2015-09-10,21,10.0,False,,,,,False,,,,,False,https://ceden.waterboards.ca.gov/AdvancedQueryTool
,ceden:540GNCBTC,"Granite Creek, WF ~0.6mi below Timber Cr.",ceden,CEDEN contributing programs,discrete_grab,natural,False,False,False,False,False,False,37.564038,-119.315968,Upper San Joaquin,,,False,0.0,0.0,,,,,0.0,False,15.0,2011-09-13,2011-09-13,1,,False,,,,,False,,,,,False,https://ceden.waterboards.ca.gov/AdvancedQueryTool
,ceden:540MAD011,Millerton Lake Meadows Boat Launch-left,ceden,CEDEN contributing programs,discrete_grab,reservoir,False,False,False,False,False,False,37.01498,-119.66732,Upper San Joaquin,San Joaquin River,315.7,False,0.2,0.2,,,,,0.0,False,11.0,2015-07-01,2015-09-30,24,11.4,False,,,,,False,,,,,False,https://ceden.waterboards.ca.gov/AdvancedQueryTool
,ceden:540MAD021,Kerckhoff Lake Smalley Cove Campground-left,ceden,CEDEN contributing programs,discrete_grab,reservoir,False,False,False,False,False,False,37.1492,-119.51284,Upper San Joaquin,San Joaquin River,354.6,False,0.2,0.2,,,,,0.0,False,11.0,2015-07-01,2015-09-17,9,12.2,False,,,,,False,,,,,False,https://ceden.waterboards.ca.gov/AdvancedQueryTool
,ceden:540MAD024,Kerckhoff Lake - Road 222 - Left,ceden,CEDEN contributing programs,discrete_grab,reservoir,False,False,False,False,False,False,37.15136,-119.50925,Upper San Joaquin,San Joaquin River,355.0,False,0.1,0.1,,,,,0.0,False,11.0,2015-08-19,2015-09-30,8,10.5,False,,,,,False,,,,,False,https://ceden.waterboards.ca.gov/AdvancedQueryTool
,ceden:540MNO024,Mono Creek (USFS),ceden,CEDEN contributing programs,discrete_grab,natural,False,False,False,False,False,False,37.41471,-118.91689,Upper San Joaquin,,,False,0.0,0.0,,,,,0.0,False,16.1,2010-08-10,2010-08-10,1,,False,,,,,False,,,,,False,https://ceden.waterboards.ca.gov/AdvancedQueryTool
,ceden:540PS0008,Big Creek,ceden,CEDEN contributing programs,discrete_grab,natural,False,False,False,False,False,False,37.2181,-119.21811,Upper San Joaquin,,,False,0.0,0.0,,,,,0.0,False,18.1,2008-08-06,2008-08-06,1,,False,,,,,False,,,,,False,https://ceden.waterboards.ca.gov/AdvancedQueryTool
,ceden:540SED105,Pitman Cr 105,ceden,CEDEN contributing programs,discrete_grab,natural,False,False,False,True,False,False,37.194407,-119.2084,Upper San Joaquin,,,False,0.0,0.0,,,,,0.0,False,1.1,2025-08-18,2025-08-18,1,,False,,,,,False,,,,,False,https://ceden.waterboards.ca.gov/AdvancedQueryTool
,ceden:540SJRUPx,"San Joaquin River, SF Above Florence Lake",ceden,CEDEN contributing programs,discrete_grab,natural,False,False,False,True,False,False,37.24207,-118.94267,Upper San Joaquin,,,False,0.0,0.0,,,,,0.0,False,1.1,2025-08-19,2025-08-19,1,,False,,,,,False,,,,,False,https://ceden.waterboards.ca.gov/AdvancedQueryTool
,ceden:540SSJ200,"San Joaquin River, SF ~0.2mi below Mono Hot Springs Rd",ceden,CEDEN contributing programs,discrete_grab,natural,False,False,False,False,False,False,37.32603,-119.01636,Upper San Joaquin,,,False,0.0,0.0,,,,,0.0,False,12.2,2014-06-24,2014-06-24,1,,False,,,,,False,,,,,False,https://ceden.waterboards.ca.gov/AdvancedQueryTool
,ceden:540WLW100,"Willow Creek, Stanislaus NF (USFS)",ceden,CEDEN contributing programs,discrete_grab,natural,False,False,False,False,False,False,37.17178,-119.47849,Upper San Joaquin,,,False,0.0,0.0,,,,,0.0,False,14.1,2012-08-28,2012-08-28,1,,False,,,,,False,,,,,False,https://ceden.waterboards.ca.gov/AdvancedQueryTool
,ceden:541ASED25,Poso Slough at Shain,ceden,CEDEN contributing programs,discrete_grab,natural,False,False,False,False,False,False,36.97421,-120.54295,Middle San Joaquin-Lower Chowchilla,,,False,0.0,0.0,,,,,0.0,False,20.8,2005-11-20,2005-11-20,1,,False,,,,,False,,,,,False,https://ceden.waterboards.ca.gov/AdvancedQueryTool
,ceden:541BSED25,Poso Slough at Merrill,ceden,CEDEN contributing programs,discrete_grab,natural,False,False,False,False,False,False,36.95242,-120.51951,Middle San Joaquin-Lower Chowchilla,,,False,0.0,0.0,,,,,0.0,False,20.8,2005-11-20,2005-11-20,1,,False,,,,,False,,,,,False,https://ceden.waterboards.ca.gov/AdvancedQueryTool
,ceden:541CC0183,West San Juan Drain #1 W of Carlucci Road,ceden,CEDEN contributing programs,discrete_grab,drain,True,False,False,False,False,False,37.10599,-120.6829,Middle San Joaquin-Lower Chowchilla,,,False,0.0,0.0,,,,,0.0,False,19.3,2007-06-11,2007-06-11,1,,False,,,,,False,,,,,False,https://ceden.waterboards.ca.gov/AdvancedQueryTool
,ceden:541CC0539,Westley Wasteway ~0.5mi SW Frank Cox Rd.,ceden,CEDEN contributing programs,discrete_grab,conveyance,True,False,False,False,False,False,37.53234,-121.20041,Lower San Joaquin River,,,False,0.0,0.0,,,,,0.0,False,19.3,2007-06-12,2007-06-12,1,,False,,,,,False,,,,,False,https://ceden.waterboards.ca.gov/AdvancedQueryTool
,ceden:541CSED25,Poso Slough at Newcomb,ceden,CEDEN contributing programs,discrete_grab,natural,False,False,False,False,False,False,36.95096,-120.50906,Middle San Joaquin-Lower Chowchilla,,,False,0.0,0.0,,,,,0.0,False,20.8,2005-11-20,2005-11-20,1,,False,,,,,False,,,,,False,https://ceden.waterboards.ca.gov/AdvancedQueryTool
,ceden:541DSED25,Poso Slough at Valeria,ceden,CEDEN contributing programs,discrete_grab,natural,False,False,False,False,False,False,36.98164,-120.55665,Middle San Joaquin-Lower Chowchilla,,,False,0.0,0.0,,,,,0.0,False,20.8,2005-11-20,2005-11-20,1,,False,,,,,False,,,,,False,https://ceden.waterboards.ca.gov/AdvancedQueryTool
,ceden:541ESED25,Poso Slough at Evans,ceden,CEDEN contributing programs,discrete_grab,natural,False,False,False,False,False,False,36.99539,-120.57233,Middle San Joaquin-Lower Chowchilla,,,False,0.0,0.0,,,,,0.0,False,20.8,2005-11-20,2005-11-20,1,,False,,,,,False,,,,,False,https://ceden.waterboards.ca.gov/AdvancedQueryTool
,ceden:541FSED25,Poso Slough at Eucalyptus,ceden,CEDEN contributing programs,discrete_grab,natural,False,False,False,False,False,False,37.01076,-120.60405,Middle San Joaquin-Lower Chowchilla,,,False,0.0,0.0,,,,,0.0,False,20.8,2005-11-20,2005-11-20,1,,False,,,,,False,,,,,False,https://ceden.waterboards.ca.gov/AdvancedQueryTool
,ceden:541MER509,Rice Drain @ Mallard Road,ceden,CEDEN contributing programs,discrete_grab,drain,True,False,False,False,False,False,36.988889,-120.703889,Middle San Joaquin-Lower Chowchilla,,,False,0.0,0.0,,,,,0.0,False,26.3,2000-06-06,2000-06-06,1,,False,,,,,False,,,,,False,https://ceden.waterboards.ca.gov/AdvancedQueryTool
,ceden:541MER514,Los Banos Creek @ Gun Club Road,ceden,CEDEN contributing programs,discrete_grab,natural,False,False,False,False,False,False,37.232222,-120.941667,Middle San Joaquin-Lower Chowchilla,,,False,0.0,0.0,,,,,0.0,False,14.8,2011-12-21,2011-12-21,1,,False,,,,,False,,,,,False,https://ceden.waterboards.ca.gov/AdvancedQueryTool
,ceden:541MER532,San Luis Canal @ Henry Miller Road,ceden,CEDEN contributing programs,discrete_grab,conveyance,True,False,False,False,False,False,37.12888,-120.82055,Middle San Joaquin-Lower Chowchilla,,,False,0.9,0.9,,,,,0.0,False,11.7,2014-01-03,2014-12-30,48,7.5,False,,,,,False,,,,,False,https://ceden.waterboards.ca.gov/AdvancedQueryTool
,ceden:541MER539,Santa Fe Canal 150' north of SLC & SFC Inters,ceden,CEDEN contributing programs,discrete_grab,conveyance,True,False,False,False,False,False,37.094167,-120.822778,Middle San Joaquin-Lower Chowchilla,,,False,1.2,1.2,,,,,0.0,False,9.4,2016-02-09,2017-05-09,15,30.3,False,,,,,False,,,,,False,https://ceden.waterboards.ca.gov/AdvancedQueryTool
,ceden:541MER541,Mud Slough (North) @ Hwy 140,ceden,CEDEN contributing programs,discrete_grab,natural,False,False,False,False,False,False,37.291111,-120.942778,Middle San Joaquin-Lower Chowchilla,,,False,0.0,0.0,,,,,0.0,False,12.2,2014-07-09,2014-07-09,1,,False,,,,,False,,,,,False,https://ceden.waterboards.ca.gov/AdvancedQueryTool
,ceden:541MER544,Newman Wasteway above SJR,ceden,CEDEN contributing programs,discrete_grab,conveyance,True,False,False,False,False,False,37.337778,-120.971667,Middle San Joaquin-Lower Chowchilla,San Joaquin River,79.5,False,0.0,0.0,,,,,0.0,False,26.6,2000-02-01,2000-02-01,1,,False,,,,,False,,,,,False,https://ceden.waterboards.ca.gov/AdvancedQueryTool
,ceden:541NG1Wxx,North Grasslands 1,ceden,CEDEN contributing programs,discrete_grab,unknown,False,False,False,False,False,False,37.05069,-120.78326,Middle San Joaquin-Lower Chowchilla,,,False,0.0,0.0,,,,,0.0,False,14.0,2012-10-02,2012-10-03,3,0.3,False,,,,,False,,,,,False,https://ceden.waterboards.ca.gov/AdvancedQueryTool
,ceden:541NG2Wxx,North Grasslands 2,ceden,CEDEN contributing programs,discrete_grab,unknown,False,False,False,False,False,False,37.04201,-120.77711,Middle San Joaquin-Lower Chowchilla,,,False,0.0,0.0,,,,,0.0,False,14.0,2012-10-02,2012-10-03,3,0.3,False,,,,,False,,,,,False,https://ceden.waterboards.ca.gov/AdvancedQueryTool
,ceden:541NG3Wxx,North Grasslands 3,ceden,CEDEN contributing programs,discrete_grab,unknown,False,False,False,False,False,False,37.03594,-120.77993,Middle San Joaquin-Lower Chowchilla,,,False,0.0,0.0,,,,,0.0,False,14.0,2012-10-02,2012-10-03,3,0.3,False,,,,,False,,,,,False,https://ceden.waterboards.ca.gov/AdvancedQueryTool
,ceden:541PS0055,Los Banos Creek,ceden,CEDEN contributing programs,discrete_grab,natural,False,False,False,False,False,False,37.29825,-120.94811,Middle San Joaquin-Lower Chowchilla,,,False,0.0,0.0,,,,,0.0,False,18.2,2008-07-10,2008-07-10,1,,False,,,,,False,,,,,False,https://ceden.waterboards.ca.gov/AdvancedQueryTool
,ceden:541STC517,Orestimba Creek @ Bell Rd.,ceden,CEDEN contributing programs,discrete_grab,natural,False,False,False,False,False,False,37.33281,-121.10288,Lower San Joaquin River,,,False,0.7,0.7,,,,,0.0,False,21.1,2004-11-03,2005-08-03,17,16.1,False,,,,,False,,,,,False,https://ceden.waterboards.ca.gov/AdvancedQueryTool
,ceden:541STC520,Orestimba Creek @ Anderson Rd.,ceden,CEDEN contributing programs,discrete_grab,natural,False,False,False,False,False,False,37.36214,-121.06161,Lower San Joaquin River,,,False,0.7,0.7,,,,,0.0,False,21.0,2005-01-05,2005-10-05,17,16.1,False,,,,,False,,,,,False,https://ceden.waterboards.ca.gov/AdvancedQueryTool
,ceden:541STC521,Orestimba Creek @ Orestimba Rd.,ceden,CEDEN contributing programs,discrete_grab,natural,False,False,False,False,False,False,37.31929,-121.12093,Lower San Joaquin River,,,False,0.4,0.4,,,,,0.0,False,21.2,2005-01-05,2005-06-22,12,14.0,False,,,,,False,,,,,False,https://ceden.waterboards.ca.gov/AdvancedQueryTool
,ceden:541STC524,Del Puerto Creek @ Rogers,ceden,CEDEN contributing programs,discrete_grab,natural,False,False,False,False,False,False,37.49903,-121.17733,Lower San Joaquin River,,,False,0.9,0.9,,,,,0.0,False,20.8,2005-01-04,2005-12-07,8,13.0,False,,,,,False,,,,,False,https://ceden.waterboards.ca.gov/AdvancedQueryTool
,ceden:541STC528,Ingram Creek @ Hwy 33,ceden,CEDEN contributing programs,discrete_grab,natural,False,False,False,False,False,False,37.58887,-121.24244,Lower San Joaquin River,,,False,0.4,0.4,,,,,0.0,False,21.0,2005-03-23,2005-09-20,13,13.9,False,,,,,False,,,,,False,https://ceden.waterboards.ca.gov/AdvancedQueryTool
,ceden:541STC529,Hospital Creek @ Hwy 33,ceden,CEDEN contributing programs,discrete_grab,natural,False,False,False,False,False,False,37.60419,-121.25913,Lower San Joaquin River,,,False,0.9,0.9,,,,,0.0,False,20.8,2004-11-16,2005-11-15,16,22.8,False,,,,,False,,,,,False,https://ceden.waterboards.ca.gov/AdvancedQueryTool
,ceden:541UDAPRD,Unnamed Drain @ Pomelo Avenue near Paradise Avenue,ceden,CEDEN contributing programs,discrete_grab,drain,True,False,False,False,False,False,37.46904,-121.0627,Lower San Joaquin River,,,False,0.4,0.4,,,,,0.0,False,23.0,2003-03-26,2003-09-23,9,20.1,False,,,,,False,,,,,False,https://ceden.waterboards.ca.gov/AdvancedQueryTool
,ceden:541XHCAPS,Hospital Creek at Ponds,ceden,CEDEN contributing programs,discrete_grab,natural,False,False,False,False,False,False,37.618917,-121.222139,Lower San Joaquin River,,,False,0.0,0.0,,,,,0.0,False,21.1,2005-08-09,2005-08-09,1,,False,,,,,False,,,,,False,https://ceden.waterboards.ca.gov/AdvancedQueryTool
,ceden:541XLBCSA,Los Banos Creek at Sunset Ave.,ceden,CEDEN contributing programs,discrete_grab,natural,False,False,False,False,False,False,37.0275,-120.8898,Middle San Joaquin-Lower Chowchilla,,,False,0.9,0.9,,,,,0.0,False,15.6,2010-03-03,2011-02-23,2,178.5,False,,,,,False,,,,,False,https://ceden.waterboards.ca.gov/AdvancedQueryTool
,ceden:541XRADSL,Russell Ave. Drain at San Luis Canal,ceden,CEDEN contributing programs,discrete_grab,drain,True,False,False,False,False,False,36.7514,-120.65825,Middle San Joaquin-Lower Chowchilla,,,False,0.0,0.0,,,,,0.0,False,20.5,2006-03-17,2006-03-21,2,2.0,False,,,,,False,,,,,False,https://ceden.waterboards.ca.gov/AdvancedQueryTool
,ceden:541XSED06,Juncture of Poso Drain and Pick Anderson Bypass,ceden,CEDEN contributing programs,discrete_grab,drain,True,False,False,False,False,False,37.1406,-120.7072,Middle San Joaquin-Lower Chowchilla,San Joaquin River,137.4,False,0.0,0.0,,,,,0.0,False,22.1,2004-08-27,2004-08-27,1,,False,,,,,False,,,,,False,https://ceden.waterboards.ca.gov/AdvancedQueryTool
,ceden:541XSED12,Hospital Creek at Rd. 33,ceden,CEDEN contributing programs,discrete_grab,natural,False,False,False,False,False,False,37.6123,-121.2597,Lower San Joaquin River,,,False,0.0,0.0,,,,,0.0,False,22.1,2004-08-27,2004-08-27,1,,False,,,,,False,,,,,False,https://ceden.waterboards.ca.gov/AdvancedQueryTool
,ceden:541XSED25,PoSo Slough @ Hudson,ceden,CEDEN contributing programs,discrete_grab,natural,False,False,False,False,False,False,36.97646,-120.54536,Middle San Joaquin-Lower Chowchilla,,,False,0.6,0.6,,,,,0.0,False,20.8,2005-03-25,2005-11-20,3,80.0,False,,,,,False,,,,,False,https://ceden.waterboards.ca.gov/AdvancedQueryTool
,ceden:541XSED26,Holland Drain @ Hudson,ceden,CEDEN contributing programs,discrete_grab,drain,True,False,False,False,False,False,36.92477,-120.5183,Middle San Joaquin-Lower Chowchilla,,,False,0.4,0.4,,,,,0.0,False,21.1,2005-03-25,2005-08-20,2,74.0,False,,,,,False,,,,,False,https://ceden.waterboards.ca.gov/AdvancedQueryTool
,ceden:541XSED41,Del Puerto Creek at Loquat #1,ceden,CEDEN contributing programs,discrete_grab,natural,False,False,False,False,False,False,37.53856,-121.12389,Lower San Joaquin River,,,False,0.0,0.0,,,,,0.0,False,20.8,2005-12-07,2005-12-07,2,,False,,,,,False,,,,,False,https://ceden.waterboards.ca.gov/AdvancedQueryTool
,ceden:541XSED44,Del Puerto Creek at Frank Cox Road,ceden,CEDEN contributing programs,discrete_grab,natural,False,False,False,False,False,False,37.5313,-121.13805,Lower San Joaquin River,,,False,0.0,0.0,,,,,0.0,False,20.8,2005-12-07,2005-12-07,1,,False,,,,,False,,,,,False,https://ceden.waterboards.ca.gov/AdvancedQueryTool
,ceden:541XSED46,Del Puerto Creek at Zacharins Road,ceden,CEDEN contributing programs,discrete_grab,natural,False,False,False,False,False,False,37.49394,-121.19386,Lower San Joaquin River,,,False,0.0,0.0,,,,,0.0,False,20.8,2005-12-07,2005-12-07,1,,False,,,,,False,,,,,False,https://ceden.waterboards.ca.gov/AdvancedQueryTool
,ceden:541XSED47,Del Puerto Creek at DP Canyon,ceden,CEDEN contributing programs,discrete_grab,natural,False,False,False,False,False,False,37.47398,-121.23623,Lower San Joaquin River,,,False,0.0,0.0,,,,,0.0,False,20.8,2005-12-07,2005-12-07,1,,False,,,,,False,,,,,False,https://ceden.waterboards.ca.gov/AdvancedQueryTool
,ceden:541XSFGCR,Santa Fe Canal at Gun Club Road (WSJRWC),ceden,CEDEN contributing programs,discrete_grab,conveyance,True,False,False,False,False,False,37.23156,-120.90564,Middle San Joaquin-Lower Chowchilla,,,False,0.3,0.3,,,,,0.0,False,3.5,2022-11-09,2023-03-14,5,25.0,False,,,,,False,,,,,False,https://ceden.waterboards.ca.gov/AdvancedQueryTool
,ceden:541XSJWSP,San Joaquin River at WSID Pumps,ceden,CEDEN contributing programs,discrete_grab,natural,False,False,False,False,False,False,37.584722,-121.200208,Lower San Joaquin River,,,False,0.0,0.0,,,,,0.0,False,21.1,2005-08-09,2005-08-09,1,,False,,,,,False,,,,,False,https://ceden.waterboards.ca.gov/AdvancedQueryTool
,ceden:541XSSJ04,Island Field Drain at Catrina Rd,ceden,CEDEN contributing programs,discrete_grab,drain,True,False,False,False,False,False,37.061415,-120.572276,Middle San Joaquin-Lower Chowchilla,,,False,0.9,0.9,,,,,0.0,False,21.1,2004-08-27,2005-08-20,6,59.7,False,,,,,False,,,,,False,https://ceden.waterboards.ca.gov/AdvancedQueryTool
,ceden:541XSSJ05,Main Canal at Badger Flat Road,ceden,CEDEN contributing programs,discrete_grab,conveyance,True,False,False,False,False,False,37.0712,-120.8768,Middle San Joaquin-Lower Chowchilla,,,False,0.0,0.0,,,,,0.0,False,22.1,2004-08-27,2004-08-27,1,,False,,,,,False,,,,,False,https://ceden.waterboards.ca.gov/AdvancedQueryTool
,ceden:541XSSJ07,Boundary Drain at Henry Miller Ave,ceden,CEDEN contributing programs,discrete_grab,drain,True,False,False,False,False,False,37.098838,-120.777768,Middle San Joaquin-Lower Chowchilla,,,False,0.4,0.4,,,,,0.0,False,20.8,2005-06-22,2005-11-20,6,25.2,False,,,,,False,,,,,False,https://ceden.waterboards.ca.gov/AdvancedQueryTool
,ceden:541XSSJ08,Poso Drain at NE corner of Turner Island and Palazzo Rd,ceden,CEDEN contributing programs,discrete_grab,drain,True,False,False,False,False,False,37.128538,-120.705648,Middle San Joaquin-Lower Chowchilla,,,False,0.1,0.1,,,,,0.0,False,22.0,2004-07-15,2004-09-09,5,11.2,False,,,,,False,,,,,False,https://ceden.waterboards.ca.gov/AdvancedQueryTool
,ceden:541XWWARP,Westley Wasteway at Refuge Ponds,ceden,CEDEN contributing programs,discrete_grab,conveyance,True,False,False,False,False,False,37.562611,-121.166528,Lower San Joaquin River,San Joaquin River,29.0,False,0.0,0.0,,,,,0.0,False,21.1,2005-08-09,2005-08-09,1,,False,,,,,False,,,,,False,https://ceden.waterboards.ca.gov/AdvancedQueryTool
,ceden:542STC526,Del Puerto Creek @ Del Puerto Rd mi 13.6,ceden,CEDEN contributing programs,discrete_grab,natural,False,False,False,False,False,False,37.42447,-121.34285,Lower San Joaquin River,,,False,0.9,0.9,,,,,0.0,False,20.8,2004-12-08,2005-11-15,18,19.0,False,,,,,False,,,,,False,https://ceden.waterboards.ca.gov/AdvancedQueryTool
,ceden:544PCPR01,Paradise Cut at Paradise Road,ceden,CEDEN contributing programs,discrete_grab,natural,False,False,False,False,False,False,37.799791,-121.369382,San Joaquin Delta,,,True,0.3,0.3,,,,,0.0,False,19.2,2007-04-05,2007-07-26,8,14.0,False,,,,,False,,,,,False,https://ceden.waterboards.ca.gov/AdvancedQueryTool
,ceden:544SJC002,Walthall Slough,ceden,CEDEN contributing programs,discrete_grab,natural,False,False,False,False,False,False,37.7692,-121.2891,San Joaquin Delta,,,True,0.0,0.0,,,,,0.0,False,17.3,2009-05-19,2009-05-19,1,,False,,,,,False,,,,,False,https://ceden.waterboards.ca.gov/AdvancedQueryTool
,ceden:544TPSELR,Tom Pain Sl. @ El Rancho Rd,ceden,CEDEN contributing programs,discrete_grab,natural,False,False,False,False,False,False,37.76898,-121.3745,San Joaquin Delta,,,True,0.1,0.1,,,,,0.0,False,23.0,2003-07-24,2003-09-25,5,12.6,False,,,,,False,,,,,False,https://ceden.waterboards.ca.gov/AdvancedQueryTool
,ceden:545FRE007,San Joaquin River at Wildwood Canoe Launch,ceden,CEDEN contributing programs,discrete_grab,natural,False,False,False,False,False,False,36.87637,-119.7922,Middle San Joaquin-Lower Chowchilla,San Joaquin River,292.5,False,2.7,2.7,,,,,0.0,False,5.3,2018-09-04,2021-05-19,5,197.6,False,,,,,False,,,,,False,https://ceden.waterboards.ca.gov/AdvancedQueryTool
,ceden:545FRE020,San Joaquin River at Palm and Nees,ceden,CEDEN contributing programs,discrete_grab,natural,False,False,False,False,False,False,36.85031,-119.8148,Middle San Joaquin-Lower Chowchilla,San Joaquin River,288.6,False,2.0,2.0,,,,,0.0,False,14.0,2010-08-30,2012-09-04,18,40.9,False,,,,,False,,,,,False,https://ceden.waterboards.ca.gov/AdvancedQueryTool
,ceden:545MRDLWA,Livingston Canal at Walnut Ave,ceden,CEDEN contributing programs,discrete_grab,conveyance,True,False,False,False,False,False,37.23215,-120.38225,Middle San Joaquin-Lower Chowchilla,,,False,0.0,0.0,,,,,0.0,False,18.7,2008-01-07,2008-01-09,2,1.0,False,,,,,False,,,,,False,https://ceden.waterboards.ca.gov/AdvancedQueryTool
,ceden:545MRDLWW,Livingston Canal at Wilton Way,ceden,CEDEN contributing programs,discrete_grab,conveyance,True,False,False,False,False,False,37.22035,-120.365,Middle San Joaquin-Lower Chowchilla,,,False,0.0,0.0,,,,,0.0,False,18.7,2008-01-07,2008-01-09,2,1.0,False,,,,,False,,,,,False,https://ceden.waterboards.ca.gov/AdvancedQueryTool
,ceden:545SJ0144,San Joaquin River at Scout Island,ceden,CEDEN contributing programs,discrete_grab,natural,False,False,False,False,False,False,36.857411,-119.848842,Middle San Joaquin-Lower Chowchilla,San Joaquin River,284.7,False,1.3,1.3,,,,,0.0,False,14.0,2011-05-18,2012-09-04,18,26.4,False,,,,,False,,,,,False,https://ceden.waterboards.ca.gov/AdvancedQueryTool
,ceden:545SJ0145,San Joaquin River ~0.2mi below 13th St. Firebaugh,ceden,CEDEN contributing programs,discrete_grab,natural,False,False,False,False,False,False,36.859722,-120.448583,Middle San Joaquin-Lower Chowchilla,San Joaquin River,197.1,False,0.2,0.2,,,,,0.0,False,11.0,2015-07-01,2015-09-30,8,11.4,False,,,,,False,,,,,False,https://ceden.waterboards.ca.gov/AdvancedQueryTool
,ceden:545SJRFTD,San Joaquin Friant Dam,ceden,CEDEN contributing programs,discrete_grab,reservoir,False,False,False,False,False,False,36.991464,-119.71227,Middle San Joaquin-Lower Chowchilla,San Joaquin River,310.6,False,2.8,2.8,,,,,0.0,False,13.8,2010-01-20,2012-12-10,37,28.5,False,,,,,False,,,,,False,https://ceden.waterboards.ca.gov/AdvancedQueryTool
,ceden:545XBSARN,Berenda Slough @ Rd 19,ceden,CEDEN contributing programs,discrete_grab,natural,False,False,False,False,False,False,37.1214,-120.20206,Fresno River,,,False,0.3,0.3,,,,,0.0,False,18.0,2008-05-27,2008-09-30,3,42.0,False,,,,,False,,,,,False,https://ceden.waterboards.ca.gov/AdvancedQueryTool
,ceden:545XDCATE,Dry Creek @ Rd 28 1/2,ceden,CEDEN contributing programs,discrete_grab,natural,False,False,False,False,False,False,37.06785,-120.0292,Fresno River,,,False,0.1,0.1,,,,,0.0,False,18.0,2008-07-29,2008-09-30,2,31.5,False,,,,,False,,,,,False,https://ceden.waterboards.ca.gov/AdvancedQueryTool
,ceden:545XLWSMA,Lone Willow Slough @ Madera Ave,ceden,CEDEN contributing programs,discrete_grab,natural,False,False,False,False,False,False,36.8603,-120.37493,Middle San Joaquin-Lower Chowchilla,,,False,0.3,0.3,,,,,0.0,False,21.2,2005-02-16,2005-07-12,5,29.2,False,,,,,False,,,,,False,https://ceden.waterboards.ca.gov/AdvancedQueryTool
,ceden:551FRE150,San Joaquin River at Scout Island Downstream,ceden,CEDEN contributing programs,discrete_grab,natural,False,False,False,False,False,False,36.8589,-119.8422,Middle San Joaquin-Lower Chowchilla,San Joaquin River,285.8,False,0.0,0.0,,,,,0.0,False,8.0,2018-09-04,2018-09-26,4,5.5,False,,,,,False,,,,,False,https://ceden.waterboards.ca.gov/AdvancedQueryTool
,ceden:BJ1,Big Jackass Creek,ceden,CEDEN contributing programs,discrete_grab,natural,False,False,False,False,False,False,37.77904,-120.26544,Upper Tuolumne,,,False,0.0,0.0,,,,,0.0,False,11.4,2015-05-06,2015-05-06,1,,False,,,,,False,,,,,False,https://ceden.waterboards.ca.gov/AdvancedQueryTool
,ceden:MC2,Moccasin Creek,ceden,CEDEN contributing programs,discrete_grab,natural,False,False,False,False,False,False,37.7803,-120.27318,Upper Tuolumne,,,False,0.0,0.0,,,,,0.0,False,11.4,2015-04-28,2015-04-28,1,,False,,,,,False,,,,,False,https://ceden.waterboards.ca.gov/AdvancedQueryTool
,ceden:MSBWSI2,Mud Slough Back Water (Site I2)-MSBWSI2,ceden,CEDEN contributing programs,discrete_grab,natural,False,False,False,False,False,False,37.272356,-120.909731,Middle San Joaquin-Lower Chowchilla,,,False,2.5,2.5,,,,,0.0,False,12.7,2011-05-31,2013-12-27,59,16.0,False,,,,,False,,,,,False,https://ceden.waterboards.ca.gov/AdvancedQueryTool
,ceden:RC2,Rattlesnake Creek,ceden,CEDEN contributing programs,discrete_grab,natural,False,False,False,False,False,False,37.79551,-120.26385,Upper Tuolumne,,,False,0.0,0.0,,,,,0.0,False,11.4,2015-05-07,2015-05-07,1,,False,,,,,False,,,,,False,https://ceden.waterboards.ca.gov/AdvancedQueryTool
,ceden:SJRI_01,SJR below Friant Dam (Lost Lake)-SJRI_01,ceden,CEDEN contributing programs,discrete_grab,natural,False,False,False,False,False,False,36.9784,-119.732119,Middle San Joaquin-Lower Chowchilla,San Joaquin River,308.3,False,1.1,1.1,,,,,0.0,False,15.8,2009-09-30,2010-12-01,18,23.7,False,,,,,False,,,,,False,https://ceden.waterboards.ca.gov/AdvancedQueryTool
,ceden:SJRI_04,SJR at Highway 99 (Camp Pashayan)-SJRI_04,ceden,CEDEN contributing programs,discrete_grab,natural,False,False,False,False,False,False,36.843225,-119.932192,Middle San Joaquin-Lower Chowchilla,San Joaquin River,274.6,False,1.1,1.1,,,,,0.0,False,15.8,2009-09-30,2010-12-01,18,23.7,False,,,,,False,,,,,False,https://ceden.waterboards.ca.gov/AdvancedQueryTool
,ceden:SJRI_07,SJR below Mendota Dam-SJRI_07,ceden,CEDEN contributing programs,discrete_grab,natural,False,False,False,False,False,False,36.788919,-120.373453,Middle San Joaquin-Lower Chowchilla,San Joaquin River,212.1,False,1.0,1.0,,,,,0.0,False,15.8,2009-11-17,2010-12-01,9,42.1,False,,,,,False,,,,,False,https://ceden.waterboards.ca.gov/AdvancedQueryTool
,ceden:SJRI_09,SJR above Merced River (Hills Ferry)-SJRI_09,ceden,CEDEN contributing programs,discrete_grab,natural,False,False,False,False,False,False,37.347569,-120.975183,Middle San Joaquin-Lower Chowchilla,San Joaquin River,77.6,False,1.0,1.0,,,,,0.0,False,15.8,2009-10-29,2010-12-01,7,56.9,False,,,,,False,,,,,False,https://ceden.waterboards.ca.gov/AdvancedQueryTool
,ceden:SJRI_16,SJR at Highway 152-SJRI_16,ceden,CEDEN contributing programs,discrete_grab,natural,False,False,False,False,False,False,37.055786,-120.550036,Middle San Joaquin-Lower Chowchilla,San Joaquin River,163.9,False,0.7,0.7,,,,,0.0,False,15.8,2010-03-03,2010-12-01,7,39.0,False,,,,,False,,,,,False,https://ceden.waterboards.ca.gov/AdvancedQueryTool
,ceden:Sout-011,South Delta Subregion - Sout-011,ceden,CEDEN contributing programs,discrete_grab,unknown,False,False,False,False,False,False,37.793685,-121.307466,San Joaquin Delta,,,True,0.0,0.0,,,,,0.0,False,3.4,2023-04-26,2023-04-26,1,,False,,,,,False,,,,,False,https://ceden.waterboards.ca.gov/AdvancedQueryTool
,dwr_wdl:03S06E28B001M,WSID-06 Upper (124-154),dwr_wdl,California Department of Water Resources,groundwater_well,groundwater,True,False,False,True,False,False,37.652805,-121.310963,San Joaquin Delta,,,True,0.6,0.6,,,,,0.0,False,0.1,2025-12-15,2026-08-13,,,True,,,,,False,,,,,False,https://wdl.water.ca.gov/WaterDataLibrary/StationDetails.aspx?Station=03S06E28B001M
,dwr_wdl:03S06E28B002M,WSID-06 Middle (424-444),dwr_wdl,California Department of Water Resources,groundwater_well,groundwater,True,False,False,True,False,False,37.652805,-121.310963,San Joaquin Delta,,,True,0.6,0.6,,,,,0.0,False,0.1,2025-12-15,2026-08-13,,,True,,,,,False,,,,,False,https://wdl.water.ca.gov/WaterDataLibrary/StationDetails.aspx?Station=03S06E28B002M
,dwr_wdl:03S06E28B003M,WSID-06 Lower (504-534),dwr_wdl,California Department of Water Resources,groundwater_well,groundwater,True,False,False,True,False,False,37.652805,-121.310963,San Joaquin Delta,,,True,0.6,0.6,,,,,0.0,False,0.1,2025-12-15,2026-08-13,,,True,,,,,False,,,,,False,https://wdl.water.ca.gov/WaterDataLibrary/StationDetails.aspx?Station=03S06E28B003M
,dwr_wdl:03S06E29P500M,Banta-Carbona ID GSA MW-204 shallow screen 205-215 ft b,dwr_wdl,California Department of Water Resources,groundwater_well,groundwater,True,False,False,True,False,False,37.638264,-121.334744,San Joaquin Delta,,,True,0.7,0.7,,,,,0.0,False,0.1,2025-11-14,2026-08-14,,,True,,,,,False,,,,,False,https://wdl.water.ca.gov/WaterDataLibrary/StationDetails.aspx?Station=03S06E29P500M
,dwr_wdl:05S11E26Q003M,ETTSS-04 Middle,dwr_wdl,California Department of Water Resources,groundwater_well,groundwater,True,False,False,True,False,False,37.463039,-120.726752,Lower San Joaquin River,,,False,0.9,0.9,,,,,0.0,False,0.1,2025-09-17,2026-08-13,,,True,,,,,False,,,,,False,https://wdl.water.ca.gov/WaterDataLibrary/StationDetails.aspx?Station=05S11E26Q003M
,dwr_wdl:05S13E13K001M,ETTSS-02 Upper,dwr_wdl,California Department of Water Resources,groundwater_well,groundwater,True,False,False,True,False,False,37.497369,-120.489316,Upper Merced,,,False,1.2,1.2,,,,,0.0,False,0.1,2025-05-07,2026-08-11,,,True,,,,,False,,,,,False,https://wdl.water.ca.gov/WaterDataLibrary/StationDetails.aspx?Station=05S13E13K001M
,dwr_wdl:05S13E13K002M,ETTSS-02 Middle,dwr_wdl,California Department of Water Resources,groundwater_well,groundwater,True,False,False,True,False,False,37.497369,-120.489316,Upper Merced,,,False,1.2,1.2,,,,,0.0,False,0.1,2025-05-07,2026-08-11,,,True,,,,,False,,,,,False,https://wdl.water.ca.gov/WaterDataLibrary/StationDetails.aspx?Station=05S13E13K002M
,dwr_wdl:05S13E13K003M,ETTSS-02 Lower,dwr_wdl,California Department of Water Resources,groundwater_well,groundwater,True,False,False,True,False,False,37.497369,-120.489316,Upper Merced,,,False,1.2,1.2,,,,,0.0,False,0.1,2025-05-07,2026-08-11,,,True,,,,,False,,,,,False,https://wdl.water.ca.gov/WaterDataLibrary/StationDetails.aspx?Station=05S13E13K003M
,dwr_wdl:06S12E09E001M,ETTSS-03 Upper (85-105),dwr_wdl,California Department of Water Resources,groundwater_well,groundwater,True,False,False,True,False,False,37.428926,-120.66742,Upper Merced,Merced River,,False,0.4,0.4,,,,,0.0,False,0.1,2026-02-12,2026-08-13,,,True,,,,,False,,,,,False,https://wdl.water.ca.gov/WaterDataLibrary/StationDetails.aspx?Station=06S12E09E001M
,dwr_wdl:06S12E09E002M,ETTSS-03 Middle (150-170),dwr_wdl,California Department of Water Resources,groundwater_well,groundwater,True,False,False,True,False,False,37.428926,-120.66742,Upper Merced,Merced River,,False,0.4,0.4,,,,,0.0,False,0.1,2026-02-12,2026-08-13,,,True,,,,,False,,,,,False,https://wdl.water.ca.gov/WaterDataLibrary/StationDetails.aspx?Station=06S12E09E002M
,dwr_wdl:06S12E09E003M,ETTSS-03 Lower (220-260),dwr_wdl,California Department of Water Resources,groundwater_well,groundwater,True,False,False,True,False,False,37.428926,-120.66742,Upper Merced,Merced River,,False,0.4,0.4,,,,,0.0,False,0.1,2026-02-12,2026-08-13,,,True,,,,,False,,,,,False,https://wdl.water.ca.gov/WaterDataLibrary/StationDetails.aspx?Station=06S12E09E003M
,dwr_wdl:B00770,Delta Mendota Canal to Mendota Pool,"dwr_wdl,wqp",California Department of Water Resources,continuous_sonde,conveyance,True,True,False,False,False,False,36.786616,-120.385447,Middle San Joaquin-Lower Chowchilla,,,False,2.9,1.5,2.9,1998-07-09,2001-07-10,3.0,1.5,True,17.0,1998-07-09,2001-07-10,6,211.0,False,1998-07-09,2002-12-11,7,214.5,False,1969-10-01,1990-10-01,,,True,https://wdl.water.ca.gov/WaterDataLibrary/StationDetails.aspx?Station=B00770
,dwr_wdl:B00975,Panoche Drain near Dos Palos,"dwr_wdl,wqp",California Department of Water Resources,continuous_sonde,drain,True,True,False,False,False,False,36.923281,-120.68935,Middle San Joaquin-Lower Chowchilla,,,False,2.8,2.5,2.8,1998-05-20,2002-07-29,4.2,2.5,True,22.0,1998-05-20,2002-07-29,20,63.0,False,1998-03-11,2002-11-20,25,63.0,False,1964-10-01,2004-10-01,,,True,https://wdl.water.ca.gov/WaterDataLibrary/StationDetails.aspx?Station=B00975
,dwr_wdl:B06170,Owens Creek below Owens Dam near Planada,"dwr_wdl,wqp",California Department of Water Resources,continuous_sonde,natural,False,True,False,False,False,False,37.308275,-120.194344,Middle San Joaquin-Lower Chowchilla,,,False,2.0,2.0,2.0,1998-08-11,2002-02-06,3.5,2.0,True,24.6,1998-08-11,2002-02-06,4,365.0,False,1998-08-11,2002-02-06,4,365.0,False,1960-10-01,1990-10-01,,,True,https://wdl.water.ca.gov/WaterDataLibrary/StationDetails.aspx?Station=B06170
,dwr_wdl:B56100,Burns Creek below Burns Dam near Planada,"dwr_wdl,wqp",California Department of Water Resources,continuous_sonde,natural,False,True,False,False,False,False,37.37494,-120.276017,Middle San Joaquin-Lower Chowchilla,,,False,2.0,2.0,1.2,1999-02-09,2001-03-26,2.1,1.2,True,24.6,1999-02-09,2002-02-06,4,364.0,False,1999-02-09,2001-03-26,3,388.0,False,1980-10-01,1990-10-01,,,True,https://wdl.water.ca.gov/WaterDataLibrary/StationDetails.aspx?Station=B56100
,dwr_wdl:B62100,Mariposa Creek below Mariposa Dam,"dwr_wdl,wqp",California Department of Water Resources,continuous_sonde,natural,False,True,False,False,False,False,37.298275,-120.162676,Middle San Joaquin-Lower Chowchilla,,,False,2.0,2.0,2.0,1999-02-09,2002-02-06,3.0,2.0,True,24.6,1999-02-09,2002-02-06,4,364.0,False,1999-02-09,2002-02-06,4,364.0,False,1980-10-01,1989-10-01,,,True,https://wdl.water.ca.gov/WaterDataLibrary/StationDetails.aspx?Station=B62100
,esmr:731768,Clovis WWTF R-002U,esmr,Clovis WWTF,receiving_water,receiving_water,False,True,False,False,False,False,36.939445,-119.692001,Middle San Joaquin-Lower Chowchilla,,,False,0.0,0.0,0.0,2012-05-01,2012-05-01,0.0,0.0,False,13.5,2012-05-01,2012-05-01,1,,False,2012-05-01,2012-05-01,1,,False,,,,,False,https://ciwqs.waterboards.ca.gov/ciwqs/readOnly/CiwqsReportServlet?inCommand=reset&reportName=esmrAnalyticalData
,esmr:731840,El Portal WWTF M-INF,esmr,El Portal WWTF,influent,effluent,True,False,False,False,False,False,37.66,-119.81,Upper Merced,,,False,1.5,,1.5,,,,0.0,False,12.1,,,,,False,2013-01-03,2014-07-31,87,6.6,False,,,,,False,https://ciwqs.waterboards.ca.gov/ciwqs/readOnly/CiwqsReportServlet?inCommand=reset&reportName=esmrAnalyticalData
,esmr:731841,El Portal WWTF M-001,esmr,El Portal WWTF,effluent,effluent,True,True,False,False,False,False,37.67,-119.81,Upper Merced,Merced River,,False,1.5,1.5,1.5,2013-01-03,2014-07-31,1.6,1.5,True,12.1,2013-01-01,2014-07-31,,2.0,True,2013-01-03,2014-07-31,88,6.5,False,2013-01-01,2014-07-31,,0.9,True,https://ciwqs.waterboards.ca.gov/ciwqs/readOnly/CiwqsReportServlet?inCommand=reset&reportName=esmrAnalyticalData
,esmr:731844,El Portal WWTF R-001,esmr,El Portal WWTF,receiving_water,receiving_water,False,True,False,False,False,False,37.672778,-119.794722,Upper Merced,Merced River,,False,1.4,1.4,1.4,2013-01-03,2014-07-03,1.5,1.4,True,12.2,2013-01-03,2014-07-03,21,25.6,False,2013-01-03,2014-07-03,20,27.3,False,2013-01-01,2014-07-05,100,5.5,False,https://ciwqs.waterboards.ca.gov/ciwqs/readOnly/CiwqsReportServlet?inCommand=reset&reportName=esmrAnalyticalData
,esmr:731845,El Portal WWTF R-002,esmr,El Portal WWTF,receiving_water,receiving_water,False,True,False,False,False,False,37.669167,-119.783611,Upper Merced,Merced River,,False,1.5,1.5,1.4,2013-01-03,2014-07-03,1.5,1.4,True,12.1,2013-01-03,2014-07-30,23,24.5,False,2013-01-03,2014-07-03,20,27.3,False,2013-01-01,2014-07-05,100,5.5,False,https://ciwqs.waterboards.ca.gov/ciwqs/readOnly/CiwqsReportServlet?inCommand=reset&reportName=esmrAnalyticalData
,esmr:738663,Sonora Regional WWTP EFF-001,esmr,Sonora Regional WWTP,effluent,effluent,True,True,False,False,False,False,37.922222,-120.431389,Upper Tuolumne,,,False,0.1,0.1,0.0,2011-03-10,2011-04-05,0.1,0.0,True,15.4,2011-03-01,2011-04-14,,1.0,True,2011-03-10,2011-04-05,2,13.0,False,2011-03-01,2011-04-14,,1.0,True,https://ciwqs.waterboards.ca.gov/ciwqs/readOnly/CiwqsReportServlet?inCommand=reset&reportName=esmrAnalyticalData
,esmr:738961,Deuel Vocational Institution EFF-003,esmr,Deuel Vocational Institution,effluent,effluent,True,False,False,False,False,False,37.746111,-121.326389,San Joaquin Delta,,,True,2.0,,2.0,,,,0.0,True,12.5,,,,,False,2012-02-21,2014-03-04,26,28.5,False,2012-02-01,2014-03-31,,1.0,True,https://ciwqs.waterboards.ca.gov/ciwqs/readOnly/CiwqsReportServlet?inCommand=reset&reportName=esmrAnalyticalData
,esmr:741783,General Electric GWCS EFF-003,esmr,General Electric GWCS,effluent,effluent,True,True,False,False,False,False,37.291339,-120.424508,Middle San Joaquin-Lower Chowchilla,,,False,2.2,2.2,1.0,2013-07-11,2014-07-17,1.0,1.0,True,11.2,2013-01-14,2015-04-08,10,81.4,False,2013-07-11,2014-07-17,2,185.5,False,2013-01-01,2015-06-30,,1.0,True,https://ciwqs.waterboards.ca.gov/ciwqs/readOnly/CiwqsReportServlet?inCommand=reset&reportName=esmrAnalyticalData
,esmr:750007,"Turlock City, Turlock Regional Water Quality Control Facility EFF-002",esmr,"Turlock City, Turlock Regional Water Quality Control Facility",effluent,effluent,True,True,False,False,False,False,37.463056,-121.0325,Lower San Joaquin River,San Joaquin River,54.1,False,0.5,0.5,0.5,2014-11-03,2015-05-31,0.6,0.5,True,11.3,2014-11-01,2015-05-31,,1.0,True,2014-11-03,2015-05-31,42,5.0,False,2014-11-01,2015-05-31,,1.0,True,https://ciwqs.waterboards.ca.gov/ciwqs/readOnly/CiwqsReportServlet?inCommand=reset&reportName=esmrAnalyticalData
,usgs:USGS-11237000,BIG C BL HUNTINGTON LK CA,"ceden,usgs,wqp",U.S. Geological Survey,streamgage,natural,False,False,False,True,False,False,37.221334,-119.212622,Upper San Joaquin,,,False,0.0,0.0,,,,,0.0,True,1.0,1961-07-01,1970-09-29,,,True,,,,,False,1925-06-09,2025-09-30,,,True,https://waterdata.usgs.gov/monitoring-location/11237000
,usgs:USGS-11246500,WILLOW C A MOUTH NR AUBERRY CA,usgs,U.S. Geological Survey,streamgage,natural,False,False,False,True,False,False,37.150781,-119.460411,Upper San Joaquin,,,False,0.0,0.0,,,,,0.0,True,1.0,1961-11-21,1972-09-29,,,True,,,,,False,1950-11-18,2025-09-30,,,True,https://waterdata.usgs.gov/monitoring-location/11246500
,usgs:USGS-11247000,SAN JOAQUIN R BL KERCKHOFF PH NR PRATHER CA,"usgs,wqp",U.S. Geological Survey,streamgage,natural,False,False,False,False,False,False,37.079116,-119.560971,Upper San Joaquin,San Joaquin River,337.3,False,0.0,0.0,,,,,0.0,True,45.0,1960-11-11,1974-09-29,,,True,,,,,False,1910-04-01,1981-09-29,,,True,https://waterdata.usgs.gov/monitoring-location/11247000
,usgs:USGS-11253058,SAN JOAQUIN R A GRAVELLY FORD CN NR KERMAN CA,"usgs,wqp",U.S. Geological Survey,streamgage,natural,False,False,False,True,False,False,36.799167,-120.163611,Middle San Joaquin-Lower Chowchilla,San Joaquin River,248.8,False,0.6,0.6,,,,,0.0,True,3.0,2023-02-16,2023-09-30,,,True,,,,,False,2010-10-01,2022-09-30,1,,True,https://waterdata.usgs.gov/monitoring-location/11253058
,usgs:USGS-11257500,FRESNO R NR KNOWLES CA,usgs,U.S. Geological Survey,streamgage,natural,False,False,False,False,False,False,37.237169,-119.774876,Fresno River,,,False,0.0,0.0,,,,,0.0,True,36.0,1971-06-08,1988-07-15,,,True,,,,,False,1911-10-01,1990-09-30,,,True,https://waterdata.usgs.gov/monitoring-location/11257500
,usgs:USGS-11258000,FRESNO R BL HIDDEN DAM NR DAULTON CA,"usgs,wqp",U.S. Geological Survey,streamgage,natural,False,False,False,False,False,False,37.097447,-119.889601,Fresno River,,,False,0.0,0.0,,,,,0.0,True,36.0,1975-10-29,1990-08-09,,,True,,,,,False,1938-03-03,1990-09-29,,,True,https://waterdata.usgs.gov/monitoring-location/11258000
,usgs:USGS-11258900,WF CHOWCHILLA R NR MARIPOSA CA,"dwr_wdl,usgs,wqp",U.S. Geological Survey,streamgage,natural,False,True,False,False,False,False,37.420496,-119.87461,Middle San Joaquin-Lower Chowchilla,,,False,0.0,0.0,0.0,2001-03-27,2001-03-27,0.0,0.0,True,25.5,2001-03-27,2001-03-27,1,,False,2001-03-27,2001-03-27,1,,False,1957-10-01,1989-10-01,,,True,https://waterdata.usgs.gov/monitoring-location/11258900
,usgs:USGS-11258960,CHOWCHILLA R AB WILLOW C NR RAYMOND CA,usgs,U.S. Geological Survey,streamgage,natural,False,False,False,False,False,False,37.273001,-119.881272,Middle San Joaquin-Lower Chowchilla,,,False,0.0,0.0,,,,,0.0,True,36.0,1980-07-10,1988-03-05,,,True,,,,,False,1980-08-16,1990-09-30,,,True,https://waterdata.usgs.gov/monitoring-location/11258960
,usgs:USGS-11260815,SAN JOAQUIN R NR STEVINSON CA,"usgs,wqp",U.S. Geological Survey,streamgage,natural,False,True,True,True,False,False,37.295134,-120.843618,Middle San Joaquin-Lower Chowchilla,San Joaquin River,100.5,False,0.0,0.0,0.0,1985-10-25,1995-09-30,9.9,0.0,True,1.0,1985-10-25,1995-09-30,,,True,1985-10-16,2000-02-04,1,,True,2015-10-01,2025-10-01,,,True,https://waterdata.usgs.gov/monitoring-location/11260815
,usgs:USGS-11274000,SAN JOAQUIN R NR NEWMAN CA,"cdec,usgs,wqp",U.S. Geological Survey,streamgage,natural,False,True,True,True,False,False,37.350466,-120.977112,Lower San Joaquin River,San Joaquin River,77.2,False,0.0,0.0,0.0,1988-10-01,1995-09-30,7.0,0.0,True,0.0,1988-10-01,1995-09-30,,,True,1988-10-01,1995-09-30,,,True,1912-05-01,2026-09-21,,,True,https://waterdata.usgs.gov/monitoring-location/11274000
,usgs:USGS-11274560,HARDING DRAIN A CARPENTER RD NR PATTERSON CA,"usgs,wqp",U.S. Geological Survey,streamgage,drain,True,True,True,False,False,False,37.464379,-121.032154,Lower San Joaquin River,San Joaquin River,54.0,False,0.0,0.0,0.0,1992-05-17,1994-12-01,2.5,0.0,True,31.8,1992-05-17,1994-12-01,,,True,1992-05-17,1994-12-01,,,True,1992-05-17,1994-12-01,,,True,https://waterdata.usgs.gov/monitoring-location/11274560
,usgs:USGS-11283100,LILY C NR PINECREST CA,usgs,U.S. Geological Survey,streamgage,natural,False,False,False,False,False,False,38.144639,-119.900736,Upper Tuolumne,,,False,0.0,0.0,,,,,0.0,True,52.0,1964-10-01,1974-09-29,,,True,,,,,False,1963-02-01,1974-09-29,,,True,https://waterdata.usgs.gov/monitoring-location/11283100
,usgs:USGS-11285500,TUOLUMNE R A WARDS FERRY BR NR GROVELAND CA,usgs,U.S. Geological Survey,streamgage,natural,False,True,True,False,False,False,37.878333,-120.294722,Upper Tuolumne,Tuolumne River,,False,2.8,2.8,2.8,2013-12-06,2016-10-03,2.8,2.8,True,9.7,2013-12-06,2016-10-03,,,True,2013-12-06,2016-10-03,,,True,2013-12-05,2016-12-20,,,True,https://waterdata.usgs.gov/monitoring-location/11285500
,usgs:USGS-11292700,MF STANISLAUS R A HELLS HALF ACRE BRIDGE CA,"ceden,usgs,wqp",U.S. Geological Survey,streamgage,natural,False,False,False,True,False,False,38.247138,-120.03463,Upper Stanislaus,Stanislaus River,,False,0.0,0.0,,,,,0.0,True,1.0,1965-10-05,1978-12-31,,,True,,,,,False,1955-12-23,2025-10-01,,,True,https://waterdata.usgs.gov/monitoring-location/11292700
,usgs:USGS-11294500,NF STANISLAUS R NR AVERY CA,"cdec,usgs",U.S. Geological Survey,streamgage,natural,False,False,False,True,False,False,38.243807,-120.291028,Upper Stanislaus,,,False,0.0,0.0,,,,,0.0,True,0.0,1990-06-14,1998-09-30,,,True,,,,,False,1914-10-01,2026-09-21,,,True,https://waterdata.usgs.gov/monitoring-location/11294500
,usgs:USGS-11295400,STANISLAUS R NR HATHAWAY PINES CA,usgs,U.S. Geological Survey,streamgage,natural,False,False,False,False,False,False,38.141309,-120.372974,Upper Stanislaus,Stanislaus River,,False,0.0,0.0,,,,,0.0,True,32.0,1970-02-21,1983-03-04,,,True,,,,,False,1967-08-01,1994-10-06,,,True,https://waterdata.usgs.gov/monitoring-location/11295400
,usgs:USGS-375117120195901,DON PEDRO RES NR MOCCASIN CA,"usgs,wqp",U.S. Geological Survey,reservoir,reservoir,False,False,True,False,False,False,37.854822,-120.332939,Upper Tuolumne,Tuolumne River,,False,0.0,0.0,,,,,0.0,False,12.4,2014-04-30,2014-04-30,1,,True,,,,,True,,,,,False,https://waterdata.usgs.gov/monitoring-location/375117120195901
,wqp:11NPSWRD_WQX-DEPO_CAF&G_1,500 FT UPSTREAM FROM SODA SPRINGS BRIDGE,wqp,National Park Service Water Resources Division,discrete_grab,unknown,False,True,False,False,False,False,37.654889,-119.080167,Upper San Joaquin,San Joaquin River,457.2,False,0.0,0.0,0.0,1986-11-09,1989-08-09,2.7,0.0,False,37.1,1986-11-09,1989-08-09,2,1004.0,False,1986-11-09,1989-08-09,2,1004.0,False,,,,,False,https://www.waterqualitydata.us/provider/STORET/11NPSWRD_WQX/11NPSWRD_WQX-DEPO_CAF&G_1/
,wqp:11NPSWRD_WQX-DEPO_CAF&G_2,DEVILS POSTPILE NATIONAL MONUMENT PICNIC AREA,wqp,National Park Service Water Resources Division,discrete_grab,unknown,False,True,False,False,False,False,37.624778,-119.085056,Upper San Joaquin,San Joaquin River,452.9,False,0.0,0.0,0.0,1986-09-22,1988-09-22,2.0,0.0,False,38.0,1986-09-22,1988-09-22,2,731.0,False,1986-09-22,1988-09-22,2,731.0,False,,,,,False,https://www.waterqualitydata.us/provider/STORET/11NPSWRD_WQX/11NPSWRD_WQX-DEPO_CAF&G_2/
,wqp:11NPSWRD_WQX-DEPO_CAF&G_5,MIDDLE FORK OF THE SAN JOAQUIN R. AT MUIR TRAIL,wqp,National Park Service Water Resources Division,discrete_grab,natural,False,True,False,False,False,False,37.612194,-119.08275,Upper San Joaquin,San Joaquin River,451.4,False,0.0,0.0,0.0,1987-09-26,1997-10-01,10.0,0.0,False,29.0,1987-09-26,1997-10-01,4,721.0,False,1987-09-26,1997-10-01,4,721.0,False,,,,,False,https://www.waterqualitydata.us/provider/STORET/11NPSWRD_WQX/11NPSWRD_WQX-DEPO_CAF&G_5/
,wqp:11NPSWRD_WQX-DEPO_CAF&G_6,100M BELOW DEVILS POSTPILE NM RANGER STATION,wqp,National Park Service Water Resources Division,discrete_grab,unknown,False,True,False,False,False,False,37.629306,-119.084611,Upper San Joaquin,San Joaquin River,453.4,False,0.0,0.0,0.0,1988-09-25,1995-10-10,7.0,0.0,False,29.0,1988-09-25,1997-10-01,3,1646.5,False,1988-09-25,1995-10-10,2,2571.0,False,,,,,False,https://www.waterqualitydata.us/provider/STORET/11NPSWRD_WQX/11NPSWRD_WQX-DEPO_CAF&G_6/
,wqp:11NPSWRD_WQX-KICA_S045-OUT,Goddard,wqp,National Park Service Water Resources Division,discrete_grab,unknown,False,True,False,False,False,False,37.1443,-118.758,Upper San Joaquin,,,False,0.0,0.0,0.0,2016-09-25,2016-09-25,0.0,0.0,False,10.0,2016-09-25,2016-09-25,2,,False,2016-09-25,2016-09-25,4,,False,,,,,False,https://www.waterqualitydata.us/provider/STORET/11NPSWRD_WQX/11NPSWRD_WQX-KICA_S045-OUT/
,wqp:11NPSWRD_WQX-YOSE_Y009-OUT,Kendrick Outlet,wqp,National Park Service Water Resources Division,discrete_grab,unknown,False,True,False,False,False,False,38.0439,-119.771,Upper Tuolumne,,,False,0.0,0.0,0.0,2008-08-22,2008-08-22,0.0,0.0,False,18.1,2008-08-22,2008-08-22,1,,False,2008-08-22,2008-08-22,2,,False,,,,,False,https://www.waterqualitydata.us/provider/STORET/11NPSWRD_WQX/11NPSWRD_WQX-YOSE_Y009-OUT/
,wqp:11NPSWRD_WQX-YOSE_Y017-OUT,Upper Helen Lake Outlet,wqp,National Park Service Water Resources Division,discrete_grab,reservoir,False,True,False,False,False,False,37.8324,-119.238,Upper Tuolumne,,,False,0.0,0.0,0.0,2010-09-22,2010-09-22,0.0,0.0,False,11.1,2010-09-22,2010-09-22,1,,False,2010-09-22,2010-09-22,2,,False,,,,,False,https://www.waterqualitydata.us/provider/STORET/11NPSWRD_WQX/11NPSWRD_WQX-YOSE_Y017-OUT/
,wqp:11NPSWRD_WQX-YOSE_Y018-OUT,Lower Gaylor Lake Outlet,wqp,National Park Service Water Resources Division,discrete_grab,reservoir,False,True,False,False,False,False,37.908,-119.286,Upper Tuolumne,,,False,0.0,0.0,0.0,2010-09-06,2010-09-06,0.0,0.0,False,11.1,2010-09-06,2010-09-06,1,,False,2010-09-06,2010-09-06,2,,False,,,,,False,https://www.waterqualitydata.us/provider/STORET/11NPSWRD_WQX/11NPSWRD_WQX-YOSE_Y018-OUT/
,wqp:11NPSWRD_WQX-YOSE_Y019-OUT,Ardeth Lake Outlet,wqp,National Park Service Water Resources Division,discrete_grab,reservoir,False,True,False,False,False,False,38.0495,-119.694,Upper Tuolumne,,,False,0.0,0.0,0.0,2010-08-18,2010-08-18,0.0,0.0,False,11.1,2010-08-18,2010-08-18,1,,False,2010-08-18,2010-08-18,2,,False,,,,,False,https://www.waterqualitydata.us/provider/STORET/11NPSWRD_WQX/11NPSWRD_WQX-YOSE_Y019-OUT/
,wqp:11NPSWRD_WQX-YOSE_Y023-OUT,Arndt Lake Outlet,wqp,National Park Service Water Resources Division,discrete_grab,reservoir,False,True,False,False,False,False,38.0767,-119.506,Upper Tuolumne,,,False,0.0,0.0,0.0,2011-08-23,2011-08-23,0.0,0.0,False,15.1,2011-08-23,2011-08-23,1,,False,2011-08-23,2011-08-23,2,,False,,,,,False,https://www.waterqualitydata.us/provider/STORET/11NPSWRD_WQX/11NPSWRD_WQX-YOSE_Y023-OUT/
,wqp:11NPSWRD_WQX-YOSE_Y025-OUT,Boundary Lake West,wqp,National Park Service Water Resources Division,discrete_grab,reservoir,False,True,False,False,False,False,38.0825,-119.796,Upper Tuolumne,,,False,0.0,0.0,0.0,2011-08-17,2011-08-17,0.0,0.0,False,15.1,2011-08-17,2011-08-17,1,,False,2011-08-17,2011-08-17,2,,False,,,,,False,https://www.waterqualitydata.us/provider/STORET/11NPSWRD_WQX/11NPSWRD_WQX-YOSE_Y025-OUT/
,wqp:11NPSWRD_WQX-YOSE_Y027-OUT,Upper Mattie Lake,wqp,National Park Service Water Resources Division,discrete_grab,reservoir,False,True,False,False,False,False,37.9433,-119.43,Upper Tuolumne,,,False,0.0,0.0,0.0,2011-08-25,2011-08-25,0.0,0.0,False,15.1,2011-08-25,2011-08-25,1,,False,2011-08-25,2011-08-25,2,,False,,,,,False,https://www.waterqualitydata.us/provider/STORET/11NPSWRD_WQX/11NPSWRD_WQX-YOSE_Y027-OUT/
,wqp:11NPSWRD_WQX-YOSE_Y029-OUT,Flora Lake Outlet,wqp,National Park Service Water Resources Division,discrete_grab,reservoir,False,True,False,False,False,False,38.0506,-119.806,Upper Tuolumne,,,False,0.0,0.0,0.0,2011-08-17,2011-08-17,0.0,0.0,False,15.1,2011-08-17,2011-08-17,1,,False,2011-08-17,2011-08-17,2,,False,,,,,False,https://www.waterqualitydata.us/provider/STORET/11NPSWRD_WQX/11NPSWRD_WQX-YOSE_Y029-OUT/
,wqp:11NPSWRD_WQX-YOSE_Y030-OUT,Upper Ten Lakes,wqp,National Park Service Water Resources Division,discrete_grab,reservoir,False,True,False,False,False,False,37.8944,-119.522,Upper Tuolumne,,,False,0.0,0.0,0.0,2012-08-21,2012-08-21,0.0,0.0,False,14.1,2012-08-21,2012-08-21,1,,False,2012-08-21,2012-08-21,2,,False,,,,,False,https://www.waterqualitydata.us/provider/STORET/11NPSWRD_WQX/11NPSWRD_WQX-YOSE_Y030-OUT/
,wqp:11NPSWRD_WQX-YOSE_Y500-OUT,Maclure Outlet,wqp,National Park Service Water Resources Division,discrete_grab,unknown,False,True,False,False,False,False,37.7574,-119.28,Upper Tuolumne,,,False,2.2,2.2,2.2,2008-07-02,2010-09-28,2.2,2.2,False,16.0,2008-07-02,2010-09-28,11,31.5,False,2008-07-02,2010-09-28,21,31.5,False,,,,,False,https://www.waterqualitydata.us/provider/STORET/11NPSWRD_WQX/11NPSWRD_WQX-YOSE_Y500-OUT/
,wqp:11NPSWRD_WQX-YOSE_Y501-OUT,Kuna Outlet,wqp,National Park Service Water Resources Division,discrete_grab,unknown,False,True,False,False,False,False,37.8108,-119.226,Upper Tuolumne,,,False,2.2,2.2,2.2,2008-07-03,2010-09-29,2.2,2.2,False,16.0,2008-07-03,2010-09-29,12,28.0,False,2008-07-03,2010-09-29,23,28.0,False,,,,,False,https://www.waterqualitydata.us/provider/STORET/11NPSWRD_WQX/11NPSWRD_WQX-YOSE_Y501-OUT/
,wqp:CALWR_WQX-04S06E09D001M,04S06E09D001M,wqp,California Department Of Water Resources,discrete_grab,groundwater,True,False,False,False,False,False,37.605,-121.3283,Lower San Joaquin River,,,False,1.6,,1.6,,,,0.0,False,25.1,,,,,False,1999-08-12,2001-08-09,2,728.0,False,,,,,False,https://www.waterqualitydata.us/provider/STORET/CALWR_WQX/CALWR_WQX-04S06E09D001M/
,wqp:CALWR_WQX-05N05W28R001M,05N05W28R001M,wqp,California Department Of Water Resources,discrete_grab,groundwater,True,True,False,False,False,False,37.2445,-121.4127,Lower San Joaquin River,,,False,2.6,2.6,2.6,1998-08-24,2002-08-27,4.0,2.6,False,24.1,1998-08-24,2002-08-27,2,1464.0,False,1998-08-24,2002-08-27,2,1464.0,False,,,,,False,https://www.waterqualitydata.us/provider/STORET/CALWR_WQX/CALWR_WQX-05N05W28R001M/
,wqp:CALWR_WQX-05N08E26P001M,05N08E26P001M,wqp,California Department Of Water Resources,discrete_grab,groundwater,True,True,False,False,False,False,37.2486,-121.0683,Middle San Joaquin-Lower Chowchilla,,,False,1.7,1.7,1.7,1999-07-26,2001-10-09,2.2,1.7,False,25.0,1999-07-26,2001-10-09,2,806.0,False,1999-07-26,2001-10-09,2,806.0,False,,,,,False,https://www.waterqualitydata.us/provider/STORET/CALWR_WQX/CALWR_WQX-05N08E26P001M/
,wqp:CALWR_WQX-10S09E25A001M,10S09E25A001M,wqp,California Department Of Water Resources,discrete_grab,groundwater,True,True,False,False,False,False,37.038422,-119.931108,Fresno River,,,False,0.0,0.0,0.0,2000-08-16,2000-08-16,0.0,0.0,False,26.1,2000-08-16,2000-08-16,1,,False,2000-08-16,2000-08-16,1,,False,,,,,False,https://www.waterqualitydata.us/provider/STORET/CALWR_WQX/CALWR_WQX-10S09E25A001M/
,wqp:CALWR_WQX-10S10E10E002M,10S10E10E002M,wqp,California Department Of Water Resources,discrete_grab,groundwater,True,True,False,False,False,False,37.078108,-120.872094,Middle San Joaquin-Lower Chowchilla,,,False,0.0,0.0,0.0,2000-08-17,2000-08-17,0.0,0.0,False,26.1,2000-08-17,2000-08-17,1,,False,2000-08-17,2000-08-17,1,,False,,,,,False,https://www.waterqualitydata.us/provider/STORET/CALWR_WQX/CALWR_WQX-10S10E10E002M/
,wqp:CALWR_WQX-10S10E10L001M,10S10E10L001M,wqp,California Department Of Water Resources,discrete_grab,groundwater,True,True,False,False,False,False,37.074492,-120.867564,Middle San Joaquin-Lower Chowchilla,,,False,0.0,0.0,0.0,2000-08-17,2000-08-17,0.0,0.0,False,26.1,2000-08-17,2000-08-17,1,,False,2000-08-17,2000-08-17,1,,False,,,,,False,https://www.waterqualitydata.us/provider/STORET/CALWR_WQX/CALWR_WQX-10S10E10L001M/
,wqp:CALWR_WQX-10S10E10R002M,10S10E10R002M,wqp,California Department Of Water Resources,discrete_grab,groundwater,True,True,False,False,False,False,37.070878,-120.858506,Middle San Joaquin-Lower Chowchilla,,,False,0.0,0.0,0.0,2000-08-17,2000-08-17,0.0,0.0,False,26.1,2000-08-17,2000-08-17,1,,False,2000-08-17,2000-08-17,1,,False,,,,,False,https://www.waterqualitydata.us/provider/STORET/CALWR_WQX/CALWR_WQX-10S10E10R002M/
,wqp:CALWR_WQX-10S10E19R002M,10S10E19R002M,wqp,California Department Of Water Resources,discrete_grab,groundwater,True,True,False,False,False,False,37.0425,-120.91,Middle San Joaquin-Lower Chowchilla,,,False,0.0,0.0,0.0,2000-08-16,2000-08-16,0.0,0.0,False,26.1,2000-08-16,2000-08-16,1,,False,2000-08-16,2000-08-16,1,,False,,,,,False,https://www.waterqualitydata.us/provider/STORET/CALWR_WQX/CALWR_WQX-10S10E19R002M/
,wqp:CALWR_WQX-10S10E21N001M,10S10E21N001M,wqp,California Department Of Water Resources,discrete_grab,groundwater,True,True,False,False,False,False,37.042,-120.8913,Middle San Joaquin-Lower Chowchilla,,,False,0.6,0.6,0.6,1999-08-10,2000-08-17,1.0,0.6,False,26.1,1999-08-10,2000-08-17,2,373.0,False,1999-08-10,2000-08-17,2,373.0,False,,,,,False,https://www.waterqualitydata.us/provider/STORET/CALWR_WQX/CALWR_WQX-10S10E21N001M/
,wqp:CALWR_WQX-10S10E25D002M,10S10E25D002M,wqp,California Department Of Water Resources,discrete_grab,groundwater,True,True,False,False,False,False,37.0383,-120.8368,Middle San Joaquin-Lower Chowchilla,,,False,0.0,0.0,0.0,2001-08-06,2001-08-06,0.0,0.0,False,25.1,2001-08-06,2001-08-06,1,,False,2001-08-06,2001-08-06,1,,False,,,,,False,https://www.waterqualitydata.us/provider/STORET/CALWR_WQX/CALWR_WQX-10S10E25D002M/
,wqp:CALWR_WQX-10S10E28D003M,10S10E28D003M,wqp,California Department Of Water Resources,discrete_grab,groundwater,True,True,False,False,False,False,37.038422,-120.890292,Middle San Joaquin-Lower Chowchilla,,,False,0.0,0.0,0.0,2000-08-16,2000-08-16,0.0,0.0,False,26.1,2000-08-16,2000-08-16,1,,False,2000-08-16,2000-08-16,1,,False,,,,,False,https://www.waterqualitydata.us/provider/STORET/CALWR_WQX/CALWR_WQX-10S10E28D003M/
,wqp:CALWR_WQX-10S10E29N002M,10S10E29N002M,wqp,California Department Of Water Resources,discrete_grab,groundwater,True,True,False,False,False,False,37.0308,-120.9082,Middle San Joaquin-Lower Chowchilla,,,False,0.0,0.0,0.0,2001-08-06,2001-08-06,0.0,0.0,False,25.1,2001-08-06,2001-08-06,1,,False,2001-08-06,2001-08-06,1,,False,,,,,False,https://www.waterqualitydata.us/provider/STORET/CALWR_WQX/CALWR_WQX-10S10E29N002M/
,wqp:CALWR_WQX-10S10E32F002M,10S10E32F002M,wqp,California Department Of Water Resources,discrete_grab,groundwater,True,True,False,False,False,False,37.020278,-120.899167,Middle San Joaquin-Lower Chowchilla,,,False,0.0,0.0,0.0,2000-08-16,2000-08-16,0.0,0.0,False,26.1,2000-08-16,2000-08-16,1,,False,2000-08-16,2000-08-16,1,,False,,,,,False,https://www.waterqualitydata.us/provider/STORET/CALWR_WQX/CALWR_WQX-10S10E32F002M/
,wqp:CALWR_WQX-10S10E32L003M,10S10E32L003M,wqp,California Department Of Water Resources,discrete_grab,groundwater,True,True,False,False,False,False,37.0197,-120.9007,Middle San Joaquin-Lower Chowchilla,,,False,0.0,0.0,0.0,2001-08-07,2001-08-07,0.0,0.0,False,25.1,2001-08-07,2001-08-07,1,,False,2001-08-07,2001-08-07,1,,False,,,,,False,https://www.waterqualitydata.us/provider/STORET/CALWR_WQX/CALWR_WQX-10S10E32L003M/
,wqp:CALWR_WQX-10S10E34C001M,10S10E34C001M,wqp,California Department Of Water Resources,discrete_grab,groundwater,True,True,False,False,False,False,37.0272,-120.8655,Middle San Joaquin-Lower Chowchilla,,,False,0.0,0.0,0.0,2001-08-07,2001-08-07,0.0,0.0,False,25.1,2001-08-07,2001-08-07,1,,False,2001-08-07,2001-08-07,1,,False,,,,,False,https://www.waterqualitydata.us/provider/STORET/CALWR_WQX/CALWR_WQX-10S10E34C001M/
,wqp:CALWR_WQX-10S10E34M001M,10S10E34M001M,wqp,California Department Of Water Resources,discrete_grab,groundwater,True,True,False,False,False,False,37.0167,-120.8731,Middle San Joaquin-Lower Chowchilla,,,False,0.6,0.6,0.6,1999-08-10,2000-08-16,1.0,0.6,False,26.1,1999-08-10,2000-08-16,2,372.0,False,1999-08-10,2000-08-16,2,372.0,False,,,,,False,https://www.waterqualitydata.us/provider/STORET/CALWR_WQX/CALWR_WQX-10S10E34M001M/
,wqp:CALWR_WQX-11S10E08F001M,11S10E08F001M,wqp,California Department Of Water Resources,discrete_grab,groundwater,True,True,False,False,False,False,36.991508,-120.903861,Middle San Joaquin-Lower Chowchilla,,,False,0.0,0.0,0.0,2000-08-16,2000-08-16,0.0,0.0,False,26.1,2000-08-16,2000-08-16,1,,False,2000-08-16,2000-08-16,1,,False,,,,,False,https://www.waterqualitydata.us/provider/STORET/CALWR_WQX/CALWR_WQX-11S10E08F001M/
,wqp:CALWR_WQX-11S10E09R002M,11S10E09R002M,wqp,California Department Of Water Resources,discrete_grab,groundwater,True,True,False,False,False,False,36.9842,-120.8777,Middle San Joaquin-Lower Chowchilla,,,False,0.6,0.6,0.6,1998-09-09,2000-08-16,1.9,0.6,False,26.1,1998-09-09,2000-08-16,2,707.0,False,1998-09-09,2000-08-16,2,707.0,False,,,,,False,https://www.waterqualitydata.us/provider/STORET/CALWR_WQX/CALWR_WQX-11S10E09R002M/
,wqp:CALWR_WQX-11S10E13B001M,11S10E13B001M,wqp,California Department Of Water Resources,discrete_grab,groundwater,True,True,False,False,False,False,36.980722,-120.826739,Middle San Joaquin-Lower Chowchilla,,,False,0.0,0.0,0.0,2000-08-16,2000-08-16,0.0,0.0,False,26.1,2000-08-16,2000-08-16,1,,False,2000-08-16,2000-08-16,1,,False,,,,,False,https://www.waterqualitydata.us/provider/STORET/CALWR_WQX/CALWR_WQX-11S10E13B001M/
,wqp:CALWR_WQX-11S11E30B002M,11S11E30B002M,wqp,California Department Of Water Resources,discrete_grab,groundwater,True,True,False,False,False,False,36.951922,-120.808639,Middle San Joaquin-Lower Chowchilla,,,False,0.0,0.0,0.0,2000-08-16,2000-08-16,0.0,0.0,False,26.1,2000-08-16,2000-08-16,1,,False,2000-08-16,2000-08-16,1,,False,,,,,False,https://www.waterqualitydata.us/provider/STORET/CALWR_WQX/CALWR_WQX-11S11E30B002M/
,wqp:CALWR_WQX-B0040000,MUD SLU NR STEVINSON,wqp,California Department Of Water Resources,discrete_grab,unknown,False,True,False,False,False,False,37.2966,-120.941,Middle San Joaquin-Lower Chowchilla,,,False,2.9,2.9,2.8,1998-04-06,2002-10-23,4.5,2.8,False,23.8,1998-04-06,2002-12-10,50,28.0,False,1998-04-06,2002-10-23,49,28.0,False,,,,,False,https://www.waterqualitydata.us/provider/STORET/CALWR_WQX/CALWR_WQX-B0040000/
,wqp:CALWR_WQX-B0516650,CANAL C A OAKDALE RD,wqp,California Department Of Water Resources,discrete_grab,conveyance,True,True,False,False,False,False,37.4241,-120.5282,Middle San Joaquin-Lower Chowchilla,,,False,1.6,1.6,1.6,1998-08-10,2001-08-27,3.0,1.6,False,25.1,1998-08-10,2001-08-27,7,182.0,False,1998-08-10,2001-08-27,7,182.0,False,,,,,False,https://www.waterqualitydata.us/provider/STORET/CALWR_WQX/CALWR_WQX-B0516650/
,wqp:CALWR_WQX-B0639950,DEADMAN C A BAXTER RD,wqp,California Department Of Water Resources,discrete_grab,natural,False,True,False,False,False,False,37.2322,-120.1427,Middle San Joaquin-Lower Chowchilla,,,False,0.0,0.0,0.0,2001-03-26,2001-03-26,0.0,0.0,False,25.5,2001-03-26,2001-03-26,1,,False,2001-03-26,2001-03-26,1,,False,,,,,False,https://www.waterqualitydata.us/provider/STORET/CALWR_WQX/CALWR_WQX-B0639950/
,wqp:CALWR_WQX-B0D74761180,KV Lift Station,wqp,California Department Of Water Resources,discrete_grab,unknown,False,True,False,False,False,False,37.7938,-121.3,San Joaquin Delta,,,True,2.2,2.2,2.2,2009-12-13,2012-03-25,2.3,2.2,False,14.5,2009-12-13,2012-03-25,10,55.0,False,2009-12-13,2012-03-25,10,55.0,False,,,,,False,https://www.waterqualitydata.us/provider/STORET/CALWR_WQX/CALWR_WQX-B0D74761180/
,wqp:CALWR_WQX-B0D74781185,M6 Lift Station,wqp,California Department Of Water Resources,discrete_grab,unknown,False,True,False,False,False,False,37.7965,-121.3085,San Joaquin Delta,,,True,2.2,2.2,2.2,2009-12-13,2012-03-25,2.3,2.2,False,14.5,2009-12-13,2012-03-25,11,68.0,False,2009-12-13,2012-03-25,11,68.0,False,,,,,False,https://www.waterqualitydata.us/provider/STORET/CALWR_WQX/CALWR_WQX-B0D74781185/
,wqp:CALWR_WQX-B0D74821181,M5 Lift Station,wqp,California Department Of Water Resources,discrete_grab,unknown,False,True,False,False,False,False,37.8034,-121.3017,San Joaquin Delta,,,True,2.4,2.4,2.4,2009-10-14,2012-03-25,2.4,2.4,False,14.5,2009-10-14,2012-03-25,8,55.0,False,2009-10-14,2012-03-25,8,55.0,False,,,,,False,https://www.waterqualitydata.us/provider/STORET/CALWR_WQX/CALWR_WQX-B0D74821181/
,wqp:CALWR_WQX-B0D74821187,M2 Lift Station,wqp,California Department Of Water Resources,discrete_grab,unknown,False,True,False,False,False,False,37.8027,-121.3115,San Joaquin Delta,,,True,2.4,2.4,2.4,2009-10-14,2012-03-25,2.4,2.4,False,14.5,2009-10-14,2012-03-25,15,55.0,False,2009-10-14,2012-03-25,15,55.0,False,,,,,False,https://www.waterqualitydata.us/provider/STORET/CALWR_WQX/CALWR_WQX-B0D74821187/
,wqp:CALWR_WQX-B0D74831187,River Station,wqp,California Department Of Water Resources,discrete_grab,natural,False,True,False,False,False,False,37.8047,-121.3123,San Joaquin Delta,,,True,2.4,2.4,2.4,2009-10-14,2012-03-25,2.4,2.4,False,14.5,2009-10-14,2012-03-25,13,57.5,False,2009-10-14,2012-03-25,13,57.5,False,,,,,False,https://www.waterqualitydata.us/provider/STORET/CALWR_WQX/CALWR_WQX-B0D74831187/
,wqp:CALWR_WQX-B0D74881187,M1 Lift Station,wqp,California Department Of Water Resources,discrete_grab,unknown,False,True,False,False,False,False,37.8141,-121.3123,San Joaquin Delta,,,True,2.4,2.4,2.4,2009-10-14,2012-03-25,2.4,2.4,False,14.5,2009-10-14,2012-03-25,13,55.0,False,2009-10-14,2012-03-25,13,55.0,False,,,,,False,https://www.waterqualitydata.us/provider/STORET/CALWR_WQX/CALWR_WQX-B0D74881187/
,wqp:CALWR_WQX-B0D75041170,Stone Bridge Station,wqp,California Department Of Water Resources,discrete_grab,unknown,False,True,False,False,False,False,37.8406,-121.2835,San Joaquin Delta,,,True,0.1,0.1,0.1,2009-12-13,2010-01-21,0.1,0.1,False,16.7,2009-12-13,2010-01-21,3,19.5,False,2009-12-13,2010-01-21,3,19.5,False,,,,,False,https://www.waterqualitydata.us/provider/STORET/CALWR_WQX/CALWR_WQX-B0D75041170/
,wqp:CALWR_WQX-B6202010,OWENS C AB OWENS RES,wqp,California Department Of Water Resources,discrete_grab,natural,False,True,False,False,False,False,37.3388,-120.1649,Middle San Joaquin-Lower Chowchilla,,,False,0.0,0.0,0.0,2001-03-26,2001-03-26,0.0,0.0,False,25.5,2001-03-26,2001-03-26,1,,False,2001-03-26,2001-03-26,1,,False,,,,,False,https://www.waterqualitydata.us/provider/STORET/CALWR_WQX/CALWR_WQX-B6202010/
,wqp:CALWR_WQX-B7D74861194,San Joaquin River @ Lathrop,wqp,California Department Of Water Resources,discrete_grab,natural,False,True,False,False,False,False,37.81,-121.323,San Joaquin Delta,,,True,0.1,0.1,0.1,2009-12-12,2010-01-20,0.1,0.1,False,16.7,2009-12-12,2010-01-20,4,6.0,False,2009-12-12,2010-01-20,4,6.0,False,,,,,False,https://www.waterqualitydata.us/provider/STORET/CALWR_WQX/CALWR_WQX-B7D74861194/
,wqp:CALWR_WQX-B9D74660201,Paradise Cut at N. Train Tressle,wqp,California Department Of Water Resources,discrete_grab,natural,False,False,False,False,False,False,37.775972,-120.334861,Upper Tuolumne,,,False,0.6,,0.6,,,,0.0,False,17.0,,,,,False,2009-01-07,2009-09-03,17,15.0,False,,,,,False,https://www.waterqualitydata.us/provider/STORET/CALWR_WQX/CALWR_WQX-B9D74660201/
,wqp:CALWR_WQX-B9D746803010,Drain at Wicklund Road,wqp,California Department Of Water Resources,discrete_grab,drain,True,False,False,False,False,False,37.780077,-120.516256,Upper Tuolumne,,,False,1.4,,1.4,,,,0.0,False,16.1,,,,,False,2009-03-17,2010-08-30,26,17.0,False,,,,,False,https://www.waterqualitydata.us/provider/STORET/CALWR_WQX/CALWR_WQX-B9D746803010/
,wqp:CALWR_WQX-B9D74761184,"San Joaquin River at Sadler Oak Rd, Lathrop",wqp,California Department Of Water Resources,discrete_grab,natural,False,True,False,False,False,False,37.7934,-121.3063,San Joaquin Delta,,,True,1.0,1.0,1.0,2011-03-19,2012-03-24,1.0,1.0,False,14.5,2011-03-19,2012-03-24,7,63.0,False,2011-03-19,2012-03-24,7,63.0,False,,,,,False,https://www.waterqualitydata.us/provider/STORET/CALWR_WQX/CALWR_WQX-B9D74761184/
,wqp:CALWR_WQX-B9D74831181,M3 Lift Station,wqp,California Department Of Water Resources,discrete_grab,unknown,False,True,False,False,False,False,37.805,-121.3012,San Joaquin Delta,,,True,2.4,2.4,2.4,2009-10-14,2012-03-25,2.4,2.4,False,14.5,2009-10-14,2012-03-25,15,55.0,False,2009-10-14,2012-03-25,15,55.0,False,,,,,False,https://www.waterqualitydata.us/provider/STORET/CALWR_WQX/CALWR_WQX-B9D74831181/
,wqp:CALWR_WQX-B9D75830382,Lt 48,wqp,California Department Of Water Resources,discrete_grab,unknown,False,True,False,False,False,False,37.9708,-120.6367,Upper Stanislaus,,,False,0.8,0.8,0.8,2006-08-09,2007-06-15,0.8,0.8,False,19.3,2006-08-09,2007-06-15,2,310.0,False,2006-08-09,2007-06-15,2,310.0,False,,,,,False,https://www.waterqualitydata.us/provider/STORET/CALWR_WQX/CALWR_WQX-B9D75830382/
,wqp:CALWR_WQX-B9D80100010,Sand Mound slough,wqp,California Department Of Water Resources,discrete_grab,natural,False,False,False,False,False,False,38.016667,-120.016667,Upper Tuolumne,,,False,0.1,,0.1,,,,0.0,False,19.0,,,,,False,2007-07-11,2007-09-19,7,14.0,False,,,,,False,https://www.waterqualitydata.us/provider/STORET/CALWR_WQX/CALWR_WQX-B9D80100010/
,wqp:CALWR_WQX-B9D80360320,Light 4,wqp,California Department Of Water Resources,discrete_grab,unknown,False,False,False,False,False,False,38.0606,-120.5328,Upper Stanislaus,,,False,0.1,,0.1,,,,0.0,False,19.0,,,,,False,2007-07-11,2007-09-19,7,14.0,False,,,,,False,https://www.waterqualitydata.us/provider/STORET/CALWR_WQX/CALWR_WQX-B9D80360320/
,wqp:CALWR_WQX-B9D80520052,Fluoroprobe Special Study TOC/DOC,wqp,California Department Of Water Resources,discrete_grab,unknown,False,True,False,False,False,False,38.086667,-120.086111,Upper Tuolumne,,,False,0.4,0.4,0.4,2013-06-13,2013-11-25,0.5,0.4,False,12.8,2013-06-13,2013-11-25,69,9.0,False,2013-06-13,2013-11-25,69,9.0,False,,,,,False,https://www.waterqualitydata.us/provider/STORET/CALWR_WQX/CALWR_WQX-B9D80520052/
,wqp:CALWR_WQX-B9V74631197,Drain at Paradise Cut and Hwy 205,wqp,California Department Of Water Resources,discrete_grab,drain,True,False,False,False,False,False,37.771258,-121.327525,San Joaquin Delta,,,True,0.1,,0.1,,,,0.0,False,17.2,,,,,False,2009-04-15,2009-06-24,2,70.0,False,,,,,False,https://www.waterqualitydata.us/provider/STORET/CALWR_WQX/CALWR_WQX-B9V74631197/
,wqp:CALWR_WQX-B9V74821231,"Ag Drain on Pescadero Tr., PP. No. 3",wqp,California Department Of Water Resources,discrete_grab,drain,True,True,False,False,False,False,37.803611,-121.385278,San Joaquin Delta,,,True,0.0,0.0,0.0,1987-08-05,1994-04-19,6.7,0.0,False,32.4,1987-08-05,1994-04-19,3,1224.5,False,1987-08-05,1994-04-19,3,1224.5,False,,,,,False,https://www.waterqualitydata.us/provider/STORET/CALWR_WQX/CALWR_WQX-B9V74821231/
,wqp:CALWR_WQX-BVS6001,T.D. BVS6001,wqp,California Department Of Water Resources,discrete_grab,unknown,False,True,False,False,False,False,36.8369,-120.5014,Middle San Joaquin-Lower Chowchilla,,,False,0.1,0.0,0.1,2002-11-21,2002-11-21,0.0,0.0,False,23.8,2002-11-21,2002-11-21,1,,False,2002-09-10,2002-11-21,2,72.0,False,,,,,False,https://www.waterqualitydata.us/provider/STORET/CALWR_WQX/CALWR_WQX-BVS6001/
,wqp:CALWR_WQX-BVS6016,TILE DRAIN BVS6016,wqp,California Department Of Water Resources,discrete_grab,drain,True,True,False,False,False,False,36.8355,-120.5307,Middle San Joaquin-Lower Chowchilla,,,False,2.3,2.3,2.1,1998-05-20,2002-03-14,3.8,2.1,False,24.1,1998-05-20,2002-05-07,14,112.0,False,1998-05-20,2002-03-14,15,66.0,False,,,,,False,https://www.waterqualitydata.us/provider/STORET/CALWR_WQX/CALWR_WQX-BVS6016/
,wqp:CALWR_WQX-BVS7007,T.D. BVS7007,wqp,California Department Of Water Resources,discrete_grab,unknown,False,True,False,False,False,False,36.850833,-120.513361,Middle San Joaquin-Lower Chowchilla,,,False,0.0,0.0,0.0,2002-09-10,2002-07-30,0.0,0.0,False,24.0,2002-07-30,2002-07-30,1,,False,2002-09-10,2002-09-10,1,,False,,,,,False,https://www.waterqualitydata.us/provider/STORET/CALWR_WQX/CALWR_WQX-BVS7007/
,wqp:CALWR_WQX-BVS7402,TILE DRAIN BVS7402,wqp,California Department Of Water Resources,discrete_grab,drain,True,True,False,False,False,False,36.858,-120.5063,Middle San Joaquin-Lower Chowchilla,,,False,0.5,0.5,0.5,2002-05-07,2002-11-21,0.5,0.5,False,23.8,2002-05-07,2002-11-21,3,99.0,False,2002-05-07,2002-11-21,3,99.0,False,,,,,False,https://www.waterqualitydata.us/provider/STORET/CALWR_WQX/CALWR_WQX-BVS7402/
,wqp:CALWR_WQX-BVS8003,TILE DRAIN BVS8003,wqp,California Department Of Water Resources,discrete_grab,drain,True,True,False,False,False,False,36.8825,-120.507389,Middle San Joaquin-Lower Chowchilla,,,False,2.3,2.1,2.3,1998-05-20,2002-03-14,3.8,2.1,False,24.0,1998-05-20,2002-03-14,16,69.0,False,1998-03-11,2002-05-07,19,65.5,False,,,,,False,https://www.waterqualitydata.us/provider/STORET/CALWR_WQX/CALWR_WQX-BVS8003/
,wqp:CALWR_WQX-BVS8110,T.D. BVS8110,wqp,California Department Of Water Resources,discrete_grab,unknown,False,True,False,False,False,False,36.8675,-120.5169,Middle San Joaquin-Lower Chowchilla,,,False,0.1,0.1,0.1,2002-07-30,2002-09-10,0.1,0.1,False,24.0,2002-07-30,2002-09-10,2,42.0,False,2002-07-30,2002-09-10,2,42.0,False,,,,,False,https://www.waterqualitydata.us/provider/STORET/CALWR_WQX/CALWR_WQX-BVS8110/
,wqp:CALWR_WQX-CTL4504,CAMP 13 SLU A HEAD       B0096300,wqp,California Department Of Water Resources,discrete_grab,unknown,False,True,False,False,False,False,36.9416,-120.756,Middle San Joaquin-Lower Chowchilla,,,False,2.8,2.3,2.8,1998-05-20,2002-05-07,4.0,2.3,False,23.8,1998-05-20,2002-05-07,20,63.0,False,1998-03-11,2002-11-20,25,63.0,False,,,,,False,https://www.waterqualitydata.us/provider/STORET/CALWR_WQX/CALWR_WQX-CTL4504/
,wqp:CALWR_WQX-DMC06715,"Delta Mendota Canal mi 67.15, McCabe Rd",wqp,California Department Of Water Resources,discrete_grab,conveyance,True,True,False,False,False,False,37.127,-121.0386,Middle San Joaquin-Lower Chowchilla,,,False,1.6,1.6,1.6,2001-03-20,2002-11-20,1.7,1.6,False,23.8,2001-03-20,2002-11-20,13,28.5,False,2001-03-20,2002-11-20,17,29.0,False,,,,,False,https://www.waterqualitydata.us/provider/STORET/CALWR_WQX/CALWR_WQX-DMC06715/
,wqp:CALWR_WQX-DMC06716,DMC@McCabe Rd Nr. Check 12,wqp,California Department Of Water Resources,discrete_grab,conveyance,True,True,False,False,False,False,37.1269,-121.0386,Middle San Joaquin-Lower Chowchilla,,,False,1.1,1.1,1.1,1997-12-17,2001-02-21,3.2,1.1,False,25.6,1997-12-17,2001-02-21,37,28.0,False,1997-12-17,2001-02-21,37,28.0,False,,,,,False,https://www.waterqualitydata.us/provider/STORET/CALWR_WQX/CALWR_WQX-DMC06716/
,wqp:CALWR_WQX-DPS1367,TILE DRAIN DPS1367,wqp,California Department Of Water Resources,discrete_grab,drain,True,True,False,False,False,False,36.893944,-120.747694,Middle San Joaquin-Lower Chowchilla,,,False,2.8,2.8,2.8,1998-05-20,2002-11-20,4.5,2.8,False,23.8,1998-05-20,2002-11-20,24,63.0,False,1998-03-11,2002-11-20,25,63.0,False,,,,,False,https://www.waterqualitydata.us/provider/STORET/CALWR_WQX/CALWR_WQX-DPS1367/
,wqp:CALWR_WQX-DPS2535,TILE DRAIN DPS2535,wqp,California Department Of Water Resources,discrete_grab,drain,True,True,False,False,False,False,36.9111,-120.6913,Middle San Joaquin-Lower Chowchilla,,,False,2.3,2.1,2.3,1998-05-20,2002-03-14,3.8,2.1,False,24.0,1998-05-20,2002-03-14,14,64.0,False,1998-05-20,2002-05-07,14,64.0,False,,,,,False,https://www.waterqualitydata.us/provider/STORET/CALWR_WQX/CALWR_WQX-DPS2535/
,wqp:CALWR_WQX-DPS3465,TILE DRAIN DPS3465,wqp,California Department Of Water Resources,discrete_grab,drain,True,True,False,False,False,False,36.924556,-120.746667,Middle San Joaquin-Lower Chowchilla,,,False,2.6,2.6,2.5,1998-05-20,2002-07-29,4.2,2.5,False,24.0,1998-05-20,2002-09-09,19,63.0,False,1998-03-11,2002-07-29,20,63.0,False,,,,,False,https://www.waterqualitydata.us/provider/STORET/CALWR_WQX/CALWR_WQX-DPS3465/
,wqp:CALWR_WQX-DPS4616,TILE DRAIN DPS4616,wqp,California Department Of Water Resources,discrete_grab,drain,True,False,False,False,False,False,36.9416,-120.6549,Middle San Joaquin-Lower Chowchilla,,,False,2.8,,2.8,,,,0.0,False,23.8,,,,,False,1998-03-11,2002-11-20,7,122.0,False,,,,,False,https://www.waterqualitydata.us/provider/STORET/CALWR_WQX/CALWR_WQX-DPS4616/
,wqp:CALWR_WQX-FBH2016,TILE DRAIN FBH2016,wqp,California Department Of Water Resources,discrete_grab,drain,True,True,False,False,False,False,36.7774,-120.4054,Middle San Joaquin-Lower Chowchilla,,,False,2.8,2.8,2.8,1998-05-20,2002-11-21,4.5,2.8,False,23.8,1998-05-20,2002-11-21,16,72.0,False,1998-05-20,2002-11-21,16,68.0,False,,,,,False,https://www.waterqualitydata.us/provider/STORET/CALWR_WQX/CALWR_WQX-FBH2016/
,wqp:CALWR_WQX-FBH3236,T.D. FBH3236,wqp,California Department Of Water Resources,discrete_grab,unknown,False,False,False,False,False,False,36.7964,-120.4392,Middle San Joaquin-Lower Chowchilla,,,False,0.1,,0.1,,,,0.0,False,24.0,,,,,False,2002-07-30,2002-09-10,2,42.0,False,,,,,False,https://www.waterqualitydata.us/provider/STORET/CALWR_WQX/CALWR_WQX-FBH3236/
,wqp:CALWR_WQX-FBH4045,TILE DRAIN FBH4045,wqp,California Department Of Water Resources,discrete_grab,drain,True,True,False,False,False,False,36.8063,-120.4557,Middle San Joaquin-Lower Chowchilla,,,False,0.5,0.5,0.0,2002-11-21,2002-11-21,0.0,0.0,False,23.8,2002-05-07,2002-11-21,2,198.0,False,2002-11-21,2002-11-21,1,,False,,,,,False,https://www.waterqualitydata.us/provider/STORET/CALWR_WQX/CALWR_WQX-FBH4045/
,wqp:CALWR_WQX-FBH5056,TILE DRAIN FBH5056,wqp,California Department Of Water Resources,discrete_grab,drain,True,True,False,False,False,False,36.8213,-120.4768,Middle San Joaquin-Lower Chowchilla,,,False,0.3,0.3,0.2,2002-05-07,2002-07-30,0.2,0.2,False,24.0,2002-05-07,2002-09-10,3,63.0,False,2002-05-07,2002-07-30,2,84.0,False,,,,,False,https://www.waterqualitydata.us/provider/STORET/CALWR_WQX/CALWR_WQX-FBH5056/
,wqp:CALWR_WQX-FBH8061,TILE DRAIN FBH8061,wqp,California Department Of Water Resources,discrete_grab,drain,True,True,False,False,False,False,36.865444,-120.486889,Middle San Joaquin-Lower Chowchilla,,,False,2.8,2.8,1.7,1999-01-12,2001-09-24,2.7,1.7,False,23.8,1999-01-12,2002-11-21,12,69.0,False,1998-03-11,2001-09-24,13,65.5,False,,,,,False,https://www.waterqualitydata.us/provider/STORET/CALWR_WQX/CALWR_WQX-FBH8061/
,wqp:CALWR_WQX-HMH7016,TILE DRAIN HMH7016,wqp,California Department Of Water Resources,discrete_grab,drain,True,False,False,False,False,False,36.8499,-120.6546,Middle San Joaquin-Lower Chowchilla,,,False,0.0,,0.0,,,,0.0,False,24.0,,,,,False,2002-07-29,2002-07-29,1,,False,,,,,False,https://www.waterqualitydata.us/provider/STORET/CALWR_WQX/CALWR_WQX-HMH7016/
,wqp:CALWR_WQX-HMH7516,TILE DRAIN HMH7516,wqp,California Department Of Water Resources,discrete_grab,drain,True,True,False,False,False,False,36.8577,-120.6549,Middle San Joaquin-Lower Chowchilla,,,False,2.8,2.5,2.8,1998-05-20,2002-07-29,4.2,2.5,False,23.8,1998-05-20,2002-07-29,21,62.5,False,1998-03-11,2002-11-21,21,63.0,False,,,,,False,https://www.waterqualitydata.us/provider/STORET/CALWR_WQX/CALWR_WQX-HMH7516/
,wqp:CALWR_WQX-HMH8054,PDD DP25,wqp,California Department Of Water Resources,discrete_grab,unknown,False,True,False,False,False,False,38.0,-120.0,Upper Tuolumne,,,False,1.8,1.8,1.8,2004-07-21,2006-05-30,1.9,1.8,False,20.3,2004-07-21,2006-05-30,213,7.0,False,2004-07-21,2006-05-30,230,7.0,False,,,,,False,https://www.waterqualitydata.us/provider/STORET/CALWR_WQX/CALWR_WQX-HMH8054/
,wqp:CALWR_WQX-KA007865,KA78.65,wqp,California Department Of Water Resources,discrete_grab,unknown,False,True,False,False,False,False,37.0085,-120.9147,Middle San Joaquin-Lower Chowchilla,,,False,0.0,0.0,0.0,2000-02-08,2000-02-08,0.0,0.0,False,26.6,2000-02-08,2000-02-08,1,,False,2000-02-08,2000-02-08,1,,False,,,,,False,https://www.waterqualitydata.us/provider/STORET/CALWR_WQX/CALWR_WQX-KA007865/
,wqp:CALWR_WQX-KA007923,"Cal Aqu at mi 79.23, Canyon Rd Bridge",wqp,California Department Of Water Resources,discrete_grab,unknown,False,True,False,False,False,False,37.0008,-120.9086,Middle San Joaquin-Lower Chowchilla,,,False,0.0,0.0,0.0,2000-02-08,2000-02-08,0.0,0.0,False,26.6,2000-02-08,2000-02-08,1,,False,2000-02-08,2000-02-08,1,,False,,,,,False,https://www.waterqualitydata.us/provider/STORET/CALWR_WQX/CALWR_WQX-KA007923/
,wqp:CALWR_WQX-KA007949,Cal Aqu at mi 79.49,wqp,California Department Of Water Resources,discrete_grab,unknown,False,True,False,False,False,False,36.9979,-120.9058,Middle San Joaquin-Lower Chowchilla,,,False,0.0,0.0,0.0,2000-01-13,2000-01-13,0.0,0.0,False,26.7,2000-01-13,2000-01-13,1,,False,2000-01-13,2000-01-13,1,,False,,,,,False,https://www.waterqualitydata.us/provider/STORET/CALWR_WQX/CALWR_WQX-KA007949/
,wqp:CALWR_WQX-OAS0364,T.D. OAS0364,wqp,California Department Of Water Resources,discrete_grab,unknown,False,True,False,False,False,False,36.879778,-120.617639,Middle San Joaquin-Lower Chowchilla,,,False,0.3,0.3,0.0,2002-07-29,2002-07-29,0.0,0.0,False,23.8,2002-07-29,2002-11-21,2,115.0,False,2002-07-29,2002-07-29,1,,False,,,,,False,https://www.waterqualitydata.us/provider/STORET/CALWR_WQX/CALWR_WQX-OAS0364/
,wqp:CALWR_WQX-OAS2548,T.D. OAS2548,wqp,California Department Of Water Resources,discrete_grab,unknown,False,True,False,False,False,False,36.912778,-120.585528,Middle San Joaquin-Lower Chowchilla,,,False,0.1,0.1,0.0,2002-07-29,2002-07-29,0.0,0.0,False,24.0,2002-07-29,2002-09-09,2,42.0,False,2002-07-29,2002-07-29,1,,False,,,,,False,https://www.waterqualitydata.us/provider/STORET/CALWR_WQX/CALWR_WQX-OAS2548/
,wqp:CALWR_WQX-SL001000,SAN LUIS RES A TRASHRACKS,wqp,California Department Of Water Resources,discrete_grab,reservoir,False,True,False,False,False,False,37.0681,-121.0854,Middle San Joaquin-Lower Chowchilla,,,False,2.9,2.8,2.9,1998-01-20,2002-11-19,4.8,2.8,False,23.8,1998-01-20,2002-11-19,52,29.0,False,1997-12-16,2002-12-17,51,28.5,False,,,,,False,https://www.waterqualitydata.us/provider/STORET/CALWR_WQX/CALWR_WQX-SL001000/
,wqp:CALWR_WQX-SL005000,San Luis Reservoir at Tunnel Island,wqp,California Department Of Water Resources,discrete_grab,reservoir,False,True,False,False,False,False,37.0693,-121.1531,Middle San Joaquin-Lower Chowchilla,,,False,0.1,0.1,0.1,1997-12-16,2000-02-16,2.2,0.1,False,26.6,1997-12-16,2000-02-16,25,29.0,False,1997-12-16,2000-02-16,26,28.0,False,,,,,False,https://www.waterqualitydata.us/provider/STORET/CALWR_WQX/CALWR_WQX-SL005000/
,wqp:CALWR_WQX-VNS4731,TD VNS4731,wqp,California Department Of Water Resources,discrete_grab,unknown,False,True,False,False,False,False,37.6895,-121.306556,San Joaquin Delta,,,True,2.2,2.2,2.2,2014-05-27,2016-08-09,2.2,2.2,False,10.1,2014-05-27,2016-08-09,4,267.0,False,2014-05-27,2016-08-09,4,267.0,False,,,,,False,https://www.waterqualitydata.us/provider/STORET/CALWR_WQX/CALWR_WQX-VNS4731/
,wqp:CEDEN-10-300,209-6T,"ceden,wqp",California State Water Resources Control Board,discrete_grab,unknown,False,True,False,False,False,False,37.7473,-121.344,San Joaquin Delta,,,True,2.8,2.8,0.0,2016-12-15,2017-01-18,0.1,0.0,False,9.7,2014-02-28,2017-01-18,5,211.0,False,2016-12-15,2017-01-18,4,34.0,False,,,,,False,https://www.waterqualitydata.us/provider/STORET/CEDEN/CEDEN-10-300/
,wqp:CEDEN-534ANCACF,Arnot Creek ~0.4mi above Clark Fork,"ceden,wqp",California State Water Resources Control Board,discrete_grab,natural,False,False,False,False,False,False,38.4074,-119.799,Upper Stanislaus,,,False,0.0,0.0,,,,,0.0,False,16.1,2010-08-31,2010-08-31,1,,False,,,,,False,,,,,False,https://www.waterqualitydata.us/provider/STORET/CEDEN/CEDEN-534ANCACF/
,wqp:CEDEN-534BRC366,Big Rattlesnake Creek ~1.9mi above Stanislaus R.,"ceden,wqp",California State Water Resources Control Board,discrete_grab,natural,False,False,False,False,False,False,38.3571,-120.163,Upper Stanislaus,,,False,2.9,2.9,,,,,0.0,False,4.1,2019-08-19,2022-08-02,2,539.5,False,,,,,False,,,,,False,https://www.waterqualitydata.us/provider/STORET/CEDEN/CEDEN-534BRC366/
,wqp:CEDEN-534CFSAIM,Clark Fork Stanislaus River above Iceberg Mdw.,"ceden,wqp",California State Water Resources Control Board,discrete_grab,natural,False,False,False,False,False,False,38.4163,-119.742,Upper Stanislaus,,,False,0.0,0.0,,,,,0.0,False,17.2,2009-07-27,2009-07-27,1,,False,,,,,False,,,,,False,https://www.waterqualitydata.us/provider/STORET/CEDEN/CEDEN-534CFSAIM/
,wqp:CEDEN-534DCC167,Duck Creek ~0.2mi above Silver Cr.,"ceden,wqp",California State Water Resources Control Board,discrete_grab,natural,False,False,False,False,False,False,38.4407,-120.011,Upper Stanislaus,,,False,0.0,0.0,,,,,0.0,False,13.1,2013-08-14,2013-08-14,1,,False,,,,,False,,,,,False,https://www.waterqualitydata.us/provider/STORET/CEDEN/CEDEN-534DCC167/
,wqp:CEDEN-534PS0043,"Stanislaus River, SF ~5.7mi below Hwy 108","ceden,wqp",California State Water Resources Control Board,discrete_grab,natural,False,False,False,False,False,False,38.1645,-120.088,Upper Stanislaus,,,False,0.0,0.0,,,,,0.0,False,17.1,2009-07-29,2009-07-29,1,,False,,,,,False,,,,,False,https://www.waterqualitydata.us/provider/STORET/CEDEN/CEDEN-534PS0043/
,wqp:CEDEN-534PS0114,Highland Creek ~2mi above NF Stanislaus R.,"ceden,wqp",California State Water Resources Control Board,discrete_grab,natural,False,False,False,False,False,False,38.3883,-120.062,Upper Stanislaus,,,False,0.0,0.0,,,,,0.0,False,14.0,2012-09-12,2012-09-12,1,,False,,,,,False,,,,,False,https://www.waterqualitydata.us/provider/STORET/CEDEN/CEDEN-534PS0114/
,wqp:CEDEN-534PS0134,Clark Fork 0.9mi below Disaster Creek,"ceden,wqp",California State Water Resources Control Board,discrete_grab,natural,False,False,False,False,False,False,38.4117,-119.763,Upper Stanislaus,,,False,0.0,0.0,,,,,0.0,False,11.3,2015-06-16,2015-06-16,1,,False,,,,,False,,,,,False,https://www.waterqualitydata.us/provider/STORET/CEDEN/CEDEN-534PS0134/
,wqp:CEDEN-534RL0296,ROCK LAKE,"ceden,wqp",California State Water Resources Control Board,reservoir,reservoir,False,False,False,False,False,False,38.4509,-119.951,Upper Stanislaus,,,False,0.0,0.0,,,,,0.0,False,5.0,2015-09-16,2015-09-16,1,,False,,,,,False,,,,,False,https://www.waterqualitydata.us/provider/STORET/CEDEN/CEDEN-534RL0296/
,wqp:CEDEN-534RSCAGG,Rose Creek ~1.5mi above Grub Gulch,"ceden,wqp",California State Water Resources Control Board,discrete_grab,natural,False,False,False,False,False,False,38.1319,-120.22,Upper Stanislaus,,,False,0.0,0.0,,,,,0.0,False,15.0,2011-09-19,2011-09-19,1,,False,,,,,False,,,,,False,https://www.waterqualitydata.us/provider/STORET/CEDEN/CEDEN-534RSCAGG/
,wqp:CEDEN-534SRCFFC,"Stanislaus River, Upper Clark Fork ~0.6mi above Fence Cr.","ceden,wqp",California State Water Resources Control Board,discrete_grab,natural,False,False,False,False,False,False,38.366,-119.869,Upper Stanislaus,Stanislaus River,,False,0.0,0.0,,,,,0.0,False,14.1,2012-08-29,2012-08-29,1,,False,,,,,False,,,,,False,https://www.waterqualitydata.us/provider/STORET/CEDEN/CEDEN-534SRCFFC/
,wqp:CEDEN-534WS0748,Soap Creek ~2.4mi above Griswold Cr.,"ceden,wqp",California State Water Resources Control Board,discrete_grab,natural,False,False,False,False,False,False,38.2027,-120.226,Upper Stanislaus,,,False,0.0,0.0,,,,,0.0,False,8.1,2018-08-01,2018-08-01,1,,False,,,,,False,,,,,False,https://www.waterqualitydata.us/provider/STORET/CEDEN/CEDEN-534WS0748/
,wqp:CEDEN-534WS1004,Grizzly Creek ~0.4mi above Beaver Cr.,"ceden,wqp",California State Water Resources Control Board,discrete_grab,natural,False,False,False,False,False,False,38.2689,-120.23,Upper Stanislaus,,,False,0.0,0.0,,,,,0.0,False,8.1,2018-07-30,2018-07-30,1,,False,,,,,False,,,,,False,https://www.waterqualitydata.us/provider/STORET/CEDEN/CEDEN-534WS1004/
,wqp:CEDEN-535MER201,TID Lateral 6&7 @ Central,"ceden,wqp",California State Water Resources Control Board,discrete_grab,conveyance,True,False,False,False,False,False,37.3944,-120.961,Lower San Joaquin River,,,False,0.9,0.9,,,,,0.0,False,22.7,2003-01-22,2004-01-20,24,20.2,False,,,,,False,,,,,False,https://www.waterqualitydata.us/provider/STORET/CEDEN/CEDEN-535MER201/
,wqp:CEDEN-535MIDL3S,Lateral 3 Outlet,"ceden,wqp",California State Water Resources Control Board,discrete_grab,conveyance,True,False,False,False,False,False,37.6609,-121.159,Upper Stanislaus,,,False,1.9,1.9,,,,,0.0,False,17.7,2007-02-10,2009-01-25,6,119.2,False,,,,,False,,,,,False,https://www.waterqualitydata.us/provider/STORET/CEDEN/CEDEN-535MIDL3S/
,wqp:CEDEN-535MIDL5C,Lateral 5 at Carpenter Road,"ceden,wqp",California State Water Resources Control Board,discrete_grab,conveyance,True,False,False,False,False,False,37.6242,-121.031,Upper Tuolumne,,,False,0.9,0.9,,,,,0.0,False,18.7,2007-02-10,2008-01-07,4,82.8,False,,,,,False,,,,,False,https://www.waterqualitydata.us/provider/STORET/CEDEN/CEDEN-535MIDL5C/
,wqp:CEDEN-535MIDL7S,Lateral 7 Outlet,"ceden,wqp",California State Water Resources Control Board,discrete_grab,conveyance,True,False,False,False,False,False,37.6676,-121.187,Upper Stanislaus,,,False,1.9,1.9,,,,,0.0,False,17.7,2007-02-10,2009-01-25,6,119.2,False,,,,,False,,,,,False,https://www.waterqualitydata.us/provider/STORET/CEDEN/CEDEN-535MIDL7S/
,wqp:CEDEN-535MIDMDD,Main Drain at DeForest Ranch,"ceden,wqp",California State Water Resources Control Board,discrete_grab,drain,True,False,False,False,False,False,37.6659,-121.168,Upper Stanislaus,,,False,0.9,0.9,,,,,0.0,False,18.7,2007-02-10,2008-01-07,4,82.8,False,,,,,False,,,,,False,https://www.waterqualitydata.us/provider/STORET/CEDEN/CEDEN-535MIDMDD/
,wqp:CEDEN-535PS0221,Dry Creek ~0.3mi above Tuolumne R.,"ceden,wqp",California State Water Resources Control Board,discrete_grab,natural,False,False,False,False,False,False,37.6308,-120.986,Upper Tuolumne,Tuolumne River,,False,0.0,0.0,,,,,0.0,False,17.2,2009-07-15,2009-07-15,1,,False,,,,,False,,,,,False,https://www.waterqualitydata.us/provider/STORET/CEDEN/CEDEN-535PS0221/
,wqp:CEDEN-535PS0265,Tuolumne River ~4mi above Hickman Rd.,"ceden,wqp",California State Water Resources Control Board,discrete_grab,natural,False,False,False,False,False,False,37.6445,-120.69,Upper Tuolumne,Tuolumne River,,False,0.0,0.0,,,,,0.0,False,17.1,2009-08-20,2009-08-20,1,,False,,,,,False,,,,,False,https://www.waterqualitydata.us/provider/STORET/CEDEN/CEDEN-535PS0265/
,wqp:CEDEN-535SRDSAW,Stanislaus River Drain @ South Airport Way,"ceden,wqp",California State Water Resources Control Board,discrete_grab,drain,True,False,False,False,False,False,37.7123,-121.252,San Joaquin Delta,,,True,0.1,0.1,,,,,0.0,False,17.8,2008-10-14,2008-12-09,3,18.7,False,,,,,False,,,,,False,https://www.waterqualitydata.us/provider/STORET/CEDEN/CEDEN-535SRDSAW/
,wqp:CEDEN-535STC203,MID Lateral 6/8 @ Dunn Rd.,"ceden,wqp",California State Water Resources Control Board,discrete_grab,conveyance,True,False,False,False,False,False,37.7083,-121.153,Upper Stanislaus,,,False,0.8,0.8,,,,,0.0,False,22.8,2003-01-23,2003-11-17,20,14.9,False,,,,,False,,,,,False,https://www.waterqualitydata.us/provider/STORET/CEDEN/CEDEN-535STC203/
,wqp:CEDEN-535STC204,MID Lateral 4 @ Paradise Rd.,"ceden,wqp",California State Water Resources Control Board,discrete_grab,conveyance,True,False,False,False,False,False,37.6333,-121.164,Upper Stanislaus,,,False,0.8,0.8,,,,,0.0,False,22.8,2003-01-23,2003-11-17,18,16.6,False,,,,,False,,,,,False,https://www.waterqualitydata.us/provider/STORET/CEDEN/CEDEN-535STC204/
,wqp:CEDEN-535STC205,Tuolumne River @ Mancini Park,"ceden,wqp",California State Water Resources Control Board,discrete_grab,natural,False,False,False,False,False,False,37.6236,-120.978,Upper Tuolumne,Tuolumne River,,False,0.2,0.2,,,,,0.0,False,23.4,2003-01-23,2003-05-06,7,14.7,False,,,,,False,,,,,False,https://www.waterqualitydata.us/provider/STORET/CEDEN/CEDEN-535STC205/
,wqp:CEDEN-535XJDAOR,Jones Drain @ Oakdale Rd,"ceden,wqp",California State Water Resources Control Board,discrete_grab,drain,True,True,False,False,False,False,37.4495,-120.601,Upper Merced,,,False,2.6,2.6,0.5,2005-02-16,2005-09-21,0.6,0.5,False,19.0,2005-02-16,2007-09-25,29,32.8,False,2005-02-16,2005-09-21,17,34.0,False,,,,,False,https://www.waterqualitydata.us/provider/STORET/CEDEN/CEDEN-535XJDAOR/
,wqp:CEDEN-535XMDALR,Mootz Drain @ Langworth Rd,"ceden,wqp",California State Water Resources Control Board,discrete_grab,drain,True,True,False,False,False,False,37.7058,-120.893,Upper Stanislaus,,,False,1.0,1.0,0.0,2009-10-20,2009-11-17,0.1,0.0,False,16.8,2008-10-21,2009-11-17,13,30.2,False,2009-10-20,2009-11-17,33,28.0,False,,,,,False,https://www.waterqualitydata.us/provider/STORET/CEDEN/CEDEN-535XMDALR/
,wqp:CEDEN-535XNSJ26,Ingalsbe Slough at J17,"ceden,wqp",California State Water Resources Control Board,discrete_grab,natural,False,True,False,False,False,False,37.4917,-120.556,Upper Merced,,,False,0.1,0.1,0.1,2004-07-20,2004-09-15,0.2,0.1,False,22.0,2004-07-20,2004-09-15,5,11.4,False,2004-07-20,2004-09-15,27,14.0,False,,,,,False,https://www.waterqualitydata.us/provider/STORET/CEDEN/CEDEN-535XNSJ26/
,wqp:CEDEN-535XRCARD,Rodden Creek @ Rodden Rd,"ceden,wqp",California State Water Resources Control Board,discrete_grab,natural,False,True,False,False,False,False,37.7905,-120.809,Upper Stanislaus,Stanislaus River,,False,1.8,1.8,1.8,2011-01-18,2012-12-03,1.9,1.8,False,13.8,2011-01-18,2012-12-03,25,27.4,False,2011-01-18,2012-12-03,310,28.0,False,,,,,False,https://www.waterqualitydata.us/provider/STORET/CEDEN/CEDEN-535XRCARD/
,wqp:CEDEN-535XSSJ12,Duck Slough at Arboleda Drive,"ceden,wqp",California State Water Resources Control Board,discrete_grab,natural,False,True,False,False,False,False,37.5607,-120.378,Upper Merced,,,False,0.7,0.7,0.7,2004-07-20,2005-04-12,0.7,0.7,False,21.4,2004-07-20,2005-04-12,12,22.2,False,2004-07-20,2005-04-12,48,14.0,False,,,,,False,https://www.waterqualitydata.us/provider/STORET/CEDEN/CEDEN-535XSSJ12/
,wqp:CEDEN-535XSSJ17,Lateral 5 at Paradise Road,"ceden,wqp",California State Water Resources Control Board,reservoir,reservoir,False,True,False,False,False,False,37.6145,-121.144,Upper Tuolumne,,,False,0.2,0.2,0.1,2007-08-22,2007-10-03,0.1,0.1,False,18.8,2007-08-22,2007-11-29,5,19.8,False,2007-08-22,2007-10-03,20,14.0,False,,,,,False,https://www.waterqualitydata.us/provider/STORET/CEDEN/CEDEN-535XSSJ17/
,wqp:CEDEN-536HLCBFM,Hull Creek below Funks Meadow,"ceden,wqp",California State Water Resources Control Board,discrete_grab,natural,False,False,False,False,False,False,38.0457,-120.1,Upper Tuolumne,,,False,0.0,0.0,,,,,0.0,False,13.3,2013-06-18,2013-06-18,1,,False,,,,,False,,,,,False,https://www.waterqualitydata.us/provider/STORET/CEDEN/CEDEN-536HLCBFM/
,wqp:CEDEN-536LLCACR,Lily Creek ~0.3mi above Clavey River,"ceden,wqp",California State Water Resources Control Board,discrete_grab,natural,False,False,False,False,False,False,38.1405,-119.963,Upper Tuolumne,,,False,0.0,0.0,,,,,0.0,False,15.0,2011-09-22,2011-09-22,1,,False,,,,,False,,,,,False,https://www.waterqualitydata.us/provider/STORET/CEDEN/CEDEN-536LLCACR/
,wqp:CEDEN-536PS0107,Clavey River ~3mi above Twomile Cr.,"ceden,wqp",California State Water Resources Control Board,discrete_grab,natural,False,False,False,False,False,False,38.0457,-120.024,Upper Tuolumne,,,False,0.0,0.0,,,,,0.0,False,14.2,2012-07-17,2012-07-17,1,,False,,,,,False,,,,,False,https://www.waterqualitydata.us/provider/STORET/CEDEN/CEDEN-536PS0107/
,wqp:CEDEN-536STR127,"Tuolumne River, SF ~1.8mi below Big Cr.","ceden,wqp",California State Water Resources Control Board,discrete_grab,natural,False,False,False,False,False,False,37.8092,-119.963,Upper Tuolumne,,,False,0.8,0.8,,,,,0.0,False,13.3,2012-08-19,2013-06-17,2,151.0,False,,,,,False,,,,,False,https://www.waterqualitydata.us/provider/STORET/CEDEN/CEDEN-536STR127/
,wqp:CEDEN-536TUO207,Sullivan Creek @ Algerine Road,"ceden,wqp",California State Water Resources Control Board,discrete_grab,natural,False,False,False,False,False,False,37.9183,-120.396,Upper Tuolumne,,,False,1.0,1.0,,,,,0.0,False,22.5,2003-02-18,2004-03-17,24,16.4,False,,,,,False,,,,,False,https://www.waterqualitydata.us/provider/STORET/CEDEN/CEDEN-536TUO207/
,wqp:CEDEN-536TUO209,Curtis Creek @ Algerine Road,"ceden,wqp",California State Water Resources Control Board,discrete_grab,natural,False,False,False,False,False,False,37.9156,-120.389,Upper Tuolumne,,,False,0.8,0.8,,,,,0.0,False,22.5,2003-05-20,2004-03-17,10,30.2,False,,,,,False,,,,,False,https://www.waterqualitydata.us/provider/STORET/CEDEN/CEDEN-536TUO209/
,wqp:CEDEN-536WE0742,Tuolumne River North Fork ~ 3 miles below Pinecrest Lake campground,"ceden,wqp",California State Water Resources Control Board,discrete_grab,natural,False,False,False,False,False,False,38.1654,-120.035,Upper Tuolumne,,,False,0.0,0.0,,,,,0.0,False,25.1,2001-08-21,2001-08-21,1,,False,,,,,False,,,,,False,https://www.waterqualitydata.us/provider/STORET/CEDEN/CEDEN-536WE0742/
,wqp:CEDEN-537MAR202,Merced River @ Briceburg,"ceden,wqp",California State Water Resources Control Board,discrete_grab,natural,False,False,False,False,False,False,37.6056,-119.966,Upper Merced,Merced River,,False,0.0,0.0,,,,,0.0,False,23.5,2003-03-04,2003-04-01,3,9.3,False,,,,,False,,,,,False,https://www.waterqualitydata.us/provider/STORET/CEDEN/CEDEN-537MAR202/
,wqp:CEDEN-537WE0503,Illilouette Creek ~1.7mi below Clark Fork,"ceden,wqp",California State Water Resources Control Board,discrete_grab,natural,False,False,False,False,False,False,37.6818,-119.536,Upper Merced,,,False,0.0,0.0,,,,,0.0,False,26.0,2000-10-03,2000-10-03,1,,False,,,,,False,,,,,False,https://www.waterqualitydata.us/provider/STORET/CEDEN/CEDEN-537WE0503/
,wqp:CEDEN-538WE1104,Mariposa Creek ~0.4 miles below Stockton Creek.,"ceden,wqp",California State Water Resources Control Board,discrete_grab,natural,False,False,False,False,False,False,37.4631,-119.949,Middle San Joaquin-Lower Chowchilla,,,False,0.0,0.0,,,,,0.0,False,24.1,2002-08-27,2002-08-27,1,,False,,,,,False,,,,,False,https://www.waterqualitydata.us/provider/STORET/CEDEN/CEDEN-538WE1104/
,wqp:CEDEN-539MAD001,Hensley Lake at West Floating Dock,"ceden,wqp",California State Water Resources Control Board,reservoir,reservoir,False,False,False,False,False,False,37.1213,-119.885,Fresno River,,,False,1.0,1.0,,,,,0.0,False,4.3,2021-05-17,2022-05-31,6,63.2,False,,,,,False,,,,,False,https://www.waterqualitydata.us/provider/STORET/CEDEN/CEDEN-539MAD001/
,wqp:CEDEN-539MAD002,Hensley Lake at East Floating Dock,"ceden,wqp",California State Water Resources Control Board,reservoir,reservoir,False,False,False,False,False,False,37.1202,-119.877,Fresno River,,,False,1.0,1.0,,,,,0.0,False,4.3,2021-05-26,2022-05-31,5,74.0,False,,,,,False,,,,,False,https://www.waterqualitydata.us/provider/STORET/CEDEN/CEDEN-539MAD002/
,wqp:CEDEN-539MAD003,Fresno River at Hensley Lake,"ceden,wqp",California State Water Resources Control Board,reservoir,reservoir,False,False,False,False,False,False,37.1428,-119.863,Fresno River,,,False,1.0,1.0,,,,,0.0,False,4.3,2021-05-17,2022-05-31,6,63.2,False,,,,,False,,,,,False,https://www.waterqualitydata.us/provider/STORET/CEDEN/CEDEN-539MAD003/
,wqp:CEDEN-539PS0127,Miami Creek ~1.2mi below Miami Mtn. Rd.,"ceden,wqp",California State Water Resources Control Board,discrete_grab,natural,False,False,False,False,False,False,37.4279,-119.661,Fresno River,,,False,0.0,0.0,,,,,0.0,False,13.3,2013-05-27,2013-05-27,1,,False,,,,,False,,,,,False,https://www.waterqualitydata.us/provider/STORET/CEDEN/CEDEN-539PS0127/
,wqp:CEDEN-539PS0146,Fresno River ~2.6mi above Coarse Gold Cr.,"ceden,wqp",California State Water Resources Control Board,discrete_grab,natural,False,False,False,False,False,False,37.1931,-119.817,Fresno River,,,False,0.0,0.0,,,,,0.0,False,16.2,2010-07-27,2010-07-27,1,,False,,,,,False,,,,,False,https://www.waterqualitydata.us/provider/STORET/CEDEN/CEDEN-539PS0146/
,wqp:CEDEN-539SED010,Nedler Cr 10,"ceden,wqp",California State Water Resources Control Board,discrete_grab,natural,False,False,False,False,False,False,37.411,-119.595,Fresno River,,,False,0.0,0.0,,,,,0.0,False,5.2,2021-06-22,2021-06-22,1,,False,,,,,False,,,,,False,https://www.waterqualitydata.us/provider/STORET/CEDEN/CEDEN-539SED010/
,wqp:CEDEN-540CDC136,Cold Creek ~1.4mi above Lake Thomas Edison,"ceden,wqp",California State Water Resources Control Board,discrete_grab,natural,False,False,False,False,False,False,37.3972,-119.001,Upper San Joaquin,,,False,0.0,0.0,,,,,0.0,False,13.2,2013-07-24,2013-07-24,1,,False,,,,,False,,,,,False,https://www.waterqualitydata.us/provider/STORET/CEDEN/CEDEN-540CDC136/
,wqp:CEDEN-540CQCBBR,Chiquito Creek ~0.7mi below Beasore Rd.,"ceden,wqp",California State Water Resources Control Board,discrete_grab,natural,False,False,False,False,False,False,37.5127,-119.425,Upper San Joaquin,,,False,0.0,0.0,,,,,0.0,False,15.0,2011-09-14,2011-09-14,1,,False,,,,,False,,,,,False,https://www.waterqualitydata.us/provider/STORET/CEDEN/CEDEN-540CQCBBR/
,wqp:CEDEN-540MNCANF,Mono Creek ~0.6mi above North Fork,"ceden,wqp",California State Water Resources Control Board,discrete_grab,natural,False,False,False,False,False,False,37.413,-118.908,Upper San Joaquin,,,False,0.0,0.0,,,,,0.0,False,16.0,2010-09-29,2010-09-29,1,,False,,,,,False,,,,,False,https://www.waterqualitydata.us/provider/STORET/CEDEN/CEDEN-540MNCANF/
,wqp:CEDEN-540MNCASJ,Minaret Creek ~0.4mi above San Joaquin River,"ceden,wqp",California State Water Resources Control Board,discrete_grab,natural,False,False,False,False,False,False,37.6398,-119.088,Upper San Joaquin,San Joaquin River,454.7,False,0.0,0.0,,,,,0.0,False,16.1,2010-08-24,2010-08-24,1,,False,,,,,False,,,,,False,https://www.waterqualitydata.us/provider/STORET/CEDEN/CEDEN-540MNCASJ/
,wqp:CEDEN-540MSJ132,"San Joaquin River, MF ~0.5mi below Kings Cr.","ceden,wqp",California State Water Resources Control Board,discrete_grab,natural,False,False,False,False,False,False,37.596,-119.092,Upper San Joaquin,San Joaquin River,448.4,False,0.9,0.9,,,,,0.0,False,13.2,2012-08-18,2013-07-18,2,167.0,False,,,,,False,,,,,False,https://www.waterqualitydata.us/provider/STORET/CEDEN/CEDEN-540MSJ132/
,wqp:CEDEN-540PS0258,Stevenson Creek ~0.6mi above San Joaquin River,"ceden,wqp",California State Water Resources Control Board,discrete_grab,natural,False,False,False,False,False,False,37.1651,-119.353,Upper San Joaquin,,,False,0.0,0.0,,,,,0.0,False,15.1,2011-08-31,2011-08-31,1,,False,,,,,False,,,,,False,https://www.waterqualitydata.us/provider/STORET/CEDEN/CEDEN-540PS0258/
,wqp:CEDEN-540SED005,Home Camp Cr 5,"ceden,wqp",California State Water Resources Control Board,discrete_grab,natural,False,False,False,False,False,False,37.2416,-119.243,Upper San Joaquin,,,False,0.0,0.0,,,,,0.0,False,11.3,2015-05-26,2015-05-26,1,,False,,,,,False,,,,,False,https://www.waterqualitydata.us/provider/STORET/CEDEN/CEDEN-540SED005/
,wqp:CEDEN-540SED114,Willow Creek (North Fork) 114,"ceden,wqp",California State Water Resources Control Board,discrete_grab,natural,False,False,False,False,False,False,37.4007,-119.567,Upper San Joaquin,,,False,0.0,0.0,,,,,0.0,False,5.2,2021-06-22,2021-06-22,1,,False,,,,,False,,,,,False,https://www.waterqualitydata.us/provider/STORET/CEDEN/CEDEN-540SED114/
,wqp:CEDEN-541MER505,Camp 13 Drain,"ceden,wqp",California State Water Resources Control Board,discrete_grab,drain,True,False,False,False,False,False,36.9408,-120.756,Middle San Joaquin-Lower Chowchilla,,,False,2.2,,2.2,,,,0.0,False,12.7,,,,,False,2000-10-04,2002-12-18,180,7.0,False,,,,,False,https://www.waterqualitydata.us/provider/STORET/CEDEN/CEDEN-541MER505/
,wqp:CEDEN-541MER506,Agatha Canal @ Mallard Road,"ceden,wqp",California State Water Resources Control Board,discrete_grab,conveyance,True,False,False,False,False,False,36.9367,-120.702,Middle San Joaquin-Lower Chowchilla,,,False,2.2,,2.2,,,,0.0,False,13.0,,,,,False,2000-10-04,2002-12-18,179,7.0,False,,,,,False,https://www.waterqualitydata.us/provider/STORET/CEDEN/CEDEN-541MER506/
,wqp:CEDEN-541MER510,CCID Main @ Russell Blvd.,"ceden,wqp",California State Water Resources Control Board,discrete_grab,unknown,False,False,False,False,False,False,36.9244,-120.653,Middle San Joaquin-Lower Chowchilla,,,False,2.1,,2.1,,,,0.0,False,13.0,,,,,False,2000-10-04,2002-11-20,176,7.0,False,,,,,False,https://www.waterqualitydata.us/provider/STORET/CEDEN/CEDEN-541MER510/
,wqp:CEDEN-541MER516,Mud Slough @ Gun Club Road,"ceden,wqp",California State Water Resources Control Board,discrete_grab,natural,False,False,False,False,False,False,37.2314,-120.898,Middle San Joaquin-Lower Chowchilla,,,False,1.8,1.8,,,,,0.0,False,21.9,2002-12-24,2004-10-28,2,337.0,False,,,,,False,,,,,False,https://www.waterqualitydata.us/provider/STORET/CEDEN/CEDEN-541MER516/
,wqp:CEDEN-541MER545,Santa Fe Canal @ Weir,"ceden,wqp",California State Water Resources Control Board,discrete_grab,conveyance,True,False,False,False,False,False,37.0989,-120.827,Middle San Joaquin-Lower Chowchilla,,,False,2.2,,2.2,,,,0.0,False,13.0,,,,,False,2000-10-04,2002-12-23,183,7.0,False,,,,,False,https://www.waterqualitydata.us/provider/STORET/CEDEN/CEDEN-541MER545/
,wqp:CEDEN-541MER562,Inflow to San Luis Drain,"ceden,wqp",California State Water Resources Control Board,discrete_grab,drain,True,False,False,True,False,False,36.9661,-120.671,Middle San Joaquin-Lower Chowchilla,,,False,2.2,,2.2,,,,0.0,False,0.7,,,,,False,2000-10-04,2002-12-29,1738,1.0,False,,,,,False,https://www.waterqualitydata.us/provider/STORET/CEDEN/CEDEN-541MER562/
,wqp:CEDEN-541MER563,San Luis Canal Upstream of Splits,"ceden,wqp",California State Water Resources Control Board,discrete_grab,conveyance,True,True,False,False,False,False,37.0917,-120.823,Middle San Joaquin-Lower Chowchilla,,,False,2.2,1.2,2.2,2016-02-09,2002-12-23,0.0,0.0,False,9.4,2016-02-09,2017-05-09,15,30.3,False,2000-10-04,2002-12-23,174,7.0,False,,,,,False,https://www.waterqualitydata.us/provider/STORET/CEDEN/CEDEN-541MER563/
,wqp:CEDEN-544LSAC10,Mossdale Marina,"ceden,wqp",California State Water Resources Control Board,discrete_grab,unknown,False,True,False,False,False,False,37.787,-121.308,San Joaquin Delta,,,True,0.0,0.0,0.0,2009-01-22,2009-02-18,0.1,0.0,False,17.6,2009-01-22,2009-02-18,2,13.5,False,2009-01-22,2009-02-18,6,27.0,False,,,,,False,https://www.waterqualitydata.us/provider/STORET/CEDEN/CEDEN-544LSAC10/
,wqp:CEDEN-544WSAHRD,Walthall Slough at Hays Rd,"ceden,wqp",California State Water Resources Control Board,discrete_grab,natural,False,True,False,False,False,False,37.7417,-121.278,San Joaquin Delta,,,True,0.0,0.0,0.0,2021-04-21,2021-04-21,0.0,0.0,False,5.4,2021-04-21,2021-04-21,1,,False,2021-04-21,2021-04-21,8,,False,,,,,False,https://www.waterqualitydata.us/provider/STORET/CEDEN/CEDEN-544WSAHRD/
,wqp:CEDEN-544XXXD01,Drain to San Joaquin River off South Manthey Rd.,"ceden,wqp",California State Water Resources Control Board,discrete_grab,drain,True,True,False,False,False,False,37.8234,-121.299,San Joaquin Delta,,,True,0.5,0.5,0.1,2004-07-21,2004-08-31,0.1,0.1,False,21.6,2004-07-21,2005-02-16,13,16.2,False,2004-07-21,2004-08-31,20,14.0,False,,,,,False,https://www.waterqualitydata.us/provider/STORET/CEDEN/CEDEN-544XXXD01/
,wqp:CEDEN-545PS0335,Fresno River ~1.7mi above E. Cleveland Ave.,"ceden,wqp",California State Water Resources Control Board,discrete_grab,natural,False,False,False,False,False,False,36.9887,-120.021,Fresno River,,,False,0.0,0.0,,,,,0.0,False,16.2,2010-07-26,2010-07-26,1,,False,,,,,False,,,,,False,https://www.waterqualitydata.us/provider/STORET/CEDEN/CEDEN-545PS0335/
,wqp:CEDEN-545XDCART,Dry Creek at Road 22,"ceden,wqp",California State Water Resources Control Board,discrete_grab,natural,False,False,False,False,False,False,37.0057,-120.147,Fresno River,,,False,0.4,0.4,,,,,0.0,False,18.0,2008-04-29,2008-09-30,6,25.7,False,,,,,False,,,,,False,https://www.waterqualitydata.us/provider/STORET/CEDEN/CEDEN-545XDCART/
,wqp:CEDEN-545XSSJ03,Berenda Creek at Ave 17.5 west of Madera,"ceden,wqp",California State Water Resources Control Board,discrete_grab,natural,False,True,False,False,False,False,37.0045,-120.237,Fresno River,,,False,0.5,0.5,0.5,2005-01-27,2005-08-20,0.6,0.5,False,21.1,2005-01-27,2005-08-20,20,10.2,False,2005-01-27,2005-08-20,64,14.5,False,,,,,False,https://www.waterqualitydata.us/provider/STORET/CEDEN/CEDEN-545XSSJ03/
,wqp:NALMS-F228741,"Miller Lake, Stanislaus County, CA, USA",wqp,North American Lake Management Society,reservoir,reservoir,False,False,False,False,False,False,37.668,-121.21,Upper Stanislaus,,,False,0.0,0.0,,,,,0.0,False,18.2,2008-07-10,2008-07-10,1,,False,,,,,False,,,,,False,https://www.waterqualitydata.us/provider/STORET/NALMS/NALMS-F228741/
,wqp:NALMS-F253643,"New Melones Lake, Calaveras County, CA, USA",wqp,North American Lake Management Society,reservoir,reservoir,False,False,False,False,False,False,37.994,-120.507,Upper Stanislaus,Stanislaus River,,False,1.0,1.0,,,,,0.0,False,23.2,2002-07-08,2003-07-09,6,6.0,False,,,,,False,,,,,False,https://www.waterqualitydata.us/provider/STORET/NALMS/NALMS-F253643/
,wqp:NARS_WQX-CARO-1051,Tuolumne River,wqp,EPA National Aquatic Resources Survey (NARS),discrete_grab,natural,False,True,False,False,False,False,37.58872,-121.0651,Upper Tuolumne,Tuolumne River,,False,0.0,0.0,0.0,2014-06-25,2014-06-25,0.0,0.0,False,12.2,2014-06-25,2014-06-25,1,,False,2014-06-25,2014-06-25,2,,False,,,,,False,https://www.waterqualitydata.us/provider/STORET/NARS_WQX/NARS_WQX-CARO-1051/
,wqp:NARS_WQX-NLA_CA-10009,NLA_CA-10009,wqp,EPA National Aquatic Resources Survey (NARS),reservoir,reservoir,False,True,False,False,False,False,37.894445,-120.572119,Upper Stanislaus,Stanislaus River,,False,0.0,0.0,0.0,2007-07-23,2007-07-23,0.0,0.0,False,19.2,2007-07-23,2007-07-23,32,,False,2007-07-23,2007-07-23,32,,False,,,,,False,https://www.waterqualitydata.us/provider/STORET/NARS_WQX/NARS_WQX-NLA_CA-10009/
,wqp:NARS_WQX-NRS_CA-11225,NRS_CA-11225,wqp,EPA National Aquatic Resources Survey (NARS),discrete_grab,unknown,False,False,False,False,False,False,37.201271,-119.303364,Upper San Joaquin,,,False,0.0,,0.0,,,,0.0,False,3.2,,,,,False,2023-07-19,2023-07-19,1,,False,,,,,False,https://www.waterqualitydata.us/provider/STORET/NARS_WQX/NARS_WQX-NRS_CA-11225/
,wqp:NARS_WQX-NRS_CA-11343,Deadman Creek,wqp,EPA National Aquatic Resources Survey (NARS),discrete_grab,natural,False,True,False,False,False,False,38.321314,-119.67407,Upper Stanislaus,,,False,0.0,0.0,0.0,2018-07-24,2018-07-24,0.0,0.0,False,8.2,2018-07-24,2018-07-24,1,,False,2018-07-24,2018-07-24,2,,False,,,,,False,https://www.waterqualitydata.us/provider/STORET/NARS_WQX/NARS_WQX-NRS_CA-11343/
,wqp:NARS_WQX-NRS_CA-11456,NRS_CA-11456,wqp,EPA National Aquatic Resources Survey (NARS),discrete_grab,unknown,False,False,False,False,False,False,37.19788,-119.611115,Upper San Joaquin,,,False,0.0,,0.0,,,,0.0,False,3.2,,,,,False,2023-07-18,2023-07-18,1,,False,,,,,False,https://www.waterqualitydata.us/provider/STORET/NARS_WQX/NARS_WQX-NRS_CA-11456/
,wqp:NARS_WQX-NRS_CA-11461,NRS_CA-11461,wqp,EPA National Aquatic Resources Survey (NARS),discrete_grab,unknown,False,False,False,False,False,False,38.101904,-120.297188,Upper Stanislaus,,,False,0.0,,0.0,,,,0.0,False,3.2,,,,,False,2023-07-26,2023-07-26,1,,False,,,,,False,https://www.waterqualitydata.us/provider/STORET/NARS_WQX/NARS_WQX-NRS_CA-11461/
,wqp:NARS_WQX-NRS_CA-11475,NRS_CA-11475,wqp,EPA National Aquatic Resources Survey (NARS),discrete_grab,unknown,False,False,False,False,False,False,37.7838,-121.304111,San Joaquin Delta,,,True,0.0,,0.0,,,,0.0,False,3.1,,,,,False,2023-08-02,2023-08-02,1,,False,,,,,False,https://www.waterqualitydata.us/provider/STORET/NARS_WQX/NARS_WQX-NRS_CA-11475/
,wqp:NARS_WQX-NWC_CA-10278,NWC_CA-10278,wqp,EPA National Aquatic Resources Survey (NARS),discrete_grab,unknown,False,False,False,False,False,False,38.272194,-119.807737,Upper Stanislaus,,,False,0.0,,0.0,,,,0.0,False,5.1,,,,,False,2021-08-05,2021-08-05,1,,False,,,,,False,https://www.waterqualitydata.us/provider/STORET/NARS_WQX/NARS_WQX-NWC_CA-10278/
,wqp:NARS_WQX-WCAP99-0503,ILLILOUETTE CREEK,wqp,EPA National Aquatic Resources Survey (NARS),discrete_grab,natural,False,True,False,False,False,False,37.68178,-119.53587,Upper Merced,,,False,0.0,0.0,0.0,2000-10-03,2000-10-03,0.0,0.0,False,26.0,2000-10-03,2000-10-03,1,,False,2000-10-03,2000-10-03,3,,False,,,,,False,https://www.waterqualitydata.us/provider/STORET/NARS_WQX/NARS_WQX-WCAP99-0503/
,wqp:NARS_WQX-WCAP99-0742,NORTH FORK TUOLOWNE RIVER,wqp,EPA National Aquatic Resources Survey (NARS),discrete_grab,natural,False,True,False,False,False,False,38.16542,-120.03472,Upper Tuolumne,,,False,0.0,0.0,0.0,2001-08-21,2001-08-21,0.0,0.0,False,25.1,2001-08-21,2001-08-21,1,,False,2001-08-21,2001-08-21,3,,False,,,,,False,https://www.waterqualitydata.us/provider/STORET/NARS_WQX/NARS_WQX-WCAP99-0742/
,wqp:NARS_WQX-WCAP99-1104,MARIPOSA CREEK,wqp,EPA National Aquatic Resources Survey (NARS),discrete_grab,natural,False,True,False,False,False,False,37.46309,-119.94873,Middle San Joaquin-Lower Chowchilla,,,False,0.0,0.0,0.0,2002-08-27,2002-08-27,0.0,0.0,False,24.1,2002-08-27,2002-08-27,1,,False,2002-08-27,2002-08-27,1,,False,,,,,False,https://www.waterqualitydata.us/provider/STORET/NARS_WQX/NARS_WQX-WCAP99-1104/
,wqp:TMTC_WQX-BEAR-02,BearCreek_DownstreamMiWuStreet,wqp,Tuolumne Band of Me-Wuk Indians of the Tuolumne Rancheria of California (Tribal),discrete_grab,natural,False,False,False,False,False,False,37.98096,-120.2382,Upper Tuolumne,,,False,0.0,0.0,,,,,0.0,False,11.6,2015-02-10,2015-02-10,1,,False,,,,,False,,,,,False,https://www.waterqualitydata.us/provider/STORET/TMTC_WQX/TMTC_WQX-BEAR-02/
,wqp:TMTC_WQX-THOMAS_POND,ThomasPondBehindFireStation,wqp,Tuolumne Band of Me-Wuk Indians of the Tuolumne Rancheria of California (Tribal),reservoir,reservoir,False,False,False,False,False,False,37.97167,-120.2453,Upper Tuolumne,,,False,0.0,0.0,,,,,0.0,False,11.3,2015-03-24,2015-04-21,2,28.0,False,,,,,False,,,,,False,https://www.waterqualitydata.us/provider/STORET/TMTC_WQX/TMTC_WQX-THOMAS_POND/
,wqp:TMTC_WQX-TURN-02,TurnbackCreek_UpstreamBearConfluence,wqp,Tuolumne Band of Me-Wuk Indians of the Tuolumne Rancheria of California (Tribal),discrete_grab,natural,False,False,False,False,False,False,37.97653,-120.2348,Upper Tuolumne,,,False,0.0,,0.0,,,,0.0,False,11.3,,,,,False,2015-02-10,2015-02-10,1,,False,,,,,False,https://www.waterqualitydata.us/provider/STORET/TMTC_WQX/TMTC_WQX-TURN-02/
,wqp:TMTC_WQX-TURN-03,TurnbackCreek_UpstreamN.TuolumneRoadBridge,wqp,Tuolumne Band of Me-Wuk Indians of the Tuolumne Rancheria of California (Tribal),discrete_grab,natural,False,True,False,False,False,False,37.97424,-120.2381,Upper Tuolumne,,,False,0.0,0.0,0.0,2015-05-20,2015-02-10,0.0,0.0,False,11.3,2015-05-20,2015-05-20,1,,False,2015-02-10,2015-02-10,1,,False,,,,,False,https://www.waterqualitydata.us/provider/STORET/TMTC_WQX/TMTC_WQX-TURN-03/
,wqp:TMTC_WQX-TURN-06,TurnbackCreek_UpstreamTuolumneRoadBridge,wqp,Tuolumne Band of Me-Wuk Indians of the Tuolumne Rancheria of California (Tribal),discrete_grab,natural,False,False,False,False,False,False,37.97012,-120.2382,Upper Tuolumne,,,False,0.0,,0.0,,,,0.0,False,11.3,,,,,False,2015-05-20,2015-05-20,1,,False,,,,,False,https://www.waterqualitydata.us/provider/STORET/TMTC_WQX/TMTC_WQX-TURN-06/
,wqp:USGS-365800119530001,011S019E15L001M,wqp,U.S. Geological Survey,groundwater_well,groundwater,True,False,False,False,False,False,36.972833,-119.888389,Middle San Joaquin-Lower Chowchilla,,,False,0.0,,0.0,,,,0.0,False,12.5,,,,,False,2014-03-19,2014-03-19,1,,False,,,,,False,https://www.waterqualitydata.us/provider/USGS/USGS/USGS-365800119530001/
,wqp:USGS-370100120210001,010S015E29M001M,wqp,U.S. Geological Survey,groundwater_well,groundwater,True,False,False,False,False,False,37.032333,-120.361222,Fresno River,,,False,0.0,0.0,,,,,0.0,False,15.5,2011-03-16,2011-03-16,1,,False,,,,,False,,,,,False,https://www.waterqualitydata.us/provider/USGS/USGS/USGS-370100120210001/
,wqp:USGS-370300119590001,010S018E15R001M,wqp,U.S. Geological Survey,groundwater_well,groundwater,True,False,False,False,False,False,37.05575,-119.984944,Fresno River,,,False,0.0,,0.0,,,,0.0,False,3.4,,,,,False,2018-06-05,2018-06-05,2,,False,,,,,False,https://www.waterqualitydata.us/provider/USGS/USGS/USGS-370300119590001/
,wqp:USGS-371600119370002,007S021E36R001M,wqp,U.S. Geological Survey,groundwater_well,groundwater,True,False,False,False,False,False,37.273611,-119.620194,Fresno River,,,False,0.0,0.0,,,,,0.0,False,18.2,2008-07-22,2008-07-22,1,,False,,,,,False,,,,,False,https://www.waterqualitydata.us/provider/USGS/USGS/USGS-371600119370002/
,wqp:USGS-371900119340001,007S022E09M001M,wqp,U.S. Geological Survey,groundwater_well,groundwater,True,False,False,False,False,False,37.332861,-119.581194,Upper San Joaquin,,,False,0.0,0.0,,,,,0.0,False,5.4,2016-05-03,2016-05-03,1,,False,,,,,False,,,,,False,https://www.waterqualitydata.us/provider/USGS/USGS/USGS-371900119340001/
,wqp:USGS-372058120583301,HYPORHEIC X-SEC IN SAN JOAQUIN R AT R MILE 118.1,wqp,U.S. Geological Survey,discrete_grab,groundwater,True,False,False,False,False,False,37.349444,-120.975833,Lower San Joaquin River,San Joaquin River,77.4,False,0.0,,0.0,,,,0.0,False,18.0,,,,,False,2008-09-22,2008-09-22,1,,False,,,,,False,https://www.waterqualitydata.us/provider/USGS/USGS/USGS-372058120583301/
,wqp:USGS-372100119430001,007S021E06D001M,wqp,U.S. Geological Survey,groundwater_well,groundwater,True,False,False,False,False,False,37.357639,-119.721361,Fresno River,,,False,0.0,,0.0,,,,0.0,False,20.4,,,,,False,2006-05-12,2006-05-12,1,,False,,,,,False,https://www.waterqualitydata.us/provider/USGS/USGS/USGS-372100119430001/
,wqp:USGS-372101120583501,007S009E04J007M,wqp,U.S. Geological Survey,groundwater_well,groundwater,True,False,False,False,False,False,37.350215,-120.977428,Lower San Joaquin River,San Joaquin River,77.2,False,0.0,,0.0,,,,0.0,False,18.6,,,,,False,2006-09-05,2006-09-05,1,,False,,,,,False,https://www.waterqualitydata.us/provider/USGS/USGS/USGS-372101120583501/
,wqp:USGS-372351120480102,006S011E19H004M,wqp,U.S. Geological Survey,groundwater_well,groundwater,True,False,False,False,False,False,37.397369,-120.800353,Lower San Joaquin River,,,False,0.0,,0.0,,,,0.0,False,22.1,,,,,False,2004-08-04,2004-08-04,1,,False,,,,,False,https://www.waterqualitydata.us/provider/USGS/USGS/USGS-372351120480102/
,wqp:USGS-372438120595601,HYPORHEIC X-SEC IN SAN JOAQUIN R AT R MILE 110.0,wqp,U.S. Geological Survey,discrete_grab,groundwater,True,False,False,False,False,False,37.410556,-120.998889,Lower San Joaquin River,San Joaquin River,64.6,False,0.0,,0.0,,,,0.0,False,18.1,,,,,False,2008-08-14,2008-08-14,1,,False,,,,,False,https://www.waterqualitydata.us/provider/USGS/USGS/USGS-372438120595601/
,wqp:USGS-372545121004801,006S009E07H001M,wqp,U.S. Geological Survey,groundwater_well,groundwater,True,False,False,False,False,False,37.4305,-121.014194,Lower San Joaquin River,San Joaquin River,60.1,False,0.0,,0.0,,,,0.0,False,18.1,,,,,False,2007-08-28,2007-08-28,1,,False,,,,,False,https://www.waterqualitydata.us/provider/USGS/USGS/USGS-372545121004801/
,wqp:USGS-372554121004802,006S009E07A006M,wqp,U.S. Geological Survey,discrete_grab,groundwater,True,False,False,False,False,False,37.431694,-121.013333,Lower San Joaquin River,San Joaquin River,60.0,False,0.0,0.0,,,,,0.0,False,17.8,2008-12-10,2008-12-10,1,,False,,,,,False,,,,,False,https://www.waterqualitydata.us/provider/USGS/USGS/USGS-372554121004802/
,wqp:USGS-372937121044602,005S008E15M006M,wqp,U.S. Geological Survey,groundwater_well,groundwater,True,False,False,False,False,False,37.493544,-121.080489,Lower San Joaquin River,San Joaquin River,46.6,False,1.8,1.8,,,,,0.0,False,17.8,2007-02-21,2008-12-10,2,,False,,,,,False,,,,,False,https://www.waterqualitydata.us/provider/USGS/USGS/USGS-372937121044602/
,wqp:USGS-373324121090401,SAN JOAQUIN R A LAIRD PARK NR GRAYSON CA,wqp,U.S. Geological Survey,discrete_grab,natural,False,False,False,False,False,False,37.556598,-121.152158,Lower San Joaquin River,San Joaquin River,32.8,False,0.0,0.0,,,,,0.0,False,25.9,2000-10-18,2000-10-18,1,,False,,,,,False,,,,,False,https://www.waterqualitydata.us/provider/USGS/USGS/USGS-373324121090401/
,wqp:USGS-373920121142301,HYPORHEIC X-SEC IN SAN JOAQUIN R AT R MILE 75.7,wqp,U.S. Geological Survey,discrete_grab,groundwater,True,False,False,False,False,False,37.655556,-121.239722,Lower San Joaquin River,San Joaquin River,5.4,False,0.0,,0.0,,,,0.0,False,18.1,,,,,False,2008-08-21,2008-08-21,1,,False,,,,,False,https://www.waterqualitydata.us/provider/USGS/USGS/USGS-373920121142301/
,wqp:USGS-374111121000301,STORM DRAIN INLET W SIDE WHITEHORSE AVE A MODESTO,wqp,U.S. Geological Survey,discrete_grab,drain,True,False,False,False,False,False,37.686583,-121.000972,Upper Stanislaus,,,False,0.0,0.0,,,,,0.0,False,21.6,2005-02-15,2005-02-15,1,,False,,,,,False,,,,,False,https://www.waterqualitydata.us/provider/USGS/USGS/USGS-374111121000301/
,wqp:USGS-374148120581601,003S009E03N002M,wqp,U.S. Geological Survey,groundwater_well,groundwater,True,False,False,False,False,False,37.696583,-120.97175,Upper Stanislaus,,,False,0.0,,0.0,,,,0.0,False,11.1,,,,,False,2015-08-04,2015-08-04,1,,False,,,,,False,https://www.waterqualitydata.us/provider/USGS/USGS/USGS-374148120581601/
,wqp:USGS-374320121010101,002S009E31A001M,wqp,U.S. Geological Survey,groundwater_well,groundwater,True,False,False,False,False,False,37.722361,-121.017139,Upper Stanislaus,,,False,0.0,,0.0,,,,0.0,False,12.2,,,,,False,2001-10-25,2001-10-25,1,,False,,,,,False,https://www.waterqualitydata.us/provider/USGS/USGS/USGS-374320121010101/
,wqp:USGS-374640119154101,LYELL FORK TUOLUMNE R BL MACLURE C NR TUOLUMNE MDW,wqp,U.S. Geological Survey,discrete_grab,natural,False,False,False,False,False,False,37.777778,-119.261389,Upper Tuolumne,,,False,0.0,0.0,,,,,0.0,False,12.0,2013-07-23,2013-07-23,1,,False,,,,,False,,,,,False,https://www.waterqualitydata.us/provider/USGS/USGS/USGS-374640119154101/
,wqp:USGS-374742119154401,LYELL FK TUOLUMNE R .56 MI BL KUNA C NR TUOLUMNE M,wqp,U.S. Geological Survey,discrete_grab,natural,False,False,False,False,False,False,37.795,-119.261889,Upper Tuolumne,,,False,0.0,0.0,,,,,0.0,False,12.2,2014-06-11,2014-06-11,1,,False,,,,,False,,,,,False,https://www.waterqualitydata.us/provider/USGS/USGS/USGS-374742119154401/
,wqp:USGS-374813119154901,LYELL FK TUOLUMNE R 1.4 MI BL KUNA C NR TUOLUMNE M,wqp,U.S. Geological Survey,discrete_grab,natural,False,False,False,False,False,False,37.803611,-119.263611,Upper Tuolumne,,,False,0.0,,0.0,,,,0.0,False,12.2,,,,,False,2014-07-07,2014-07-07,1,,False,,,,,False,https://www.waterqualitydata.us/provider/USGS/USGS/USGS-374813119154901/
,wqp:USGS-375306119223001,DELANEY C AB PACIFIC CREST TR NR TUOLUMNE MEADOWS,wqp,U.S. Geological Survey,discrete_grab,natural,False,False,False,False,False,False,37.885,-119.375,Upper Tuolumne,,,False,0.0,,0.0,,,,0.0,False,12.2,,,,,False,2014-06-17,2014-06-17,1,,False,,,,,False,https://www.waterqualitydata.us/provider/USGS/USGS/USGS-375306119223001/
