station_uid,name,sources,n_sources,all_source_ids,operator,station_type,channel_class,conveyance_role,record_type,frequency,lat,lon,huc8,huc8_name,huc12,waterbody,horizontal_datum,river,mainstem_km,boundary,n_parameters,por_start,por_end,last_obs,years_since_last,active,parameter_groups,parameters,url
wqp:USGS-372205120433801,006S011E35H001M,wqp,1,wqp:USGS-372205120433801;wqp:USGS-372209120433801,U.S. Geological Survey,groundwater_well,groundwater,,discrete,unknown,37.367994,-120.7281,18040001,Middle San Joaquin-Lower Chowchilla,180400011804,,,,,False,1,2020-12-14,2020-12-14,2020-12-14,5.8,False,major_ions,calcium,https://www.waterqualitydata.us/provider/USGS/USGS/USGS-372205120433801/
wqp:USGS-372205120381701,006S012E34G001M,wqp,1,wqp:USGS-372205120381701,U.S. Geological Survey,groundwater_well,groundwater,,discrete,unknown,37.368086,-120.639642,18040001,Middle San Joaquin-Lower Chowchilla,180400011804,,,,,False,1,2012-08-01,2012-08-01,2012-08-01,14.1,False,extended_wq,nitrate,https://www.waterqualitydata.us/provider/USGS/USGS/USGS-372205120381701/
wqp:USGS-371829120300801,007S013E24M001M,wqp,1,wqp:USGS-371829120300801,U.S. Geological Survey,groundwater_well,groundwater,,discrete,unknown,37.308083,-120.503583,18040001,Middle San Joaquin-Lower Chowchilla,180400011801,,,,,False,1,2016-02-11,2016-02-11,2016-02-11,10.6,False,extended_wq,selenium,https://www.waterqualitydata.us/provider/USGS/USGS/USGS-371829120300801/
wqp:USGS-371722120192401,007S015E27N002M,wqp,1,wqp:USGS-371722120192401,U.S. Geological Survey,groundwater_well,groundwater,,discrete,unknown,37.289386,-120.32435,18040001,Middle San Joaquin-Lower Chowchilla,180400011703,,,,,False,1,2016-03-17,2016-03-17,2016-03-17,10.5,False,major_ions,calcium,https://www.waterqualitydata.us/provider/USGS/USGS/USGS-371722120192401/
wqp:USGS-371555120285101,008S014E06L001M,wqp,1,wqp:USGS-371555120285101,U.S. Geological Survey,groundwater_well,groundwater,,discrete,unknown,37.265306,-120.48075,18040001,Middle San Joaquin-Lower Chowchilla,180400011703,,,,,False,1,2021-02-09,2021-02-09,2021-02-09,5.6,False,major_ions,sulfate,https://www.waterqualitydata.us/provider/USGS/USGS/USGS-371555120285101/
wqp:USGS-365700120063401,011S017E28A001M,wqp,1,wqp:USGS-365700120063401,U.S. Geological Survey,groundwater_well,groundwater,,discrete,unknown,36.949478,-120.111044,18040001,Middle San Joaquin-Lower Chowchilla,180400010805,,,,,False,1,2013-07-10,2013-07-10,2013-07-10,13.2,False,extended_wq,organic_carbon,https://www.waterqualitydata.us/provider/USGS/USGS/USGS-365700120063401/
wqp:USGS-365800119530001,011S019E15L001M,wqp,1,wqp:USGS-365800119530001,U.S. Geological Survey,groundwater_well,groundwater,,discrete,unknown,36.972833,-119.888389,18040001,Middle San Joaquin-Lower Chowchilla,180400010202,,,,,False,1,2014-03-19,2014-03-19,2014-03-19,12.5,False,core,specific_conductance,https://www.waterqualitydata.us/provider/USGS/USGS/USGS-365800119530001/
wqp:USGS-365700119470002,011S020E21P001M,wqp,1,wqp:USGS-365700119470002,U.S. Geological Survey,groundwater_well,groundwater,,discrete,unknown,36.954556,-119.79575,18040001,Middle San Joaquin-Lower Chowchilla,180400010202,,,,,False,1,2019-02-05,2019-02-05,2019-02-05,7.6,False,extended_wq,dissolved_oxygen_saturation,https://www.waterqualitydata.us/provider/USGS/USGS/USGS-365700119470002/
wqp:CALWR_WQX-05N08E26P001M,05N08E26P001M,wqp,1,wqp:CALWR_WQX-05N08E26P001M,California Department Of Water Resources,discrete_grab,groundwater,,discrete,irregular,37.2486,-121.0683,18040001,Middle San Joaquin-Lower Chowchilla,180400012104,,,,,False,13,1999-07-26,2001-10-09,2001-10-09,25.0,False,"core,extended_wq,major_ions","alkalinity,boron,calcium,chloride,magnesium,nitrate,ph,potassium,sodium,specific_conductance,sulfate,total_dissolved_solids,water_temperature",https://www.waterqualitydata.us/provider/STORET/CALWR_WQX/CALWR_WQX-05N08E26P001M/
wqp:CALWR_WQX-10S10E10E002M,10S10E10E002M,wqp,1,wqp:CALWR_WQX-10S10E10E002M,California Department Of Water Resources,discrete_grab,groundwater,,discrete,unknown,37.078108,-120.872094,18040001,Middle San Joaquin-Lower Chowchilla,180400012102,,,,,False,3,2000-08-17,2000-08-17,2000-08-17,26.1,False,"core,extended_wq","ph,specific_conductance,water_temperature",https://www.waterqualitydata.us/provider/STORET/CALWR_WQX/CALWR_WQX-10S10E10E002M/
wqp:CALWR_WQX-10S10E10L001M,10S10E10L001M,wqp,1,wqp:CALWR_WQX-10S10E10L001M,California Department Of Water Resources,discrete_grab,groundwater,,discrete,unknown,37.074492,-120.867564,18040001,Middle San Joaquin-Lower Chowchilla,180400012102,,,,,False,3,2000-08-17,2000-08-17,2000-08-17,26.1,False,"core,extended_wq","ph,specific_conductance,water_temperature",https://www.waterqualitydata.us/provider/STORET/CALWR_WQX/CALWR_WQX-10S10E10L001M/
wqp:CALWR_WQX-10S10E10R002M,10S10E10R002M,wqp,1,wqp:CALWR_WQX-10S10E10R002M,California Department Of Water Resources,discrete_grab,groundwater,,discrete,unknown,37.070878,-120.858506,18040001,Middle San Joaquin-Lower Chowchilla,180400012102,,,,,False,3,2000-08-17,2000-08-17,2000-08-17,26.1,False,"core,extended_wq","ph,specific_conductance,water_temperature",https://www.waterqualitydata.us/provider/STORET/CALWR_WQX/CALWR_WQX-10S10E10R002M/
wqp:CALWR_WQX-10S10E19R002M,10S10E19R002M,wqp,1,wqp:CALWR_WQX-10S10E19R002M,California Department Of Water Resources,discrete_grab,groundwater,,discrete,unknown,37.0425,-120.91,18040001,Middle San Joaquin-Lower Chowchilla,180400011901,,,,,False,3,2000-08-16,2000-08-16,2000-08-16,26.1,False,"core,extended_wq","ph,specific_conductance,water_temperature",https://www.waterqualitydata.us/provider/STORET/CALWR_WQX/CALWR_WQX-10S10E19R002M/
wqp:CALWR_WQX-10S10E21N001M,10S10E21N001M,wqp,1,wqp:CALWR_WQX-10S10E21N001M,California Department Of Water Resources,discrete_grab,groundwater,,discrete,annual,37.042,-120.8913,18040001,Middle San Joaquin-Lower Chowchilla,180400011902,,,,,False,3,1999-08-10,2000-08-17,2000-08-17,26.1,False,"core,extended_wq","ph,specific_conductance,water_temperature",https://www.waterqualitydata.us/provider/STORET/CALWR_WQX/CALWR_WQX-10S10E21N001M/
wqp:CALWR_WQX-10S10E25D002M,10S10E25D002M,wqp,1,wqp:CALWR_WQX-10S10E25D002M,California Department Of Water Resources,discrete_grab,groundwater,,discrete,unknown,37.0383,-120.8368,18040001,Middle San Joaquin-Lower Chowchilla,180400012102,,,,,False,3,2001-08-06,2001-08-06,2001-08-06,25.1,False,"core,extended_wq","ph,specific_conductance,water_temperature",https://www.waterqualitydata.us/provider/STORET/CALWR_WQX/CALWR_WQX-10S10E25D002M/
wqp:CALWR_WQX-10S10E28D003M,10S10E28D003M,wqp,1,wqp:CALWR_WQX-10S10E28D003M,California Department Of Water Resources,discrete_grab,groundwater,,discrete,unknown,37.038422,-120.890292,18040001,Middle San Joaquin-Lower Chowchilla,180400011902,,,,,False,3,2000-08-16,2000-08-16,2000-08-16,26.1,False,"core,extended_wq","ph,specific_conductance,water_temperature",https://www.waterqualitydata.us/provider/STORET/CALWR_WQX/CALWR_WQX-10S10E28D003M/
wqp:CALWR_WQX-10S10E29N002M,10S10E29N002M,wqp,1,wqp:CALWR_WQX-10S10E29N002M,California Department Of Water Resources,discrete_grab,groundwater,,discrete,unknown,37.0308,-120.9082,18040001,Middle San Joaquin-Lower Chowchilla,180400011901,,,,,False,3,2001-08-06,2001-08-06,2001-08-06,25.1,False,"core,extended_wq","ph,specific_conductance,water_temperature",https://www.waterqualitydata.us/provider/STORET/CALWR_WQX/CALWR_WQX-10S10E29N002M/
wqp:CALWR_WQX-10S10E32F002M,10S10E32F002M,wqp,1,wqp:CALWR_WQX-10S10E32F002M,California Department Of Water Resources,discrete_grab,groundwater,,discrete,unknown,37.020278,-120.899167,18040001,Middle San Joaquin-Lower Chowchilla,180400011902,,,,,False,3,2000-08-16,2000-08-16,2000-08-16,26.1,False,"core,extended_wq","ph,specific_conductance,water_temperature",https://www.waterqualitydata.us/provider/STORET/CALWR_WQX/CALWR_WQX-10S10E32F002M/
wqp:CALWR_WQX-10S10E32L003M,10S10E32L003M,wqp,1,wqp:CALWR_WQX-10S10E32L003M,California Department Of Water Resources,discrete_grab,groundwater,,discrete,unknown,37.0197,-120.9007,18040001,Middle San Joaquin-Lower Chowchilla,180400011901,,,,,False,3,2001-08-07,2001-08-07,2001-08-07,25.1,False,"core,extended_wq","ph,specific_conductance,water_temperature",https://www.waterqualitydata.us/provider/STORET/CALWR_WQX/CALWR_WQX-10S10E32L003M/
wqp:CALWR_WQX-10S10E34C001M,10S10E34C001M,wqp,1,wqp:CALWR_WQX-10S10E34C001M,California Department Of Water Resources,discrete_grab,groundwater,,discrete,unknown,37.0272,-120.8655,18040001,Middle San Joaquin-Lower Chowchilla,180400011306,,,,,False,3,2001-08-07,2001-08-07,2001-08-07,25.1,False,"core,extended_wq","ph,specific_conductance,water_temperature",https://www.waterqualitydata.us/provider/STORET/CALWR_WQX/CALWR_WQX-10S10E34C001M/
wqp:CALWR_WQX-10S10E34M001M,10S10E34M001M,wqp,1,wqp:CALWR_WQX-10S10E34M001M,California Department Of Water Resources,discrete_grab,groundwater,,discrete,annual,37.0167,-120.8731,18040001,Middle San Joaquin-Lower Chowchilla,180400011306,,,,,False,3,1999-08-10,2000-08-16,2000-08-16,26.1,False,"core,extended_wq","ph,specific_conductance,water_temperature",https://www.waterqualitydata.us/provider/STORET/CALWR_WQX/CALWR_WQX-10S10E34M001M/
wqp:CALWR_WQX-11S10E08F001M,11S10E08F001M,wqp,1,wqp:CALWR_WQX-11S10E08F001M,California Department Of Water Resources,discrete_grab,groundwater,,discrete,unknown,36.991508,-120.903861,18040001,Middle San Joaquin-Lower Chowchilla,180400011306,,,,,False,3,2000-08-16,2000-08-16,2000-08-16,26.1,False,"core,extended_wq","ph,specific_conductance,water_temperature",https://www.waterqualitydata.us/provider/STORET/CALWR_WQX/CALWR_WQX-11S10E08F001M/
wqp:CALWR_WQX-11S10E09R002M,11S10E09R002M,wqp,1,wqp:CALWR_WQX-11S10E09R002M,California Department Of Water Resources,discrete_grab,groundwater,,discrete,irregular,36.9842,-120.8777,18040001,Middle San Joaquin-Lower Chowchilla,180400011306,,,,,False,3,1998-09-09,2000-08-16,2000-08-16,26.1,False,"core,extended_wq","ph,specific_conductance,water_temperature",https://www.waterqualitydata.us/provider/STORET/CALWR_WQX/CALWR_WQX-11S10E09R002M/
wqp:CALWR_WQX-11S10E13B001M,11S10E13B001M,wqp,1,wqp:CALWR_WQX-11S10E13B001M,California Department Of Water Resources,discrete_grab,groundwater,,discrete,unknown,36.980722,-120.826739,18040001,Middle San Joaquin-Lower Chowchilla,180400011305,,,,,False,3,2000-08-16,2000-08-16,2000-08-16,26.1,False,"core,extended_wq","ph,specific_conductance,water_temperature",https://www.waterqualitydata.us/provider/STORET/CALWR_WQX/CALWR_WQX-11S10E13B001M/
wqp:CALWR_WQX-11S11E30B002M,11S11E30B002M,wqp,1,wqp:CALWR_WQX-11S11E30B002M,California Department Of Water Resources,discrete_grab,groundwater,,discrete,unknown,36.951922,-120.808639,18040001,Middle San Joaquin-Lower Chowchilla,180400011305,,,,,False,3,2000-08-16,2000-08-16,2000-08-16,26.1,False,"core,extended_wq","ph,specific_conductance,water_temperature",https://www.waterqualitydata.us/provider/STORET/CALWR_WQX/CALWR_WQX-11S11E30B002M/
wqp:CEDEN-541MER506,Agatha Canal @ Mallard Road,"ceden,wqp",2,ceden:541MER506;wqp:CEDEN-541MER506;wqp:CEDEN-541MER506_SWAMP,California State Water Resources Control Board,discrete_grab,conveyance,diversion,discrete,weekly,36.9367,-120.702,18040001,Middle San Joaquin-Lower Chowchilla,180400012003,,,,,False,3,2000-01-05,2013-09-23,2013-09-23,13.0,False,"core,extended_wq,major_ions","boron,selenium,specific_conductance",https://www.waterqualitydata.us/provider/STORET/CEDEN/CEDEN-541MER506/
ceden:541AGCHWK,"Agatha Canal, headworks",ceden,1,ceden:541AGCHWK,CEDEN contributing programs,discrete_grab,conveyance,diversion,discrete,weekly,36.93399,-120.70258,18040001,Middle San Joaquin-Lower Chowchilla,180400011304,,,,,False,1,2013-09-30,2013-12-30,2013-12-30,12.7,False,extended_wq,selenium,https://ceden.waterboards.ca.gov/AdvancedQueryTool
ceden:A-01,Atwater Drain-01-A-01,ceden,1,ceden:A-01;ceden:A-02,CEDEN contributing programs,discrete_grab,drain,,discrete,unknown,37.325218,-120.604917,18040001,Middle San Joaquin-Lower Chowchilla,180400011804,,,,,False,1,2003-10-06,2003-10-06,2003-10-06,23.0,False,core,chloride,https://ceden.waterboards.ca.gov/AdvancedQueryTool
cdec:BAR,BEAR,cdec,1,cdec:BAR,US Army Corps of Engineers,reservoir,reservoir,,continuous,sub-daily,37.367,-120.217,18040001,Middle San Joaquin-Lower Chowchilla,180400011002,MERCED RIVER,,,,False,4,1988-08-09,2026-09-21,2026-09-21,0.0,True,water_balance,"computed_flow,discharge,reservoir_storage,stage",https://cdec.water.ca.gov/dynamicapp/staMeta?station_id=BAR
usgs:USGS-11260200,BEAR C NR CATHEYS VALLEY CA,usgs,1,usgs:USGS-11260200,U.S. Geological Survey,streamgage,natural,,continuous,daily,37.477716,-120.113513,18040001,Middle San Joaquin-Lower Chowchilla,180400011001,,,,,False,2,1958-01-01,1969-09-30,1969-09-30,57.0,False,water_balance,"discharge,stage",https://waterdata.usgs.gov/monitoring-location/11260200
usgs:USGS-11260210,BEAR C TRIB NR CATHEYS VALLEY CA,usgs,1,usgs:USGS-11260210,U.S. Geological Survey,streamgage,natural,,discrete,annual,37.445772,-120.1024,18040001,Middle San Joaquin-Lower Chowchilla,180400011001,,,,,False,2,1960-02-08,1973-02-11,1973-02-11,53.6,False,water_balance,"discharge,stage",https://waterdata.usgs.gov/monitoring-location/11260210
cdec:BSD,BEAR CK BLW EASTSIDE CANAL,"cdec,dwr_wdl",2,cdec:BSD;dwr_wdl:B05516,CA Dept of Water Resources/South Central Region Office,continuous_sonde,natural,,continuous,sub-daily,37.2547,-120.7194,18040001,Middle San Joaquin-Lower Chowchilla,180400011804,SAN JOAQUIN RIVER,,,,False,2,1979-10-01,2026-09-21,2026-09-21,0.0,True,water_balance,"discharge,stage",https://cdec.water.ca.gov/dynamicapp/staMeta?station_id=BSD
cdec:MCK,BEAR CREEK AT MC KEE ROAD,cdec,1,cdec:MCK,US Army Corps of Engineers,continuous_sonde,natural,,continuous,sub-daily,37.3092,-120.4456,18040001,Middle San Joaquin-Lower Chowchilla,180400011801,SAN JOAQUIN RIVER,,,,False,2,1996-12-01,2026-09-21,2026-09-21,0.0,True,water_balance,"discharge,stage",https://cdec.water.ca.gov/dynamicapp/staMeta?station_id=MCK
cdec:BPL,BEAR POOL,cdec,1,cdec:BPL,US Army Corps of Engineers,reservoir,reservoir,,continuous,sub-daily,37.3667,-120.61,18040001,Middle San Joaquin-Lower Chowchilla,180400011804,MERCED RIVER,,,,False,1,2010-01-20,2026-09-21,2026-09-21,0.0,True,water_balance,stage,https://cdec.water.ca.gov/dynamicapp/staMeta?station_id=BPL
cdec:BDV,BLACK RASCAL DIVERSION,cdec,1,cdec:BDV,US Army Corps of Engineers,continuous_sonde,conveyance,diversion,continuous,sub-daily,37.3328,-120.3944,18040001,Middle San Joaquin-Lower Chowchilla,180400011403,MERCED RIVER,,,,False,2,2009-06-03,2026-09-21,2026-09-21,0.0,True,water_balance,"discharge,stage",https://cdec.water.ca.gov/dynamicapp/staMeta?station_id=BDV
cdec:BUC,BUCHANAN DAM,cdec,1,cdec:BUC,US Army Corps of Engineers,reservoir,reservoir,,continuous,sub-daily,37.213,-119.97,18040001,Middle San Joaquin-Lower Chowchilla,180400010702,CHOWCHILLA RIVER,,,,False,4,1976-01-01,2026-09-21,2026-09-21,0.0,True,water_balance,"computed_flow,discharge,reservoir_storage,stage",https://cdec.water.ca.gov/dynamicapp/staMeta?station_id=BUC
cdec:BHP,BUCHANAN POOL,cdec,1,cdec:BHP,US Army Corps of Engineers,reservoir,reservoir,,continuous,sub-daily,37.2167,-119.9844,18040001,Middle San Joaquin-Lower Chowchilla,180400010703,CHOWCHILLA RIVER,,,,False,1,2010-01-20,2026-09-21,2026-09-21,0.0,True,water_balance,stage,https://cdec.water.ca.gov/dynamicapp/staMeta?station_id=BHP
usgs:USGS-11260225,BURNS C A HORNITOS CA,usgs,1,usgs:USGS-11260225,U.S. Geological Survey,streamgage,natural,,continuous,daily,37.496048,-120.23963,18040001,Middle San Joaquin-Lower Chowchilla,180400011101,,,,,False,2,1964-10-01,1969-09-30,1969-09-30,57.0,False,water_balance,"discharge,stage",https://waterdata.usgs.gov/monitoring-location/11260225
cdec:BUR,BURNS CREEK DAM,cdec,1,cdec:BUR,US Army Corps of Engineers,reservoir,reservoir,,continuous,sub-daily,37.377,-120.275,18040001,Middle San Joaquin-Lower Chowchilla,180400011102,MERCED RIVER,,,,False,3,1988-12-06,2026-09-21,2026-09-21,0.0,True,water_balance,"computed_flow,discharge,reservoir_storage",https://cdec.water.ca.gov/dynamicapp/staMeta?station_id=BUR
cdec:BPO,BURNS POOL,cdec,1,cdec:BPO,US Army Corps of Engineers,reservoir,reservoir,,continuous,sub-daily,37.3767,-120.275,18040001,Middle San Joaquin-Lower Chowchilla,180400011102,MERCED RIVER,,,,False,1,2010-01-20,2026-09-21,2026-09-21,0.0,True,water_balance,stage,https://cdec.water.ca.gov/dynamicapp/staMeta?station_id=BPO
ceden:535XBCAKR,Bear Creek @ Kibby Rd,ceden,1,ceden:535XBCAKR,CEDEN contributing programs,discrete_grab,natural,,discrete,monthly,37.3123,-120.41535,18040001,Middle San Joaquin-Lower Chowchilla,180400011801,,,,,False,4,2005-03-21,2022-07-12,2022-07-12,4.2,False,"core,extended_wq,major_ions","boron,ph,selenium,water_temperature",https://ceden.waterboards.ca.gov/AdvancedQueryTool
dwr_wdl:B05525,Bear Creek at Mckee Road near Merced,dwr_wdl,1,dwr_wdl:B05525,California Department of Water Resources,continuous_sonde,natural,,continuous,daily,37.311608,-120.446022,18040001,Middle San Joaquin-Lower Chowchilla,180400011801,,NAD83,,,False,1,1968-10-01,1990-10-01,1990-10-01,36.0,False,water_balance,discharge,https://wdl.water.ca.gov/WaterDataLibrary/StationDetails.aspx?Station=B05525
dwr_wdl:B05570,Bear Creek below Bear Reservoir near Planad,dwr_wdl,1,dwr_wdl:B05570,California Department of Water Resources,continuous_sonde,natural,,continuous,daily,37.358273,-120.236015,18040001,Middle San Joaquin-Lower Chowchilla,180400011801,,NAD83,,,False,1,1960-10-01,1990-10-01,1990-10-01,36.0,False,water_balance,discharge,https://wdl.water.ca.gov/WaterDataLibrary/StationDetails.aspx?Station=B05570
wqp:CEDEN-535MER007,Bear Creek near Bert Crane Road,"ceden,wqp",2,ceden:535MER007;wqp:CEDEN-535MER007,California State Water Resources Control Board,discrete_grab,natural,,discrete,monthly,37.2556,-120.652,18040001,Middle San Joaquin-Lower Chowchilla,180400011805,,,,,False,16,2000-10-26,2024-09-05,2024-09-05,2.0,True,"core,extended_wq,major_ions","alkalinity,ammonia,boron,calcium,dissolved_oxygen,magnesium,organic_carbon,ph,phosphorus,potassium,selenium,sodium,specific_conductance,suspended_solids,total_dissolved_solids,water_temperature",https://www.waterqualitydata.us/provider/STORET/CEDEN/CEDEN-535MER007/
ceden:535BRCAYR,Black Rascal Creek @ Yosemite Rd,ceden,1,ceden:535BRCAYR,CEDEN contributing programs,discrete_grab,natural,,discrete,monthly,37.33202,-120.39435,18040001,Middle San Joaquin-Lower Chowchilla,180400011801,,,,,False,4,2006-05-18,2025-08-13,2025-08-13,1.1,True,"core,extended_wq,major_ions","boron,ph,selenium,water_temperature",https://ceden.waterboards.ca.gov/AdvancedQueryTool
ceden:541XSSJ07,Boundary Drain at Henry Miller Ave,ceden,1,ceden:541XSSJ07,CEDEN contributing programs,discrete_grab,drain,,discrete,monthly,37.098838,-120.777768,18040001,Middle San Joaquin-Lower Chowchilla,180400012006,,,,,False,4,2005-06-22,2005-11-20,2005-11-20,20.8,False,"core,extended_wq,major_ions","boron,ph,selenium,water_temperature",https://ceden.waterboards.ca.gov/AdvancedQueryTool
dwr_wdl:B56100,Burns Creek below Burns Dam near Planada,"dwr_wdl,wqp",2,dwr_wdl:B56100;wqp:CALWR_WQX-B5610000,California Department of Water Resources,continuous_sonde,natural,,continuous,daily,37.37494,-120.276017,18040001,Middle San Joaquin-Lower Chowchilla,180400011102,,NAD83,,,False,4,1980-10-01,2002-02-06,2002-02-06,24.6,False,"core,extended_wq,water_balance","discharge,ph,specific_conductance,water_temperature",https://wdl.water.ca.gov/WaterDataLibrary/StationDetails.aspx?Station=B56100
cdec:C12,CAL AQUEDUCT CHECK 12 (KA006633),"cdec,wqp",2,cdec:C12;wqp:CALWR_WQX-KA006633,CA Dept of Water Resources/Operations and Maintenance,continuous_sonde,conveyance,import,continuous,sub-daily,37.118,-121.058,18040001,Middle San Joaquin-Lower Chowchilla,180400011205,SAN JOAQUIN RIVER,,,,False,15,1990-01-01,2026-09-21,2026-09-21,0.0,True,"core,extended_wq,major_ions,water_balance","alkalinity,boron,bromide,calcium,chloride,discharge,magnesium,nitrate,ph,potassium,sodium,specific_conductance,sulfate,total_dissolved_solids,water_temperature",https://cdec.water.ca.gov/dynamicapp/staMeta?station_id=C12
cdec:C13,CAL AQUEDUCT CHECK 13 (KA007089),"cdec,wqp",2,cdec:C13;wqp:CALWR_WQX-KA007089,CA Dept of Water Resources/Operations and Maintenance,continuous_sonde,conveyance,import,continuous,sub-daily,37.0742,-121.0151,18040001,Middle San Joaquin-Lower Chowchilla,180400011901,SAN JOAQUIN RIVER,,,,False,15,1988-02-24,2026-09-21,2026-09-21,0.0,True,"core,extended_wq,major_ions","alkalinity,boron,bromide,calcium,chloride,magnesium,nitrate,ph,selenium,sodium,specific_conductance,sulfate,total_dissolved_solids,turbidity,water_temperature",https://cdec.water.ca.gov/dynamicapp/staMeta?station_id=C13
wqp:CALWR_WQX-CTL4504,CAMP 13 SLU A HEAD       B0096300,wqp,1,wqp:CALWR_WQX-CTL4504,California Department Of Water Resources,discrete_grab,unknown,,discrete,quarterly,36.9416,-120.756,18040001,Middle San Joaquin-Lower Chowchilla,180400011304,,,,,False,3,1998-03-11,2002-11-20,2002-11-20,23.8,False,"core,extended_wq","ph,specific_conductance,water_temperature",https://www.waterqualitydata.us/provider/STORET/CALWR_WQX/CALWR_WQX-CTL4504/
wqp:CALWR_WQX-B0516650,CANAL C A OAKDALE RD,wqp,1,wqp:CALWR_WQX-B0516650,California Department Of Water Resources,discrete_grab,conveyance,diversion,discrete,annual,37.4241,-120.5282,18040001,Middle San Joaquin-Lower Chowchilla,180400011802,,,,,False,3,1998-08-10,2001-08-27,2001-08-27,25.1,False,"core,extended_wq","ph,specific_conductance,water_temperature",https://www.waterqualitydata.us/provider/STORET/CALWR_WQX/CALWR_WQX-B0516650/
wqp:CEDEN-541MER510,CCID Main @ Russell Blvd.,"ceden,wqp",2,ceden:541MER510;wqp:CEDEN-541MER510;wqp:CEDEN-541MER510_SWAMP,California State Water Resources Control Board,discrete_grab,unknown,,discrete,weekly,36.9244,-120.653,18040001,Middle San Joaquin-Lower Chowchilla,180400012003,,,,,False,3,2000-01-05,2013-09-23,2013-09-23,13.0,False,"core,extended_wq,major_ions","boron,selenium,specific_conductance",https://www.waterqualitydata.us/provider/STORET/CEDEN/CEDEN-541MER510/
usgs:USGS-11259900,CHAMBERLAIN SLOUGH NR EL NIDO CA,usgs,1,usgs:USGS-11259900,U.S. Geological Survey,streamgage,natural,,continuous,daily,37.113278,-120.589354,18040001,Middle San Joaquin-Lower Chowchilla,180400012101,,,San Joaquin River,155.0,False,1,1939-10-01,1949-06-30,1949-06-30,77.2,False,water_balance,discharge,https://waterdata.usgs.gov/monitoring-location/11259900
cdec:ONI,CHECK 13 (O'NEILL INTAKE),cdec,1,cdec:ONI,US Bureau of Reclamation,continuous_sonde,conveyance,import,continuous,sub-daily,37.090717,-121.037378,18040001,Middle San Joaquin-Lower Chowchilla,180400011901,SAN JOAQUIN RIVER,,,,False,2,1994-07-01,2026-09-21,2026-09-21,0.0,True,core,"specific_conductance,water_temperature",https://cdec.water.ca.gov/dynamicapp/staMeta?station_id=ONI
cdec:DM2,CHECK 20,cdec,1,cdec:DM2,US Bureau of Reclamation,continuous_sonde,conveyance,import,continuous,sub-daily,36.829918,-120.439097,18040001,Middle San Joaquin-Lower Chowchilla,180400012001,SAN JOAQUIN RIVER,,,,False,2,1988-03-31,2026-09-21,2026-09-21,0.0,True,core,"specific_conductance,water_temperature",https://cdec.water.ca.gov/dynamicapp/staMeta?station_id=DM2
cdec:DM3,CHECK 21,cdec,1,cdec:DM3,US Bureau of Reclamation,continuous_sonde,conveyance,import,continuous,sub-daily,36.780899,-120.372473,18040001,Middle San Joaquin-Lower Chowchilla,180400012001,SAN JOAQUIN RIVER,,San Joaquin River,212.7,False,3,1994-07-01,2026-09-21,2026-09-21,0.0,True,"core,water_balance","specific_conductance,stage,water_temperature",https://cdec.water.ca.gov/dynamicapp/staMeta?station_id=DM3
cdec:CBP,CHOWCHILLA BYPASS,cdec,1,cdec:CBP,San Luis Delta-Mendota Water Authority,continuous_sonde,natural,,continuous,sub-daily,36.774,-120.285,18040001,Middle San Joaquin-Lower Chowchilla,180400010304,SAN JOAQUIN RIVER,,San Joaquin River,229.9,False,2,1997-06-20,2026-09-21,2026-09-21,0.0,True,water_balance,"discharge,stage",https://cdec.water.ca.gov/dynamicapp/staMeta?station_id=CBP
usgs:USGS-11258960,CHOWCHILLA R AB WILLOW C NR RAYMOND CA,usgs,1,usgs:USGS-11258960,U.S. Geological Survey,streamgage,natural,,continuous,daily,37.273001,-119.881272,18040001,Middle San Joaquin-Lower Chowchilla,180400010505,,,,,False,3,1980-07-10,1990-09-30,1990-09-30,36.0,False,"core,water_balance","discharge,stage,water_temperature",https://waterdata.usgs.gov/monitoring-location/11258960
usgs:USGS-11259000,CHOWCHILLA R BL BUCHANAN DAM NR RAYMOND CA,"cdec,usgs,wqp",3,cdec:BCQ;usgs:USGS-11259000;wqp:CALWR_WQX-B6415900,U.S. Geological Survey,streamgage,natural,,continuous,sub-daily,37.215501,-119.991276,18040001,Middle San Joaquin-Lower Chowchilla,180400010703,,,,,False,5,1921-10-01,2026-09-21,2026-09-21,0.0,True,"core,extended_wq,water_balance","discharge,ph,specific_conductance,stage,water_temperature",https://waterdata.usgs.gov/monitoring-location/11259000
usgs:USGS-11259300,CHOWCHILLA R BL RAYNOR C NR RAYMOND CA,usgs,1,usgs:USGS-11259300,U.S. Geological Survey,streamgage,natural,,continuous,daily,37.199945,-120.007388,18040001,Middle San Joaquin-Lower Chowchilla,180400010703,,,,,False,1,1972-10-01,1975-09-29,1975-09-29,51.0,False,water_balance,discharge,https://waterdata.usgs.gov/monitoring-location/11259300
usgs:USGS-11258980,CHOWCHILLA R NR RAYMOND CA,"ceden,usgs",2,ceden:539CCRARR;ceden:539MAD500;usgs:USGS-11258980,U.S. Geological Survey,streamgage,natural,,continuous,daily,37.259945,-119.946275,18040001,Middle San Joaquin-Lower Chowchilla,180400010702,,,,,False,6,1971-06-11,2022-12-08,2022-12-08,3.8,False,"core,extended_wq,major_ions,water_balance","chloride,discharge,ph,stage,sulfate,water_temperature",https://waterdata.usgs.gov/monitoring-location/11258980
usgs:USGS-11250500,COTTONWOOD C NR FRIANT CA,"cdec,usgs",2,cdec:CTK;usgs:USGS-11250500,U.S. Geological Survey,streamgage,natural,,continuous,sub-daily,37.001338,-119.720424,18040001,Middle San Joaquin-Lower Chowchilla,180400010301,,,,,False,2,1941-10-01,2019-07-24,2019-07-24,7.2,False,water_balance,"discharge,stage",https://waterdata.usgs.gov/monitoring-location/11250500
wqp:CALWR_WQX-KA007923,"Cal Aqu at mi 79.23, Canyon Rd Bridge",wqp,1,wqp:CALWR_WQX-KA007923,California Department Of Water Resources,discrete_grab,unknown,,discrete,unknown,37.0008,-120.9086,18040001,Middle San Joaquin-Lower Chowchilla,180400011902,,,,,False,13,2000-02-08,2000-02-08,2000-02-08,26.6,False,"core,extended_wq,major_ions","alkalinity,boron,calcium,chloride,magnesium,nitrate,ph,potassium,sodium,specific_conductance,sulfate,total_dissolved_solids,water_temperature",https://www.waterqualitydata.us/provider/STORET/CALWR_WQX/CALWR_WQX-KA007923/
wqp:CALWR_WQX-KA007949,Cal Aqu at mi 79.49,wqp,1,wqp:CALWR_WQX-KA007949,California Department Of Water Resources,discrete_grab,unknown,,discrete,unknown,36.9979,-120.9058,18040001,Middle San Joaquin-Lower Chowchilla,180400011306,,,,,False,12,2000-01-13,2000-01-13,2000-01-13,26.7,False,"core,extended_wq,major_ions","boron,calcium,chloride,magnesium,nitrate,ph,potassium,sodium,specific_conductance,sulfate,total_dissolved_solids,water_temperature",https://www.waterqualitydata.us/provider/STORET/CALWR_WQX/CALWR_WQX-KA007949/
usbr_rise:3223,California Aqueduct at Check 13,usbr_rise,1,usbr_rise:3223,Bureau of Reclamation,streamgage,conveyance,import,discrete,annual,37.074433,-121.015361,18040001,Middle San Joaquin-Lower Chowchilla,180400011203,,WGS84,,,False,5,,,,,False,"core,extended_wq","dissolved_oxygen,ph,specific_conductance,turbidity,water_temperature",https://data.usbr.gov/rise/#/dataset/3223
wqp:CEDEN-541MER505,Camp 13 Drain,"ceden,wqp",2,ceden:541MER505;wqp:CEDEN-541MER505;wqp:CEDEN-541MER505_SWAMP,California State Water Resources Control Board,discrete_grab,drain,,discrete,weekly,36.9408,-120.756,18040001,Middle San Joaquin-Lower Chowchilla,180400011304,,,,,False,3,2000-01-05,2013-12-30,2013-12-30,12.7,False,"core,extended_wq,major_ions","boron,selenium,specific_conductance",https://www.waterqualitydata.us/provider/STORET/CEDEN/CEDEN-541MER505/
ceden:535CCAWBR,Canal Creek @ West Bellevue Rd,ceden,1,ceden:535CCAWBR,CEDEN contributing programs,discrete_grab,conveyance,diversion,discrete,monthly,37.3609,-120.5494,18040001,Middle San Joaquin-Lower Chowchilla,180400011802,,,,,False,4,2013-11-12,2025-09-10,2025-09-10,1.0,True,"core,extended_wq,major_ions","boron,ph,selenium,water_temperature",https://ceden.waterboards.ca.gov/AdvancedQueryTool
ceden:545MRDCLE,Casebeer Lat Exten @ Deadman Ck,ceden,1,ceden:545MRDCLE,CEDEN contributing programs,discrete_grab,natural,,discrete,monthly,37.195072,-120.561486,18040001,Middle San Joaquin-Lower Chowchilla,180400011604,,,,,False,5,2004-07-14,2008-09-16,2008-09-16,18.0,False,"core,extended_wq,major_ions","boron,chloride,ph,sulfate,water_temperature",https://ceden.waterboards.ca.gov/AdvancedQueryTool
ceden:541MER502,Charleston Drain @ CCID Main,ceden,1,ceden:541MER502,CEDEN contributing programs,discrete_grab,drain,,discrete,weekly,36.94972,-120.78194,18040001,Middle San Joaquin-Lower Chowchilla,180400011305,,,,,False,4,2003-03-27,2013-09-23,2013-09-23,13.0,False,"core,extended_wq,major_ions","boron,ph,selenium,water_temperature",https://ceden.waterboards.ca.gov/AdvancedQueryTool
dwr_wdl:B07802,Chowchilla Bypass at Head Below Control Structure,dwr_wdl,1,dwr_wdl:B07802,California Department of Water Resources,continuous_sonde,natural,,continuous,sub-daily,36.774949,-120.286556,18040001,Middle San Joaquin-Lower Chowchilla,180400010803,,NAD83,San Joaquin River,229.8,False,2,1978-10-01,2004-10-01,2004-10-01,22.0,False,water_balance,"discharge,stage",https://wdl.water.ca.gov/WaterDataLibrary/StationDetails.aspx?Station=B07802
esmr:731768,Clovis WWTF R-002U,esmr,1,esmr:731768,Clovis WWTF,receiving_water,receiving_water,,discrete,annual,36.939445,-119.692001,18040001,Middle San Joaquin-Lower Chowchilla,180400010102,None,,,,False,8,2009-12-16,2013-04-09,2013-04-09,13.5,False,"core,extended_wq,major_ions","boron,dissolved_oxygen,dissolved_oxygen_saturation,hardness,ph,selenium,specific_conductance,water_temperature",https://ciwqs.waterboards.ca.gov/ciwqs/readOnly/CiwqsReportServlet?inCommand=reset&reportName=esmrAnalyticalData
esmr:803604,Clovis WWTF RSW-002D,esmr,1,esmr:803604,Clovis WWTF,receiving_water,receiving_water,,discrete,monthly,36.934267,-119.729557,18040001,Middle San Joaquin-Lower Chowchilla,180400010102,None,,,,False,16,2017-03-01,2024-03-29,2024-03-29,2.5,True,"core,extended_wq,major_ions,water_balance","alkalinity,ammonia,calcium,chloride,discharge,dissolved_oxygen,dissolved_oxygen_saturation,magnesium,organic_carbon,ph,potassium,sodium,specific_conductance,sulfate,turbidity,water_temperature",https://ciwqs.waterboards.ca.gov/ciwqs/readOnly/CiwqsReportServlet?inCommand=reset&reportName=esmrAnalyticalData
esmr:803605,Clovis WWTF RSW-002U,esmr,1,esmr:803605,Clovis WWTF,receiving_water,receiving_water,,discrete,monthly,36.939445,-119.692001,18040001,Middle San Joaquin-Lower Chowchilla,180400010102,None,,,,False,20,2014-12-02,2025-11-30,2025-11-30,0.8,True,"core,extended_wq,major_ions,water_balance","alkalinity,ammonia,boron,calcium,chloride,discharge,dissolved_oxygen,dissolved_oxygen_saturation,hardness,magnesium,nitrate,organic_carbon,ph,phosphorus,selenium,specific_conductance,sulfate,total_dissolved_solids,turbidity,water_temperature",https://ciwqs.waterboards.ca.gov/ciwqs/readOnly/CiwqsReportServlet?inCommand=reset&reportName=esmrAnalyticalData
ceden:545XCCART,Cottonwood Creek @ Rd 20,ceden,1,ceden:545XCCART,CEDEN contributing programs,discrete_grab,natural,,discrete,monthly,36.8686,-120.1818,18040001,Middle San Joaquin-Lower Chowchilla,180400010204,,,,,False,4,2005-02-16,2025-07-09,2025-07-09,1.2,True,"core,extended_wq,major_ions","boron,ph,selenium,water_temperature",https://ceden.waterboards.ca.gov/AdvancedQueryTool
ceden:545XCCAHO,Cottonwood Creek at Highway 145,ceden,1,ceden:545XCCAHO;ceden:545XSSJ01,CEDEN contributing programs,discrete_grab,natural,,discrete,weekly,36.9002,-120.05545,18040001,Middle San Joaquin-Lower Chowchilla,180400010204,,,,,False,4,2004-07-22,2008-09-30,2008-09-30,18.0,False,"core,extended_wq,major_ions","boron,ph,selenium,water_temperature",https://ceden.waterboards.ca.gov/AdvancedQueryTool
wqp:CALWR_WQX-B0639950,DEADMAN C A BAXTER RD,wqp,1,wqp:CALWR_WQX-B0639950,California Department Of Water Resources,discrete_grab,natural,,discrete,unknown,37.2322,-120.1427,18040001,Middle San Joaquin-Lower Chowchilla,180400011601,,,,,False,3,2001-03-26,2001-03-26,2001-03-26,25.5,False,"core,extended_wq","ph,specific_conductance,water_temperature",https://www.waterqualitydata.us/provider/STORET/CALWR_WQX/CALWR_WQX-B0639950/
cdec:DML,DEADMAN CREEK NEAR LE GRAND,cdec,1,cdec:DML,Le Grand Athlone Water District,continuous_sonde,natural,,continuous,sub-daily,37.22516,-120.19852,18040001,Middle San Joaquin-Lower Chowchilla,180400011601,SAN JOAQUIN RIVER,,,,False,2,2026-01-22,2026-09-21,2026-09-21,0.0,True,water_balance,"discharge,stage",https://cdec.water.ca.gov/dynamicapp/staMeta?station_id=DML
usgs:USGS-11258700,DEEP C NR ORO LOMA CA,usgs,1,usgs:USGS-11258700,U.S. Geological Survey,streamgage,natural,,discrete,annual,36.883282,-120.788519,18040001,Middle San Joaquin-Lower Chowchilla,180400011304,,,,,False,2,1959-02-21,1969-01-25,1969-01-25,57.7,False,water_balance,"discharge,stage",https://waterdata.usgs.gov/monitoring-location/11258700
wqp:CALWR_WQX-DMC06716,DMC@McCabe Rd Nr. Check 12,wqp,1,wqp:CALWR_WQX-DMC06716,California Department Of Water Resources,discrete_grab,conveyance,import,discrete,monthly,37.1269,-121.0386,18040001,Middle San Joaquin-Lower Chowchilla,180400011205,,,,,False,15,1997-12-17,2001-02-21,2001-02-21,25.6,False,"core,extended_wq,major_ions","alkalinity,boron,bromide,calcium,chloride,magnesium,nitrate,ph,selenium,sodium,specific_conductance,sulfate,total_dissolved_solids,turbidity,water_temperature",https://www.waterqualitydata.us/provider/STORET/CALWR_WQX/CALWR_WQX-DMC06716/
ceden:535XDCAGR,Deadman Creek (Dutchman) @ Gurr Rd,ceden,1,ceden:535XDCAGR,CEDEN contributing programs,discrete_grab,natural,,discrete,monthly,37.19514,-120.56147,18040001,Middle San Joaquin-Lower Chowchilla,180400011604,,,,,False,4,2004-07-31,2025-09-10,2025-09-10,1.0,True,"core,extended_wq,major_ions","boron,ph,selenium,water_temperature",https://ceden.waterboards.ca.gov/AdvancedQueryTool
ceden:535DMCAHF,Deadman Creek @ Hwy 59,ceden,1,ceden:535DMCAHF,CEDEN contributing programs,discrete_grab,natural,,discrete,quarterly,37.19755,-120.48763,18040001,Middle San Joaquin-Lower Chowchilla,180400011604,,,,,False,4,2006-05-17,2024-02-07,2024-02-07,2.6,True,"core,extended_wq,major_ions","boron,ph,selenium,water_temperature",https://ceden.waterboards.ca.gov/AdvancedQueryTool
ceden:535PS0431,Deadman Creek ~0.5mi above Plainsberg Rd.,ceden,1,ceden:535PS0431,CEDEN contributing programs,discrete_grab,natural,,discrete,unknown,37.212369,-120.317039,18040001,Middle San Joaquin-Lower Chowchilla,180400011604,,,,,False,4,2011-06-22,2011-06-22,2011-06-22,15.2,False,"core,extended_wq,major_ions","chloride,ph,sulfate,water_temperature",https://ceden.waterboards.ca.gov/AdvancedQueryTool
wqp:CEDEN-535MER577,Deep Slough at Green House Road,"ceden,wqp",2,ceden:535MER577;wqp:CEDEN-535MER577,California State Water Resources Control Board,discrete_grab,natural,,discrete,monthly,37.2297,-120.728,18040001,Middle San Joaquin-Lower Chowchilla,180400011805,,,,,False,15,2000-10-26,2005-11-29,2005-11-29,20.8,False,"core,extended_wq,major_ions","alkalinity,ammonia,boron,calcium,magnesium,organic_carbon,ph,phosphorus,potassium,selenium,sodium,specific_conductance,suspended_solids,total_dissolved_solids,water_temperature",https://www.waterqualitydata.us/provider/STORET/CEDEN/CEDEN-535MER577/
usbr_rise:3242,Delta Mendota Canal at Bass Avenue,usbr_rise,1,usbr_rise:3242,Bureau of Reclamation,streamgage,conveyance,import,discrete,annual,36.780864,-120.372732,18040001,Middle San Joaquin-Lower Chowchilla,180400012001,,WGS84,San Joaquin River,212.6,False,19,2011-03-22,2018-10-23,2018-10-23,7.9,False,"core,extended_wq,major_ions","alkalinity,ammonia,boron,calcium,chloride,dissolved_oxygen,magnesium,nitrate,organic_carbon,ph,phosphorus,potassium,selenium,sodium,specific_conductance,sulfate,total_dissolved_solids,turbidity,water_temperature",https://data.usbr.gov/rise/#/dataset/3242
wqp:CALWR_WQX-DMC06715,"Delta Mendota Canal mi 67.15, McCabe Rd",wqp,1,wqp:CALWR_WQX-DMC06715,California Department Of Water Resources,discrete_grab,conveyance,import,discrete,monthly,37.127,-121.0386,18040001,Middle San Joaquin-Lower Chowchilla,180400011205,,,,,False,14,2001-03-20,2002-12-18,2002-12-18,23.8,False,"core,extended_wq,major_ions","alkalinity,boron,bromide,calcium,chloride,magnesium,nitrate,ph,sodium,specific_conductance,sulfate,total_dissolved_solids,turbidity,water_temperature",https://www.waterqualitydata.us/provider/STORET/CALWR_WQX/CALWR_WQX-DMC06715/
dwr_wdl:B00770,Delta Mendota Canal to Mendota Pool,"dwr_wdl,wqp",2,dwr_wdl:B00770;wqp:CALWR_WQX-B0077000,California Department of Water Resources,continuous_sonde,conveyance,import,continuous,daily,36.786616,-120.385447,18040001,Middle San Joaquin-Lower Chowchilla,180400012001,,NAD83,,,False,5,1969-10-01,2009-10-01,2009-10-01,17.0,False,"core,extended_wq,water_balance","discharge,ph,specific_conductance,stage,water_temperature",https://wdl.water.ca.gov/WaterDataLibrary/StationDetails.aspx?Station=B00770
ceden:535XDSAGR,Duck Slough @ Gurr Rd,ceden,1,ceden:535XDSAGR,CEDEN contributing programs,discrete_grab,natural,,discrete,monthly,37.21408,-120.56126,18040001,Middle San Joaquin-Lower Chowchilla,180400011504,,,,,False,4,2004-07-31,2025-09-10,2025-09-10,1.0,True,"core,extended_wq,major_ions","boron,ph,selenium,water_temperature",https://ceden.waterboards.ca.gov/AdvancedQueryTool
ceden:535XDSHFN,Duck Slough @ Hwy 59,ceden,1,ceden:535XDSHFN,CEDEN contributing programs,discrete_grab,natural,,discrete,monthly,37.23447,-120.4881,18040001,Middle San Joaquin-Lower Chowchilla,180400011504,,,,,False,2,2008-06-24,2008-09-30,2008-09-30,18.0,False,"core,extended_wq","ph,water_temperature",https://ceden.waterboards.ca.gov/AdvancedQueryTool
ceden:535XDSAHN,Duck Slough @ Hwy 99,ceden,1,ceden:535XDSAHN,CEDEN contributing programs,discrete_grab,natural,,discrete,monthly,37.25031,-120.41043,18040001,Middle San Joaquin-Lower Chowchilla,180400011504,,,,,False,4,2005-02-16,2012-02-07,2012-02-07,14.6,False,"core,extended_wq,major_ions","boron,ph,selenium,water_temperature",https://ceden.waterboards.ca.gov/AdvancedQueryTool
ceden:535XDSAWH,Duck Slough @ Whealan Rd,ceden,1,ceden:535XDSAWH,CEDEN contributing programs,discrete_grab,natural,,discrete,monthly,37.26149,-120.34325,18040001,Middle San Joaquin-Lower Chowchilla,180400011504,,,,,False,2,2008-04-29,2008-09-30,2008-09-30,18.0,False,"core,extended_wq","ph,water_temperature",https://ceden.waterboards.ca.gov/AdvancedQueryTool
cdec:MWR,EASTSIDE BYPASS AT MERCED NWR,cdec,1,cdec:MWR,US Bureau of Reclamation,continuous_sonde,natural,,continuous,sub-daily,37.177254,-120.652117,18040001,Middle San Joaquin-Lower Chowchilla,180400011605,SAN JOAQUIN RIVER,,,,False,3,2012-10-26,2017-12-26,2017-12-26,8.7,False,"core,water_balance","specific_conductance,stage,water_temperature",https://cdec.water.ca.gov/dynamicapp/staMeta?station_id=MWR
cdec:EBM,EASTSIDE BYPASS BLW MARIPOSA BYPASS,"cdec,dwr_wdl",2,cdec:EBM;dwr_wdl:B00416,CA Dept of Water Resources/South Central Region Office,continuous_sonde,natural,,continuous,sub-daily,37.205,-120.6981,18040001,Middle San Joaquin-Lower Chowchilla,180400011605,SAN JOAQUIN RIVER,,,,False,8,1979-10-01,2026-09-21,2026-09-21,0.0,True,"core,extended_wq,water_balance","chlorophyll_a,discharge,dissolved_oxygen,ph,specific_conductance,stage,turbidity,water_temperature",https://cdec.water.ca.gov/dynamicapp/staMeta?station_id=EBM
usgs:USGS-11258800,EF CHOWCHILLA R NR AHWAHNEE CA,usgs,1,usgs:USGS-11258800,U.S. Geological Survey,streamgage,natural,,continuous,daily,37.336054,-119.816271,18040001,Middle San Joaquin-Lower Chowchilla,180400010503,,,,,False,2,1957-10-01,1969-01-25,1969-01-25,57.7,False,water_balance,"discharge,stage",https://waterdata.usgs.gov/monitoring-location/11258800
dwr_wdl:B00435,Eastside Bypass near El Nido,dwr_wdl,1,dwr_wdl:B00435,California Department of Water Resources,continuous_sonde,natural,,continuous,sub-daily,37.1482,-120.60602,18040001,Middle San Joaquin-Lower Chowchilla,180400011603,,NAD83,,,False,2,1964-10-01,2026-05-22,2026-05-22,0.3,True,water_balance,"discharge,stage",https://wdl.water.ca.gov/WaterDataLibrary/StationDetails.aspx?Station=B00435
ceden:535XSSJ20,El Nido Canal at W. Washington Road,ceden,1,ceden:535XSSJ20,CEDEN contributing programs,discrete_grab,conveyance,diversion,discrete,weekly,37.11292,-120.43459,18040001,Middle San Joaquin-Lower Chowchilla,180400011602,,,,,False,4,2007-08-22,2007-11-29,2007-11-29,18.8,False,"core,extended_wq,major_ions","boron,ph,selenium,water_temperature",https://ceden.waterboards.ca.gov/AdvancedQueryTool
ceden:545MRDEDM,El Nido Dam on Mariposa Ck ,ceden,1,ceden:545MRDEDM,CEDEN contributing programs,discrete_grab,reservoir,,discrete,quarterly,37.250953,-120.415236,18040001,Middle San Joaquin-Lower Chowchilla,180400011504,,,,,False,2,2004-07-14,2008-09-16,2008-09-16,18.0,False,"core,extended_wq","ph,water_temperature",https://ceden.waterboards.ca.gov/AdvancedQueryTool
usgs:USGS-11250000,FRIANT-KERN CN A FRIANT CA,"usgs,wqp",2,usgs:USGS-11250000;wqp:USGS-11250000,U.S. Geological Survey,streamgage,conveyance,export,continuous,daily,36.998005,-119.704034,18040001,Middle San Joaquin-Lower Chowchilla,180400010302,,,San Joaquin River,311.6,False,1,1949-03-22,2023-09-30,2023-09-30,3.0,True,water_balance,discharge,https://waterdata.usgs.gov/monitoring-location/11250000
ceden:535XSSJ21,Fairfield Canal at Olive Avenue,ceden,1,ceden:535XSSJ21,CEDEN contributing programs,discrete_grab,conveyance,diversion,discrete,monthly,37.31795,-120.39669,18040001,Middle San Joaquin-Lower Chowchilla,180400011801,,,,,False,4,2007-08-22,2007-11-29,2007-11-29,18.8,False,"core,extended_wq,major_ions","boron,ph,selenium,water_temperature",https://ceden.waterboards.ca.gov/AdvancedQueryTool
ceden:545MRDFLH,Fancher Lateral @ Head,ceden,1,ceden:545MRDFLH,CEDEN contributing programs,discrete_grab,conveyance,diversion,discrete,quarterly,37.242022,-120.268278,18040001,Middle San Joaquin-Lower Chowchilla,180400011504,,,,,False,2,2004-07-15,2008-09-16,2008-09-16,18.0,False,"core,extended_wq","ph,water_temperature",https://ceden.waterboards.ca.gov/AdvancedQueryTool
esmr:838695,Former JR Simplot (Winton Facility) EFF-001,esmr,1,esmr:838695,Former JR Simplot (Winton Facility),effluent,effluent,,continuous,daily,37.378056,-120.615,18040001,Middle San Joaquin-Lower Chowchilla,180400011804,NA,,,,False,21,2017-12-05,2026-06-30,2026-06-30,0.2,True,"core,extended_wq,major_ions,water_balance","alkalinity,ammonia,boron,calcium,chloride,discharge,dissolved_oxygen,hardness,magnesium,nitrate,ph,phosphorus,potassium,selenium,sodium,specific_conductance,sulfate,suspended_solids,total_dissolved_solids,turbidity,water_temperature",https://ciwqs.waterboards.ca.gov/ciwqs/readOnly/CiwqsReportServlet?inCommand=reset&reportName=esmrAnalyticalData
dwr_wdl:B06725,Fresno River 8 Miles West of Madera,dwr_wdl,1,dwr_wdl:B06725,California Department of Water Resources,continuous_sonde,natural,,continuous,daily,36.975224,-120.202113,18040001,Middle San Joaquin-Lower Chowchilla,180400010805,,NAD83,,,False,1,1980-10-01,1990-10-01,1990-10-01,36.0,False,water_balance,discharge,https://wdl.water.ca.gov/WaterDataLibrary/StationDetails.aspx?Station=B06725
usbr_rise:3231,Friant Kern Canal at Millerton Dam,usbr_rise,1,usbr_rise:3231,Bureau of Reclamation,streamgage,conveyance,export,discrete,annual,36.992382,-119.703834,18040001,Middle San Joaquin-Lower Chowchilla,180400010302,,WGS84,,,False,19,2003-05-20,2008-02-26,2008-02-26,18.6,False,"core,extended_wq,major_ions","alkalinity,ammonia,boron,calcium,chloride,dissolved_oxygen,magnesium,nitrate,organic_carbon,ph,phosphorus,potassium,selenium,sodium,specific_conductance,sulfate,total_dissolved_solids,turbidity,water_temperature",https://data.usbr.gov/rise/#/dataset/3231
usgs:USGS-11263050,GARZAS C NR GUSTINE CA,usgs,1,usgs:USGS-11263050,U.S. Geological Survey,streamgage,natural,,discrete,annual,37.232717,-121.125484,18040001,Middle San Joaquin-Lower Chowchilla,180400011904,,,,,False,2,1961-01-01,1970-03-01,1970-03-01,56.6,False,water_balance,"discharge,stage",https://waterdata.usgs.gov/monitoring-location/11263050
esmr:741781,General Electric GWCS EFF-001,esmr,1,esmr:741781;esmr:815456,General Electric GWCS,effluent,effluent,,continuous,daily,37.291336,-120.424553,18040001,Middle San Joaquin-Lower Chowchilla,180400011703,NA,,,,False,17,2016-01-01,2026-06-30,2026-06-30,0.2,True,"core,extended_wq,major_ions,water_balance","alkalinity,boron,calcium,chloride,discharge,dissolved_oxygen,hardness,magnesium,nitrate,ph,phosphorus,potassium,sodium,specific_conductance,sulfate,turbidity,water_temperature",https://ciwqs.waterboards.ca.gov/ciwqs/readOnly/CiwqsReportServlet?inCommand=reset&reportName=esmrAnalyticalData
esmr:741783,General Electric GWCS EFF-003,esmr,1,esmr:741783,General Electric GWCS,effluent,effluent,,continuous,daily,37.291339,-120.424508,18040001,Middle San Joaquin-Lower Chowchilla,180400011703,NA,,,,False,15,2013-01-01,2015-06-30,2015-06-30,11.2,False,"core,extended_wq,major_ions,water_balance","alkalinity,calcium,chloride,discharge,dissolved_oxygen,hardness,magnesium,nitrate,ph,potassium,sodium,specific_conductance,sulfate,total_dissolved_solids,water_temperature",https://ciwqs.waterboards.ca.gov/ciwqs/readOnly/CiwqsReportServlet?inCommand=reset&reportName=esmrAnalyticalData
usgs:USGS-11258990,H V EASTMAN LK NR RAYMOND CA,usgs,1,usgs:USGS-11258990,U.S. Geological Survey,reservoir,reservoir,,continuous,daily,37.216612,-119.985442,18040001,Middle San Joaquin-Lower Chowchilla,180400010703,,,,,False,1,1976-01-01,1990-09-29,1990-09-29,36.0,False,water_balance,reservoir_storage,https://waterdata.usgs.gov/monitoring-location/11258990
wqp:USGS-372049120583101,HYPORHEIC X-SEC IN SAN JOAQUIN R AT R MILE 118.5,wqp,1,wqp:USGS-372049120583101,U.S. Geological Survey,discrete_grab,groundwater,,discrete,unknown,37.346944,-120.975278,18040001,Middle San Joaquin-Lower Chowchilla,180400012104,,,San Joaquin River,77.6,False,1,2008-08-13,2008-08-13,2008-08-13,18.1,False,extended_wq,ammonia,https://www.waterqualitydata.us/provider/USGS/USGS/USGS-372049120583101/
wqp:USGS-371750120530501,HYPORHEIC X-SEC IN SAN JOAQUIN R AT R MILE 131.5,wqp,1,wqp:USGS-371750120530501,U.S. Geological Survey,discrete_grab,groundwater,,discrete,annual,37.297222,-120.884722,18040001,Middle San Joaquin-Lower Chowchilla,180400012103,,,San Joaquin River,95.1,False,1,2007-08-22,2008-08-12,2008-08-12,18.1,False,extended_wq,ammonia,https://www.waterqualitydata.us/provider/USGS/USGS/USGS-371750120530501/
ceden:541XSED26,Holland Drain @ Hudson,ceden,1,ceden:541XSED26,CEDEN contributing programs,discrete_grab,drain,,discrete,quarterly,36.92477,-120.5183,18040001,Middle San Joaquin-Lower Chowchilla,180400012001,,,,,False,2,2005-03-25,2005-08-20,2005-08-20,21.1,False,"core,extended_wq","ph,water_temperature",https://ceden.waterboards.ca.gov/AdvancedQueryTool
ceden:535XHLAHO,Howard Lateral @ Hwy 140,ceden,1,ceden:535XHLAHO,CEDEN contributing programs,discrete_grab,conveyance,diversion,discrete,monthly,37.3079,-120.782,18040001,Middle San Joaquin-Lower Chowchilla,180400011805,,,,,False,4,2008-10-21,2025-02-15,2025-02-15,1.6,True,"core,extended_wq,major_ions","boron,ph,selenium,water_temperature",https://ceden.waterboards.ca.gov/AdvancedQueryTool
wqp:CEDEN-541MER562,Inflow to San Luis Drain,"ceden,wqp",2,ceden:541MER562;wqp:CEDEN-541MER562;wqp:CEDEN-541MER562_SWAMP,California State Water Resources Control Board,discrete_grab,drain,,discrete,daily,36.9661,-120.671,18040001,Middle San Joaquin-Lower Chowchilla,180400012003,,,,,False,4,2000-01-04,2025-12-30,2025-12-30,0.7,True,"core,extended_wq,major_ions","boron,selenium,specific_conductance,suspended_solids",https://www.waterqualitydata.us/provider/STORET/CEDEN/CEDEN-541MER562/
ceden:541XSSJ04,Island Field Drain at Catrina Rd,ceden,1,ceden:541XSSJ04,CEDEN contributing programs,discrete_grab,drain,,discrete,weekly,37.061415,-120.572276,18040001,Middle San Joaquin-Lower Chowchilla,180400012005,,,,,False,4,2004-08-27,2005-08-20,2005-08-20,21.1,False,"core,extended_wq,major_ions","boron,ph,selenium,water_temperature",https://ceden.waterboards.ca.gov/AdvancedQueryTool
esmr:782607,J.F. Enterprises Worm Farm RSW-002,esmr,1,esmr:782607,J.F. Enterprises Worm Farm,receiving_water,receiving_water,,discrete,quarterly,37.236639,-120.784586,18040001,Middle San Joaquin-Lower Chowchilla,180400011805,Stanislaus River,,,,False,5,2012-09-11,2024-07-16,2024-07-16,2.2,True,"core,extended_wq","dissolved_oxygen,ph,specific_conductance,turbidity,water_temperature",https://ciwqs.waterboards.ca.gov/ciwqs/readOnly/CiwqsReportServlet?inCommand=reset&reportName=esmrAnalyticalData
ceden:541XSED06,Juncture of Poso Drain and Pick Anderson Bypass,ceden,1,ceden:541XSED06,CEDEN contributing programs,discrete_grab,drain,,discrete,unknown,37.1406,-120.7072,18040001,Middle San Joaquin-Lower Chowchilla,180400012005,,,San Joaquin River,137.4,False,2,2004-08-27,2004-08-27,2004-08-27,22.1,False,"core,extended_wq","ph,water_temperature",https://ceden.waterboards.ca.gov/AdvancedQueryTool
wqp:CALWR_WQX-KA007865,KA78.65,wqp,1,wqp:CALWR_WQX-KA007865,California Department Of Water Resources,discrete_grab,unknown,,discrete,unknown,37.0085,-120.9147,18040001,Middle San Joaquin-Lower Chowchilla,180400011901,,,,,False,13,2000-02-08,2000-02-08,2000-02-08,26.6,False,"core,extended_wq,major_ions","alkalinity,boron,calcium,chloride,magnesium,nitrate,ph,potassium,sodium,specific_conductance,sulfate,total_dissolved_solids,water_temperature",https://www.waterqualitydata.us/provider/STORET/CALWR_WQX/CALWR_WQX-KA007865/
usgs:USGS-11251600,LITTLE DRY C A MOUTH NR FRIANT CA,"cdec,usgs",2,cdec:LDC;usgs:USGS-11251600,U.S. Geological Survey,streamgage,natural,,continuous,sub-daily,36.934672,-119.730145,18040001,Middle San Joaquin-Lower Chowchilla,180400010102,,,,,False,2,1956-10-01,2026-09-21,2026-09-21,0.0,True,water_balance,"discharge,stage",https://waterdata.usgs.gov/monitoring-location/11251600
usgs:USGS-11251500,LITTLE DRY C NR FRIANT CA,usgs,1,usgs:USGS-11251500,U.S. Geological Survey,streamgage,natural,,continuous,daily,36.939672,-119.68292,18040001,Middle San Joaquin-Lower Chowchilla,180400010102,,,,,False,2,1941-10-01,1956-09-29,1956-09-29,70.0,False,water_balance,"discharge,stage",https://waterdata.usgs.gov/monitoring-location/11251500
usgs:USGS-11255605,LITTLE PANOCHE C NR PANOCHE CA,"ceden,usgs",2,ceden:541XLPCWB;usgs:USGS-11255605,U.S. Geological Survey,streamgage,natural,,discrete,annual,36.791616,-120.760738,18040001,Middle San Joaquin-Lower Chowchilla,180400010404,,,,,False,6,1961-01-31,2011-03-23,2011-03-23,15.5,False,"core,extended_wq,major_ions,water_balance","boron,discharge,ph,selenium,stage,water_temperature",https://waterdata.usgs.gov/monitoring-location/11255605
usgs:USGS-11255550,LITTLE PANOCHE C TRIB NO 1 NR PANOCHE CA,usgs,1,usgs:USGS-11255550,U.S. Geological Survey,streamgage,natural,,continuous,daily,36.718007,-120.864906,18040001,Middle San Joaquin-Lower Chowchilla,180400010403,,,,,False,2,1958-10-01,1973-02-11,1973-02-11,53.6,False,water_balance,"discharge,stage",https://waterdata.usgs.gov/monitoring-location/11255550
usgs:USGS-11255600,LITTLE PANOCHE C TRIB NO 2 NR PANOCHE CA,usgs,1,usgs:USGS-11255600,U.S. Geological Survey,streamgage,natural,,discrete,annual,36.78745,-120.766294,18040001,Middle San Joaquin-Lower Chowchilla,180400010404,,,,,False,2,1959-02-20,1973-02-11,1973-02-11,53.6,False,water_balance,"discharge,stage",https://waterdata.usgs.gov/monitoring-location/11255600
usgs:USGS-11262800,LOS BANOS C NR LOS BANOS CA,usgs,1,usgs:USGS-11262800,U.S. Geological Survey,streamgage,natural,,continuous,daily,37.016613,-120.902415,18040001,Middle San Joaquin-Lower Chowchilla,180400011902,,,,,False,2,1955-12-23,1966-09-29,1966-09-29,60.0,False,water_balance,"discharge,stage",https://waterdata.usgs.gov/monitoring-location/11262800
cdec:LBS,LOS BANOS DAM,cdec,1,cdec:LBS,CA Dept of Water Resources/O&M San Luis Field Division,reservoir,reservoir,,continuous,sub-daily,36.994,-120.93,18040001,Middle San Joaquin-Lower Chowchilla,180400011902,SAN JOAQUIN RIVER,,,,False,2,1966-10-01,2026-09-21,2026-09-21,0.0,True,water_balance,"reservoir_storage,stage",https://cdec.water.ca.gov/dynamicapp/staMeta?station_id=LBS
ceden:545MRDLCM,Livingston Canal Spill to Merced R ,ceden,1,ceden:545MRDLCM,CEDEN contributing programs,discrete_grab,conveyance,return,discrete,quarterly,37.406078,-120.725492,18040001,Middle San Joaquin-Lower Chowchilla,180400011804,,,Merced River,,False,5,2004-10-05,2008-09-16,2008-09-16,18.0,False,"core,extended_wq,major_ions","boron,chloride,ph,sulfate,water_temperature",https://ceden.waterboards.ca.gov/AdvancedQueryTool
ceden:545MRDLWA,Livingston Canal at Walnut Ave,ceden,1,ceden:545MRDLWA,CEDEN contributing programs,discrete_grab,conveyance,diversion,discrete,daily,37.23215,-120.38225,18040001,Middle San Joaquin-Lower Chowchilla,180400011604,,,,,False,2,2008-01-07,2008-01-09,2008-01-09,18.7,False,"core,extended_wq","ph,water_temperature",https://ceden.waterboards.ca.gov/AdvancedQueryTool
ceden:545MRDLWW,Livingston Canal at Wilton Way,ceden,1,ceden:545MRDLWW,CEDEN contributing programs,discrete_grab,conveyance,diversion,discrete,daily,37.22035,-120.365,18040001,Middle San Joaquin-Lower Chowchilla,180400011604,,,,,False,2,2008-01-07,2008-01-09,2008-01-09,18.7,False,"core,extended_wq","ph,water_temperature",https://ceden.waterboards.ca.gov/AdvancedQueryTool
ceden:545MRDLSD,Livingston Drain,ceden,1,ceden:545MRDLSD,CEDEN contributing programs,discrete_grab,drain,,discrete,monthly,37.313261,-120.760081,18040001,Middle San Joaquin-Lower Chowchilla,180400011805,,,,,False,5,2004-07-12,2008-09-16,2008-09-16,18.0,False,"core,extended_wq,major_ions","boron,chloride,ph,sulfate,water_temperature",https://ceden.waterboards.ca.gov/AdvancedQueryTool
ceden:535XLDARA,Livingston Drain @ Robin Ave,ceden,1,ceden:535XLDARA,CEDEN contributing programs,discrete_grab,drain,,discrete,monthly,37.31693,-120.74229,18040001,Middle San Joaquin-Lower Chowchilla,180400011805,,,,,False,4,2007-05-15,2025-09-10,2025-09-10,1.0,True,"core,extended_wq,major_ions","boron,ph,selenium,water_temperature",https://ceden.waterboards.ca.gov/AdvancedQueryTool
ceden:545XLWSMA,Lone Willow Slough @ Madera Ave,ceden,1,ceden:545XLWSMA,CEDEN contributing programs,discrete_grab,natural,,discrete,monthly,36.8603,-120.37493,18040001,Middle San Joaquin-Lower Chowchilla,180400010803,,,,,False,2,2005-02-16,2005-07-12,2005-07-12,21.2,False,"core,extended_wq","ph,water_temperature",https://ceden.waterboards.ca.gov/AdvancedQueryTool
ceden:541PS0055,Los Banos Creek,ceden,1,ceden:541PS0055,CEDEN contributing programs,discrete_grab,natural,,discrete,weekly,37.29825,-120.94811,18040001,Middle San Joaquin-Lower Chowchilla,180400011905,,,,,False,4,2008-06-18,2008-07-10,2008-07-10,18.2,False,"core,extended_wq,major_ions","chloride,ph,sulfate,water_temperature",https://ceden.waterboards.ca.gov/AdvancedQueryTool
ceden:541MER514,Los Banos Creek @ Gun Club Road,ceden,1,ceden:541MER514,CEDEN contributing programs,discrete_grab,natural,,discrete,unknown,37.232222,-120.941667,18040001,Middle San Joaquin-Lower Chowchilla,180400011905,,,,,False,2,2011-12-21,2011-12-21,2011-12-21,14.8,False,"core,extended_wq","ph,water_temperature",https://ceden.waterboards.ca.gov/AdvancedQueryTool
ceden:541MER554,Los Banos Creek @ Hwy 140,ceden,1,ceden:541MER554,CEDEN contributing programs,discrete_grab,natural,,discrete,monthly,37.276389,-120.953889,18040001,Middle San Joaquin-Lower Chowchilla,180400011905,,,,,False,4,2004-07-13,2025-02-05,2025-02-05,1.6,True,"core,extended_wq,major_ions","boron,ph,selenium,water_temperature",https://ceden.waterboards.ca.gov/AdvancedQueryTool
ceden:541XLBCCC,Los Banos Creek at China Camp Road,ceden,1,ceden:541XLBCCC,CEDEN contributing programs,discrete_grab,natural,,discrete,monthly,37.11447,-120.889343,18040001,Middle San Joaquin-Lower Chowchilla,180400011902,,,,,False,4,2004-09-13,2025-02-05,2025-02-05,1.6,True,"core,extended_wq,major_ions","boron,ph,selenium,water_temperature",https://ceden.waterboards.ca.gov/AdvancedQueryTool
ceden:541XLBCSA,Los Banos Creek at Sunset Ave.,ceden,1,ceden:541XLBCSA,CEDEN contributing programs,discrete_grab,natural,,discrete,annual,37.0275,-120.8898,18040001,Middle San Joaquin-Lower Chowchilla,180400011902,,,,,False,4,2010-03-03,2011-02-23,2011-02-23,15.6,False,"core,extended_wq,major_ions","boron,ph,selenium,water_temperature",https://ceden.waterboards.ca.gov/AdvancedQueryTool
usgs:USGS-11260480,MARIPOSA C NR CATHEYS VALLEY CA,"dwr_wdl,usgs,wqp",3,dwr_wdl:B62400;usgs:USGS-11260480;wqp:CALWR_WQX-B6240000,U.S. Geological Survey,streamgage,natural,,continuous,sub-daily,37.398829,-120.003783,18040001,Middle San Joaquin-Lower Chowchilla,180400011503,,,,,False,2,1958-04-03,1989-10-01,1989-10-01,37.0,False,water_balance,"discharge,stage",https://waterdata.usgs.gov/monitoring-location/11260480
cdec:MRQ,MARIPOSA CK BLW MARIPOSA DAM,cdec,1,cdec:MRQ,US Army Corps of Engineers,continuous_sonde,natural,,continuous,sub-daily,37.28,-120.1617,18040001,Middle San Joaquin-Lower Chowchilla,180400011504,LITTLEJOHN CREEK,,,,False,1,2010-01-20,2026-09-21,2026-09-21,0.0,True,water_balance,stage,https://cdec.water.ca.gov/dynamicapp/staMeta?station_id=MRQ
wqp:NARS_WQX-WCAP99-1104,MARIPOSA CREEK,wqp,1,wqp:NARS_WQX-WCAP99-1104,EPA National Aquatic Resources Survey (NARS),discrete_grab,natural,,discrete,unknown,37.46309,-119.94873,18040001,Middle San Joaquin-Lower Chowchilla,180400011502,,,,,False,9,2002-08-27,2002-08-27,2002-08-27,24.1,False,"core,extended_wq,major_ions","alkalinity,chloride,dissolved_oxygen,nitrate,organic_carbon,selenium,sodium,specific_conductance,water_temperature",https://www.waterqualitydata.us/provider/STORET/NARS_WQX/NARS_WQX-WCAP99-1104/
cdec:MAR,MARIPOSA CREEK DAM,cdec,1,cdec:MAR,US Army Corps of Engineers,reservoir,reservoir,,continuous,sub-daily,37.292,-120.147,18040001,Middle San Joaquin-Lower Chowchilla,180400011503,MERCED RIVER,,,,False,4,1987-06-24,2026-09-21,2026-09-21,0.0,True,water_balance,"computed_flow,discharge,reservoir_storage,stage",https://cdec.water.ca.gov/dynamicapp/staMeta?station_id=MAR
cdec:MBM,MARIPOSSA BYPASS NEAR CRANES ROAD,"cdec,dwr_wdl",2,cdec:MBM;dwr_wdl:B00420,CA Dept of Water Resources/South Central Region Office,continuous_sonde,natural,,continuous,sub-daily,37.201025,-120.696514,18040001,Middle San Joaquin-Lower Chowchilla,180400012101,SAN JOAQUIN RIVER,,,,False,2,1961-10-01,2026-09-21,2026-09-21,0.0,True,water_balance,"discharge,stage",https://cdec.water.ca.gov/dynamicapp/staMeta?station_id=MBM
usgs:USGS-11258920,MF CHOWCHILLA R NR NIPINNAWASEE CA,usgs,1,usgs:USGS-11258920,U.S. Geological Survey,streamgage,natural,,continuous,daily,37.383275,-119.837663,18040001,Middle San Joaquin-Lower Chowchilla,180400010502,,,,,False,2,1958-10-01,1969-01-25,1969-01-25,57.7,False,water_balance,"discharge,stage",https://waterdata.usgs.gov/monitoring-location/11258920
cdec:MLP,MILES CREEK NEAR PLANADA,cdec,1,cdec:MLP,Merced Irrigation District,continuous_sonde,natural,,continuous,sub-daily,37.32091,-120.25185,18040001,Middle San Joaquin-Lower Chowchilla,180400011701,SAN JOAQUIN RIVER,,,,False,1,2026-07-10,2026-09-21,2026-09-21,0.0,True,water_balance,stage,https://cdec.water.ca.gov/dynamicapp/staMeta?station_id=MLP
usgs:USGS-11262900,MUD SLOUGH NR GUSTINE CA,"cdec,usgs,wqp",3,cdec:MSG;usgs:USGS-11262900;wqp:USGS-11262900,U.S. Geological Survey,streamgage,natural,,continuous,sub-daily,37.262413,-120.906554,18040001,Middle San Joaquin-Lower Chowchilla,180400012102,,,,,False,4,1985-10-01,2026-09-21,2026-09-21,0.0,True,"core,water_balance","discharge,specific_conductance,stage,water_temperature",https://waterdata.usgs.gov/monitoring-location/11262900
wqp:CALWR_WQX-B0040000,MUD SLU NR STEVINSON,wqp,1,wqp:CALWR_WQX-B0040000,California Department Of Water Resources,discrete_grab,unknown,,discrete,monthly,37.2966,-120.941,18040001,Middle San Joaquin-Lower Chowchilla,180400012102,,,,,False,3,1998-04-06,2002-12-10,2002-12-10,23.8,False,"core,extended_wq","ph,specific_conductance,water_temperature",https://www.waterqualitydata.us/provider/STORET/CALWR_WQX/CALWR_WQX-B0040000/
ceden:541XSSJ05,Main Canal at Badger Flat Road,ceden,1,ceden:541XSSJ05,CEDEN contributing programs,discrete_grab,conveyance,diversion,discrete,unknown,37.0712,-120.8768,18040001,Middle San Joaquin-Lower Chowchilla,180400012102,,,,,False,2,2004-08-27,2004-08-27,2004-08-27,22.1,False,"core,extended_wq","ph,water_temperature",https://ceden.waterboards.ca.gov/AdvancedQueryTool
usbr_rise:3232,Main Canal at Bass Avenue,usbr_rise,1,usbr_rise:3232,Bureau of Reclamation,streamgage,conveyance,diversion,discrete,annual,36.785769,-120.373841,18040001,Middle San Joaquin-Lower Chowchilla,180400012001,,WGS84,San Joaquin River,212.4,False,19,2007-02-27,2018-10-23,2018-10-23,7.9,False,"core,extended_wq,major_ions","alkalinity,ammonia,boron,calcium,chloride,dissolved_oxygen,magnesium,nitrate,organic_carbon,ph,phosphorus,potassium,selenium,sodium,specific_conductance,sulfate,total_dissolved_solids,turbidity,water_temperature",https://data.usbr.gov/rise/#/dataset/3232
ceden:538MAR020,Mariposa Creek Crossing at Don's Auto Clinic and Hwy 49,ceden,1,ceden:538MAR020,CEDEN contributing programs,discrete_grab,natural,,discrete,unknown,37.46645,-119.94983,18040001,Middle San Joaquin-Lower Chowchilla,180400011502,,,,,False,2,2012-08-27,2012-08-27,2012-08-27,14.1,False,"core,extended_wq","ph,water_temperature",https://ceden.waterboards.ca.gov/AdvancedQueryTool
ceden:538CE0622,Mariposa Creek above Mormon Bar,ceden,1,ceden:538CE0622,CEDEN contributing programs,discrete_grab,natural,,discrete,unknown,37.4636,-119.9499,18040001,Middle San Joaquin-Lower Chowchilla,180400011502,,,,,False,2,2006-09-12,2006-09-12,2006-09-12,20.0,False,"core,extended_wq","ph,water_temperature",https://ceden.waterboards.ca.gov/AdvancedQueryTool
ceden:538MAR010,Mariposa Creek at 4th Street,ceden,1,ceden:538MAR010,CEDEN contributing programs,discrete_grab,natural,,discrete,unknown,37.48321,-119.96452,18040001,Middle San Joaquin-Lower Chowchilla,180400011502,,,,,False,2,2012-08-27,2012-08-27,2012-08-27,14.1,False,"core,extended_wq","ph,water_temperature",https://ceden.waterboards.ca.gov/AdvancedQueryTool
ceden:538MAR030,Mariposa Creek at Mormon Bar Crossing,ceden,1,ceden:538MAR030,CEDEN contributing programs,discrete_grab,natural,,discrete,unknown,37.46179,-119.94971,18040001,Middle San Joaquin-Lower Chowchilla,180400011502,,,,,False,2,2012-08-27,2012-08-27,2012-08-27,14.1,False,"core,extended_wq","ph,water_temperature",https://ceden.waterboards.ca.gov/AdvancedQueryTool
ceden:538MAR031,Mariposa Creek at Stakeholder Residence,ceden,1,ceden:538MAR031,CEDEN contributing programs,discrete_grab,natural,,discrete,unknown,37.45786,-119.95078,18040001,Middle San Joaquin-Lower Chowchilla,180400011502,,,,,False,2,2012-08-27,2012-08-27,2012-08-27,14.1,False,"core,extended_wq","ph,water_temperature",https://ceden.waterboards.ca.gov/AdvancedQueryTool
dwr_wdl:B62100,Mariposa Creek below Mariposa Dam,"dwr_wdl,wqp",2,dwr_wdl:B62100;wqp:CALWR_WQX-B6210000,California Department of Water Resources,continuous_sonde,natural,,continuous,daily,37.298275,-120.162676,18040001,Middle San Joaquin-Lower Chowchilla,180400011504,,NAD83,,,False,4,1980-10-01,2002-02-06,2002-02-06,24.6,False,"core,extended_wq,water_balance","discharge,ph,specific_conductance,water_temperature",https://wdl.water.ca.gov/WaterDataLibrary/StationDetails.aspx?Station=B62100
wqp:CEDEN-538WE1104,Mariposa Creek ~0.4 miles below Stockton Creek.,"ceden,wqp",2,ceden:538WE1104;wqp:CEDEN-538WE1104,California State Water Resources Control Board,discrete_grab,natural,,discrete,unknown,37.4631,-119.949,18040001,Middle San Joaquin-Lower Chowchilla,180400011502,,,,,False,8,2002-08-27,2002-08-27,2002-08-27,24.1,False,"core,extended_wq,major_ions","calcium,chloride,nitrate,ph,phosphorus,sulfate,suspended_solids,water_temperature",https://www.waterqualitydata.us/provider/STORET/CEDEN/CEDEN-538WE1104/
esmr:732056,Mariposa WWTP EFF-001,esmr,1,esmr:732056,Mariposa WWTP,effluent,effluent,,continuous,daily,37.480278,-119.960833,18040001,Middle San Joaquin-Lower Chowchilla,180400011502,None,,,,False,22,2010-12-01,2026-06-30,2026-06-30,0.2,True,"core,extended_wq,major_ions,water_balance","alkalinity,ammonia,boron,calcium,chloride,discharge,dissolved_oxygen,hardness,magnesium,nitrate,organic_carbon,ph,phosphorus,potassium,selenium,sodium,specific_conductance,sulfate,suspended_solids,total_dissolved_solids,turbidity,water_temperature",https://ciwqs.waterboards.ca.gov/ciwqs/readOnly/CiwqsReportServlet?inCommand=reset&reportName=esmrAnalyticalData
esmr:732057,Mariposa WWTP RSW-001,esmr,1,esmr:732057,Mariposa WWTP,receiving_water,receiving_water,,discrete,weekly,37.48,-119.96,18040001,Middle San Joaquin-Lower Chowchilla,180400011502,None,,,,False,19,2010-08-01,2026-06-29,2026-06-29,0.2,True,"core,extended_wq,major_ions","ammonia,boron,calcium,chloride,dissolved_oxygen,hardness,magnesium,nitrate,organic_carbon,ph,phosphorus,potassium,selenium,sodium,specific_conductance,sulfate,total_dissolved_solids,turbidity,water_temperature",https://ciwqs.waterboards.ca.gov/ciwqs/readOnly/CiwqsReportServlet?inCommand=reset&reportName=esmrAnalyticalData
esmr:732058,Mariposa WWTP RSW-002,esmr,1,esmr:732058,Mariposa WWTP,receiving_water,receiving_water,,discrete,weekly,37.478056,-119.958889,18040001,Middle San Joaquin-Lower Chowchilla,180400011502,None,,,,False,8,2010-12-06,2026-06-29,2026-06-29,0.2,True,"core,extended_wq,major_ions","dissolved_oxygen,hardness,nitrate,organic_carbon,ph,specific_conductance,turbidity,water_temperature",https://ciwqs.waterboards.ca.gov/ciwqs/readOnly/CiwqsReportServlet?inCommand=reset&reportName=esmrAnalyticalData
ceden:535XMDARD,Mattos Drain @ Range Rd,ceden,1,ceden:535XMDARD,CEDEN contributing programs,discrete_grab,drain,,discrete,unknown,37.242,-120.6149,18040001,Middle San Joaquin-Lower Chowchilla,180400011703,,,,,False,2,2006-05-16,2006-05-16,2006-05-16,20.4,False,"core,extended_wq","ph,water_temperature",https://ceden.waterboards.ca.gov/AdvancedQueryTool
ceden:535XMLAHO,McCoy Lateral @ Hwy 140,ceden,1,ceden:535XMLAHO,CEDEN contributing programs,discrete_grab,conveyance,diversion,discrete,monthly,37.30968,-120.78771,18040001,Middle San Joaquin-Lower Chowchilla,180400012103,,,,,False,4,2011-01-18,2023-08-09,2023-08-09,3.1,False,"core,extended_wq,major_ions","boron,ph,selenium,water_temperature",https://ceden.waterboards.ca.gov/AdvancedQueryTool
esmr:732068,Merced WWTF R-001D1,esmr,1,esmr:732068,Merced WWTF,receiving_water,receiving_water,,discrete,weekly,37.242413,-120.542764,18040001,Middle San Joaquin-Lower Chowchilla,180400011703,None,,,,False,10,2011-04-04,2014-09-30,2014-09-30,12.0,False,"core,extended_wq,major_ions","ammonia,calcium,dissolved_oxygen,dissolved_oxygen_saturation,hardness,magnesium,ph,specific_conductance,turbidity,water_temperature",https://ciwqs.waterboards.ca.gov/ciwqs/readOnly/CiwqsReportServlet?inCommand=reset&reportName=esmrAnalyticalData
esmr:732069,Merced WWTF R-001D2,esmr,1,esmr:732069,Merced WWTF,receiving_water,receiving_water,,discrete,weekly,37.239515,-120.546793,18040001,Middle San Joaquin-Lower Chowchilla,180400011703,None,,,,False,10,2011-04-04,2014-09-30,2014-09-30,12.0,False,"core,extended_wq,major_ions","ammonia,calcium,dissolved_oxygen,dissolved_oxygen_saturation,hardness,magnesium,ph,specific_conductance,turbidity,water_temperature",https://ciwqs.waterboards.ca.gov/ciwqs/readOnly/CiwqsReportServlet?inCommand=reset&reportName=esmrAnalyticalData
esmr:732067,Merced WWTF R-001U2,esmr,1,esmr:732067,Merced WWTF,receiving_water,receiving_water,,discrete,weekly,37.244227,-120.524388,18040001,Middle San Joaquin-Lower Chowchilla,180400011703,None,,,,False,10,2011-04-04,2014-09-30,2014-09-30,12.0,False,"core,extended_wq,major_ions","ammonia,calcium,dissolved_oxygen,dissolved_oxygen_saturation,hardness,magnesium,ph,specific_conductance,turbidity,water_temperature",https://ciwqs.waterboards.ca.gov/ciwqs/readOnly/CiwqsReportServlet?inCommand=reset&reportName=esmrAnalyticalData
esmr:732070,Merced WWTF R-002,esmr,1,esmr:732070,Merced WWTF,effluent,effluent,,continuous,daily,37.253431,-120.531439,18040001,Middle San Joaquin-Lower Chowchilla,180400011703,NA,,,,False,2,2011-04-01,2020-05-31,2020-05-31,6.3,False,"extended_wq,water_balance","discharge,suspended_solids",https://ciwqs.waterboards.ca.gov/ciwqs/readOnly/CiwqsReportServlet?inCommand=reset&reportName=esmrAnalyticalData
esmr:732071,Merced WWTF R-002U1,esmr,1,esmr:732071,Merced WWTF,receiving_water,receiving_water,,discrete,weekly,37.255604,-120.528645,18040001,Middle San Joaquin-Lower Chowchilla,180400011703,None,,,,False,18,2011-04-04,2026-06-30,2026-06-30,0.2,True,"core,extended_wq,major_ions","ammonia,boron,calcium,chloride,dissolved_oxygen,dissolved_oxygen_saturation,hardness,magnesium,nitrate,organic_carbon,ph,phosphorus,selenium,specific_conductance,sulfate,total_dissolved_solids,turbidity,water_temperature",https://ciwqs.waterboards.ca.gov/ciwqs/readOnly/CiwqsReportServlet?inCommand=reset&reportName=esmrAnalyticalData
ceden:535XMCARR,Miles Creek @ Reilly Rd,ceden,1,ceden:535XMCARR,CEDEN contributing programs,discrete_grab,natural,,discrete,quarterly,37.2583,-120.47524,18040001,Middle San Joaquin-Lower Chowchilla,180400011703,,,,,False,4,2007-05-29,2025-09-10,2025-09-10,1.0,True,"core,extended_wq,major_ions","boron,ph,selenium,water_temperature",https://ceden.waterboards.ca.gov/AdvancedQueryTool
ceden:541MER541,Mud Slough (North) @ Hwy 140,ceden,1,ceden:541MER541,CEDEN contributing programs,discrete_grab,natural,,discrete,unknown,37.291111,-120.942778,18040001,Middle San Joaquin-Lower Chowchilla,180400012102,,,,,False,2,2014-07-09,2014-07-09,2014-07-09,12.2,False,"core,extended_wq","ph,water_temperature",https://ceden.waterboards.ca.gov/AdvancedQueryTool
wqp:CEDEN-541MER516,Mud Slough @ Gun Club Road,"ceden,wqp",2,ceden:541MER516;wqp:CEDEN-541MER516,California State Water Resources Control Board,discrete_grab,natural,,discrete,annual,37.2314,-120.898,18040001,Middle San Joaquin-Lower Chowchilla,180400012102,,,,,False,4,2002-12-24,2004-10-28,2004-10-28,21.9,False,"core,extended_wq,major_ions","boron,ph,selenium,water_temperature",https://www.waterqualitydata.us/provider/STORET/CEDEN/CEDEN-541MER516/
ceden:MSBWSI2,Mud Slough Back Water (Site I2)-MSBWSI2,ceden,1,ceden:MSBWSI2,CEDEN contributing programs,discrete_grab,natural,,discrete,monthly,37.272356,-120.909731,18040001,Middle San Joaquin-Lower Chowchilla,180400012102,,,,,False,4,2011-05-31,2013-12-27,2013-12-27,12.7,False,"core,extended_wq,major_ions","boron,ph,selenium,water_temperature",https://ceden.waterboards.ca.gov/AdvancedQueryTool
wqp:CEDEN-541MER536,Mud Slough Upstream of SLD Terminus,"ceden,wqp",2,ceden:541MER536;wqp:CEDEN-541MER536;wqp:CEDEN-541MER536_SWAMP,California State Water Resources Control Board,discrete_grab,natural,,discrete,weekly,37.2542,-120.907,18040001,Middle San Joaquin-Lower Chowchilla,180400012102,,,,,False,16,2000-01-06,2015-05-01,2015-05-01,11.4,False,"core,extended_wq,major_ions","alkalinity,ammonia,boron,calcium,dissolved_oxygen,magnesium,organic_carbon,ph,phosphorus,potassium,selenium,sodium,specific_conductance,suspended_solids,total_dissolved_solids,water_temperature",https://www.waterqualitydata.us/provider/STORET/CEDEN/CEDEN-541MER536/
ceden:541XMSUSL,Mud Slough Upstream of San Luis Drain,ceden,1,ceden:541XMSUSL,CEDEN contributing programs,discrete_grab,natural,,discrete,monthly,37.2551,-120.9072,18040001,Middle San Joaquin-Lower Chowchilla,180400012102,,,,,False,4,2004-07-13,2025-02-05,2025-02-05,1.6,True,"core,extended_wq,major_ions","boron,ph,selenium,water_temperature",https://ceden.waterboards.ca.gov/AdvancedQueryTool
wqp:CEDEN-541MER542,Mud Slough downstream of San Luis Drain,"ceden,wqp",2,ceden:541MER542;wqp:CEDEN-541MER542;wqp:CEDEN-541MER542_SWAMP,California State Water Resources Control Board,discrete_grab,natural,,discrete,daily,37.2639,-120.906,18040001,Middle San Joaquin-Lower Chowchilla,180400012102,,,,,False,11,2000-01-06,2025-12-31,2025-12-31,0.7,True,"core,extended_wq,major_ions","alkalinity,ammonia,boron,chloride,dissolved_oxygen,organic_carbon,ph,selenium,specific_conductance,sulfate,water_temperature",https://www.waterqualitydata.us/provider/STORET/CEDEN/CEDEN-541MER542/
ceden:541MER544,Newman Wasteway above SJR,ceden,1,ceden:541MER544,CEDEN contributing programs,discrete_grab,conveyance,return,discrete,unknown,37.337778,-120.971667,18040001,Middle San Joaquin-Lower Chowchilla,180400012104,,,San Joaquin River,79.5,False,1,2000-02-01,2000-02-01,2000-02-01,26.6,False,core,water_temperature,https://ceden.waterboards.ca.gov/AdvancedQueryTool
ceden:541XNWHFR,Newman Wasteway near Hills Ferry Road,ceden,1,ceden:541XNWHFR,CEDEN contributing programs,discrete_grab,conveyance,return,discrete,monthly,37.32036,-120.983452,18040001,Middle San Joaquin-Lower Chowchilla,180400012104,,,,,False,4,2004-07-13,2025-02-05,2025-02-05,1.6,True,"core,extended_wq,major_ions","boron,ph,selenium,water_temperature",https://ceden.waterboards.ca.gov/AdvancedQueryTool
ceden:541NG1Wxx,North Grasslands 1,ceden,1,ceden:541NG1Wxx,CEDEN contributing programs,discrete_grab,unknown,,discrete,daily,37.05069,-120.78326,18040001,Middle San Joaquin-Lower Chowchilla,180400011306,,,,,False,2,2012-10-02,2012-10-03,2012-10-03,14.0,False,"core,extended_wq","ph,water_temperature",https://ceden.waterboards.ca.gov/AdvancedQueryTool
ceden:541NG2Wxx,North Grasslands 2,ceden,1,ceden:541NG2Wxx,CEDEN contributing programs,discrete_grab,unknown,,discrete,daily,37.04201,-120.77711,18040001,Middle San Joaquin-Lower Chowchilla,180400011306,,,,,False,2,2012-10-02,2012-10-03,2012-10-03,14.0,False,"core,extended_wq","ph,water_temperature",https://ceden.waterboards.ca.gov/AdvancedQueryTool
ceden:541NG3Wxx,North Grasslands 3,ceden,1,ceden:541NG3Wxx,CEDEN contributing programs,discrete_grab,unknown,,discrete,daily,37.03594,-120.77993,18040001,Middle San Joaquin-Lower Chowchilla,180400011306,,,,,False,2,2012-10-02,2012-10-03,2012-10-03,14.0,False,"core,extended_wq","ph,water_temperature",https://ceden.waterboards.ca.gov/AdvancedQueryTool
ceden:535XNSHFN,North Slough @ Hwy 59,ceden,1,ceden:535XNSHFN,CEDEN contributing programs,discrete_grab,natural,,discrete,monthly,37.22771,-120.488,18040001,Middle San Joaquin-Lower Chowchilla,180400011504,,,,,False,2,2008-07-29,2008-09-30,2008-09-30,18.0,False,"core,extended_wq","ph,water_temperature",https://ceden.waterboards.ca.gov/AdvancedQueryTool
cdec:ONG,O'NEILL FOREBAY @ GIANELLI PUMPING PLANT,cdec,1,cdec:ONG,CA Dept of Water Resources/Div of Integrated Science and Eng,continuous_sonde,conveyance,import,continuous,sub-daily,37.0666,-121.0719,18040001,Middle San Joaquin-Lower Chowchilla,180400011203,SAN JOAQUIN RIVER,,,,False,10,2012-02-29,2026-09-21,2026-09-21,0.0,True,"core,extended_wq,major_ions","bromide,chloride,dissolved_oxygen,nitrate,ph,phosphorus,specific_conductance,sulfate,turbidity,water_temperature",https://cdec.water.ca.gov/dynamicapp/staMeta?station_id=ONG
cdec:ONF,ONEILL FOREBAY,cdec,1,cdec:ONF,CA Dept of Water Resources/O&M San Joaquin Field Division,continuous_sonde,conveyance,import,continuous,sub-daily,37.067,-121.067,18040001,Middle San Joaquin-Lower Chowchilla,180400011203,SAN JOAQUIN VLY WEST,,,,False,2,1966-10-01,2026-09-21,2026-09-21,0.0,True,water_balance,"reservoir_storage,stage",https://cdec.water.ca.gov/dynamicapp/staMeta?station_id=ONF
wqp:CALWR_WQX-B6202010,OWENS C AB OWENS RES,wqp,1,wqp:CALWR_WQX-B6202010,California Department Of Water Resources,discrete_grab,natural,,discrete,unknown,37.3388,-120.1649,18040001,Middle San Joaquin-Lower Chowchilla,180400011702,,,,,False,3,2001-03-26,2001-03-26,2001-03-26,25.5,False,"core,extended_wq","ph,specific_conductance,water_temperature",https://www.waterqualitydata.us/provider/STORET/CALWR_WQX/CALWR_WQX-B6202010/
cdec:OCD,OWENS CK BLW EASTSIDE CNL NR CRANE RNCH,"cdec,dwr_wdl",2,cdec:OCD;dwr_wdl:B06114,CA Dept of Water Resources/South Central Region Office,continuous_sonde,natural,,continuous,sub-daily,37.21911,-120.699084,18040001,Middle San Joaquin-Lower Chowchilla,180400011605,MERCED RIVER,,,,False,2,1979-10-01,2026-09-21,2026-09-21,0.0,True,water_balance,"discharge,stage",https://cdec.water.ca.gov/dynamicapp/staMeta?station_id=OCD
cdec:OWQ,OWENS CK BLW OWENS DAM,cdec,1,cdec:OWQ,US Army Corps of Engineers,continuous_sonde,natural,,continuous,sub-daily,37.2733,-120.2783,18040001,Middle San Joaquin-Lower Chowchilla,180400011504,MERCED RIVER,,,,False,1,2010-02-01,2026-09-21,2026-09-21,0.0,True,water_balance,stage,https://cdec.water.ca.gov/dynamicapp/staMeta?station_id=OWQ
cdec:OWN,OWENS CREEK DAM,cdec,1,cdec:OWN,US Army Corps of Engineers,reservoir,reservoir,,continuous,sub-daily,37.282,-120.187,18040001,Middle San Joaquin-Lower Chowchilla,180400011504,MERCED RIVER,,,,False,4,1988-08-09,2026-09-21,2026-09-21,0.0,True,water_balance,"computed_flow,discharge,reservoir_storage,stage",https://cdec.water.ca.gov/dynamicapp/staMeta?station_id=OWN
ceden:535XSSJ10,Owens Creek at Gurr Rd,ceden,1,ceden:535XSSJ10,CEDEN contributing programs,discrete_grab,natural,,discrete,weekly,37.235343,-120.559533,18040001,Middle San Joaquin-Lower Chowchilla,180400011703,,,,,False,4,2005-06-22,2005-08-20,2005-08-20,21.1,False,"core,extended_wq,major_ions","boron,ph,selenium,water_temperature",https://ceden.waterboards.ca.gov/AdvancedQueryTool
dwr_wdl:B06151,Owens Creek at Merced ID West Boundary near Merced,dwr_wdl,1,dwr_wdl:B06151,California Department of Water Resources,continuous_sonde,natural,,continuous,daily,37.236609,-120.616026,18040001,Middle San Joaquin-Lower Chowchilla,180400011703,,NAD83,,,False,1,1980-10-01,1990-10-01,1990-10-01,36.0,False,water_balance,discharge,https://wdl.water.ca.gov/WaterDataLibrary/StationDetails.aspx?Station=B06151
dwr_wdl:B06170,Owens Creek below Owens Dam near Planada,"dwr_wdl,wqp",2,dwr_wdl:B06170;wqp:CALWR_WQX-B0617000,California Department of Water Resources,continuous_sonde,natural,,continuous,daily,37.308275,-120.194344,18040001,Middle San Joaquin-Lower Chowchilla,180400011702,,NAD83,,,False,4,1960-10-01,2002-02-06,2002-02-06,24.6,False,"core,extended_wq,water_balance","discharge,ph,specific_conductance,water_temperature",https://wdl.water.ca.gov/WaterDataLibrary/StationDetails.aspx?Station=B06170
ceden:535PS0191,Owens Creek ~3mi below Hwy 59,ceden,1,ceden:535PS0191,CEDEN contributing programs,discrete_grab,natural,,discrete,unknown,37.233759,-120.519526,18040001,Middle San Joaquin-Lower Chowchilla,180400011703,,,,,False,4,2009-07-14,2009-07-14,2009-07-14,17.2,False,"core,extended_wq,major_ions","chloride,ph,sulfate,water_temperature",https://ceden.waterboards.ca.gov/AdvancedQueryTool
cdec:PPP,PACHECO PUMPING PLANT (SLR00000),"cdec,wqp",2,cdec:PPP;wqp:CALWR_WQX-SL000000,CA Dept of Water Resources/Operations and Maintenance,continuous_sonde,conveyance,import,continuous,sub-daily,37.0619,-121.1806,18040001,Middle San Joaquin-Lower Chowchilla,180400011202,SAN JOAQUIN RIVER,,,,False,16,1989-07-03,2026-09-21,2026-09-21,0.0,True,"core,extended_wq,major_ions","alkalinity,boron,bromide,calcium,chloride,chlorophyll_a,magnesium,nitrate,ph,selenium,sodium,specific_conductance,sulfate,total_dissolved_solids,turbidity,water_temperature",https://cdec.water.ca.gov/dynamicapp/staMeta?station_id=PPP
dwr_wdl:B00975,Panoche Drain near Dos Palos,"dwr_wdl,wqp",2,dwr_wdl:B00975;wqp:CALWR_WQX-DPS3235,California Department of Water Resources,continuous_sonde,drain,,continuous,sub-daily,36.923281,-120.68935,18040001,Middle San Joaquin-Lower Chowchilla,180400012003,,NAD83,,,False,5,1964-10-01,2004-10-01,2004-10-01,22.0,False,"core,extended_wq,water_balance","discharge,ph,specific_conductance,stage,water_temperature",https://wdl.water.ca.gov/WaterDataLibrary/StationDetails.aspx?Station=B00975
ceden:541WWDPCB,Panoche-Silver Creek at Belmont Avenue,ceden,1,ceden:541WWDPCB,CEDEN contributing programs,discrete_grab,natural,,discrete,annual,36.74879,-120.5127,18040001,Middle San Joaquin-Lower Chowchilla,180400012001,,,,,False,4,2006-04-05,2024-04-01,2024-04-01,2.5,True,"core,extended_wq,major_ions","boron,ph,selenium,water_temperature",https://ceden.waterboards.ca.gov/AdvancedQueryTool
ceden:541XSED25,PoSo Slough @ Hudson,ceden,1,ceden:541XSED25,CEDEN contributing programs,discrete_grab,natural,,discrete,quarterly,36.97646,-120.54536,18040001,Middle San Joaquin-Lower Chowchilla,180400012001,,,,,False,2,2005-03-25,2005-11-20,2005-11-20,20.8,False,"core,extended_wq","ph,water_temperature",https://ceden.waterboards.ca.gov/AdvancedQueryTool
ceden:541XSSJ08,Poso Drain at NE corner of Turner Island and Palazzo Rd,ceden,1,ceden:541XSSJ08,CEDEN contributing programs,discrete_grab,drain,,discrete,weekly,37.128538,-120.705648,18040001,Middle San Joaquin-Lower Chowchilla,180400012005,,,,,False,4,2004-07-15,2004-09-09,2004-09-09,22.0,False,"core,extended_wq,major_ions","boron,ph,selenium,water_temperature",https://ceden.waterboards.ca.gov/AdvancedQueryTool
ceden:541FSED25,Poso Slough at Eucalyptus,ceden,1,ceden:541FSED25,CEDEN contributing programs,discrete_grab,natural,,discrete,unknown,37.01076,-120.60405,18040001,Middle San Joaquin-Lower Chowchilla,180400012005,,,,,False,2,2005-11-20,2005-11-20,2005-11-20,20.8,False,"core,extended_wq","ph,water_temperature",https://ceden.waterboards.ca.gov/AdvancedQueryTool
ceden:541ESED25,Poso Slough at Evans,ceden,1,ceden:541ESED25,CEDEN contributing programs,discrete_grab,natural,,discrete,unknown,36.99539,-120.57233,18040001,Middle San Joaquin-Lower Chowchilla,180400012005,,,,,False,2,2005-11-20,2005-11-20,2005-11-20,20.8,False,"core,extended_wq","ph,water_temperature",https://ceden.waterboards.ca.gov/AdvancedQueryTool
ceden:541XPSAIA,Poso Slough at Indiana Ave,ceden,1,ceden:541XPSAIA,CEDEN contributing programs,discrete_grab,natural,,discrete,monthly,37.0063,-120.59984,18040001,Middle San Joaquin-Lower Chowchilla,180400012005,,,,,False,4,2008-03-17,2025-02-05,2025-02-05,1.6,True,"core,extended_wq,major_ions","boron,ph,selenium,water_temperature",https://ceden.waterboards.ca.gov/AdvancedQueryTool
ceden:541BSED25,Poso Slough at Merrill,ceden,1,ceden:541BSED25,CEDEN contributing programs,discrete_grab,natural,,discrete,unknown,36.95242,-120.51951,18040001,Middle San Joaquin-Lower Chowchilla,180400012001,,,,,False,2,2005-11-20,2005-11-20,2005-11-20,20.8,False,"core,extended_wq","ph,water_temperature",https://ceden.waterboards.ca.gov/AdvancedQueryTool
ceden:541CSED25,Poso Slough at Newcomb,ceden,1,ceden:541CSED25,CEDEN contributing programs,discrete_grab,natural,,discrete,unknown,36.95096,-120.50906,18040001,Middle San Joaquin-Lower Chowchilla,180400012001,,,,,False,2,2005-11-20,2005-11-20,2005-11-20,20.8,False,"core,extended_wq","ph,water_temperature",https://ceden.waterboards.ca.gov/AdvancedQueryTool
ceden:541ASED25,Poso Slough at Shain,ceden,1,ceden:541ASED25,CEDEN contributing programs,discrete_grab,natural,,discrete,unknown,36.97421,-120.54295,18040001,Middle San Joaquin-Lower Chowchilla,180400012001,,,,,False,2,2005-11-20,2005-11-20,2005-11-20,20.8,False,"core,extended_wq","ph,water_temperature",https://ceden.waterboards.ca.gov/AdvancedQueryTool
ceden:541DSED25,Poso Slough at Valeria,ceden,1,ceden:541DSED25,CEDEN contributing programs,discrete_grab,natural,,discrete,unknown,36.98164,-120.55665,18040001,Middle San Joaquin-Lower Chowchilla,180400012001,,,,,False,2,2005-11-20,2005-11-20,2005-11-20,20.8,False,"core,extended_wq","ph,water_temperature",https://ceden.waterboards.ca.gov/AdvancedQueryTool
ceden:545MRDPDM,Puglizevich Dam on Miles and Owen Cks,ceden,1,ceden:545MRDPDM,CEDEN contributing programs,discrete_grab,reservoir,,discrete,quarterly,37.263056,-120.458414,18040001,Middle San Joaquin-Lower Chowchilla,180400011703,,,,,False,2,2004-07-14,2008-09-16,2008-09-16,18.0,False,"core,extended_wq","ph,water_temperature",https://ceden.waterboards.ca.gov/AdvancedQueryTool
ceden:541MER509,Rice Drain @ Mallard Road,ceden,1,ceden:541MER509,CEDEN contributing programs,discrete_grab,drain,,discrete,unknown,36.988889,-120.703889,18040001,Middle San Joaquin-Lower Chowchilla,180400012003,,,,,False,4,2000-06-06,2000-06-06,2000-06-06,26.3,False,"core,extended_wq,major_ions","boron,ph,selenium,water_temperature",https://ceden.waterboards.ca.gov/AdvancedQueryTool
ceden:541XRADSL,Russell Ave. Drain at San Luis Canal,ceden,1,ceden:541XRADSL,CEDEN contributing programs,discrete_grab,drain,,discrete,daily,36.7514,-120.65825,18040001,Middle San Joaquin-Lower Chowchilla,180400012003,,,,,False,2,2006-03-17,2006-03-21,2006-03-21,20.5,False,"core,extended_wq","ph,water_temperature",https://ceden.waterboards.ca.gov/AdvancedQueryTool
usgs:USGS-11261100,SALT SLOUGH A HWY 165 NR STEVINSON CA,"cdec,usgs,wqp",3,cdec:SSH;usgs:USGS-11261100;wqp:CALWR_WQX-B0047010;wqp:USGS-11261100,U.S. Geological Survey,streamgage,natural,,continuous,sub-daily,37.247691,-120.852108,18040001,Middle San Joaquin-Lower Chowchilla,180400012007,,,,,False,5,1985-09-10,2026-09-21,2026-09-21,0.0,True,"core,extended_wq,water_balance","discharge,ph,specific_conductance,stage,water_temperature",https://waterdata.usgs.gov/monitoring-location/11261100
usgs:USGS-11261000,SALT SLOUGH NR LOS BANOS CA,usgs,1,usgs:USGS-11261000,U.S. Geological Survey,streamgage,natural,,continuous,daily,37.159666,-120.809362,18040001,Middle San Joaquin-Lower Chowchilla,180400012007,,,,,False,2,1940-10-01,1968-09-29,1968-09-29,58.0,False,water_balance,"discharge,stage",https://waterdata.usgs.gov/monitoring-location/11261000
cdec:130,SAN JOAQUIN R - MONITORING WELL #130,cdec,1,cdec:130;cdec:225,US Bureau of Reclamation,continuous_sonde,groundwater,,continuous,sub-daily,37.023313,-120.539028,18040001,Middle San Joaquin-Lower Chowchilla,180400012004,SAN JOAQUIN RIVER,,San Joaquin River,168.8,False,2,2011-06-17,2026-09-21,2026-09-21,0.0,True,core,"specific_conductance,water_temperature",https://cdec.water.ca.gov/dynamicapp/staMeta?station_id=130
cdec:142,SAN JOAQUIN R - MONITORING WELL #142,cdec,1,cdec:142,US Bureau of Reclamation,continuous_sonde,groundwater,,continuous,sub-daily,37.1861,-120.6829,18040001,Middle San Joaquin-Lower Chowchilla,180400012101,SAN JOAQUIN RIVER,,,,False,2,2011-06-17,2016-03-06,2016-03-06,10.5,False,core,"specific_conductance,water_temperature",https://cdec.water.ca.gov/dynamicapp/staMeta?station_id=142
cdec:W54,SAN JOAQUIN R - MONITORING WELL #54,cdec,1,cdec:W54,US Bureau of Reclamation,continuous_sonde,groundwater,,continuous,sub-daily,36.7826,-120.3123,18040001,Middle San Joaquin-Lower Chowchilla,180400010806,SAN JOAQUIN RIVER,,San Joaquin River,223.3,False,2,2010-02-01,2014-01-21,2014-01-21,12.7,False,core,"specific_conductance,water_temperature",https://cdec.water.ca.gov/dynamicapp/staMeta?station_id=W54
cdec:W75,SAN JOAQUIN R - MONITORING WELL #75,cdec,1,cdec:W75,US Bureau of Reclamation,continuous_sonde,groundwater,,continuous,sub-daily,36.9313,-120.4707,18040001,Middle San Joaquin-Lower Chowchilla,180400012001,SAN JOAQUIN RIVER,,San Joaquin River,184.4,False,2,2010-05-03,2021-05-19,2021-05-19,5.3,False,core,"specific_conductance,water_temperature",https://cdec.water.ca.gov/dynamicapp/staMeta?station_id=W75
cdec:W90,SAN JOAQUIN R - MONITORING WELL #90,cdec,1,cdec:W90,US Bureau of Reclamation,continuous_sonde,groundwater,,continuous,sub-daily,37.1284,-120.5848,18040001,Middle San Joaquin-Lower Chowchilla,180400011603,SAN JOAQUIN RIVER,,,,False,2,2012-02-01,2017-02-22,2017-02-22,9.6,False,core,"specific_conductance,water_temperature",https://cdec.water.ca.gov/dynamicapp/staMeta?station_id=W90
cdec:W92,SAN JOAQUIN R - MONITORING WELL #92,cdec,1,cdec:W92,US Bureau of Reclamation,continuous_sonde,groundwater,,continuous,sub-daily,37.1045,-120.5916,18040001,Middle San Joaquin-Lower Chowchilla,180400012005,SAN JOAQUIN RIVER,,San Joaquin River,155.8,False,2,2010-05-03,2022-11-09,2022-11-09,3.9,False,core,"specific_conductance,water_temperature",https://cdec.water.ca.gov/dynamicapp/staMeta?station_id=W92
cdec:R31,SAN JOAQUIN R - MONITORING WELL #R3-1,cdec,1,cdec:R31,US Bureau of Reclamation,continuous_sonde,groundwater,,continuous,sub-daily,36.8901,-120.4636,18040001,Middle San Joaquin-Lower Chowchilla,180400010806,SAN JOAQUIN RIVER,,San Joaquin River,191.6,False,2,2009-11-10,2010-07-23,2010-07-23,16.2,False,core,"specific_conductance,water_temperature",https://cdec.water.ca.gov/dynamicapp/staMeta?station_id=R31
cdec:R37,SAN JOAQUIN R - MONITORING WELL #R3-7,cdec,1,cdec:R37,US Bureau of Reclamation,continuous_sonde,groundwater,,continuous,sub-daily,36.8352,-120.4076,18040001,Middle San Joaquin-Lower Chowchilla,180400010806,SAN JOAQUIN RIVER,,San Joaquin River,203.5,False,2,2009-12-03,2024-12-15,2024-12-15,1.8,True,core,"specific_conductance,water_temperature",https://cdec.water.ca.gov/dynamicapp/staMeta?station_id=R37
usgs:USGS-11261500,SAN JOAQUIN R A FREMONT FORD BRIDGE CA,"cdec,ceden,usgs,wqp",4,cdec:FFB;ceden:541MER538;ceden:SJRI_17;usgs:USGS-11261500;wqp:CALWR_WQX-B0737500;wqp:CEDEN-541MER538;wqp:CEDEN-541MER538_SWAMP;wqp:USGS-11261500,U.S. Geological Survey,streamgage,natural,,continuous,sub-daily,37.309912,-120.930999,18040001,Middle San Joaquin-Lower Chowchilla,180400012103,,,San Joaquin River,87.4,False,19,1937-02-18,2026-09-21,2026-09-21,0.0,True,"core,extended_wq,major_ions,water_balance","alkalinity,ammonia,boron,calcium,chloride,discharge,magnesium,organic_carbon,ph,phosphorus,potassium,selenium,sodium,specific_conductance,stage,sulfate,suspended_solids,total_dissolved_solids,water_temperature",https://waterdata.usgs.gov/monitoring-location/11261500
usgs:USGS-11253058,SAN JOAQUIN R A GRAVELLY FORD CN NR KERMAN CA,"usgs,wqp",2,usgs:USGS-11253058;wqp:USGS-11253058,U.S. Geological Survey,streamgage,natural,,continuous,daily,36.799167,-120.163611,18040001,Middle San Joaquin-Lower Chowchilla,180400010304,,,San Joaquin River,248.8,False,3,2010-10-01,2023-09-30,2023-09-30,3.0,True,"core,water_balance","discharge,stage,water_temperature",https://waterdata.usgs.gov/monitoring-location/11253058
usgs:USGS-11252500,SAN JOAQUIN R A HERNDON CA,usgs,1,usgs:USGS-11252500,U.S. Geological Survey,streamgage,natural,,continuous,daily,36.843002,-119.932932,18040001,Middle San Joaquin-Lower Chowchilla,180400010304,,,San Joaquin River,274.5,False,2,1895-04-01,1901-09-29,1901-09-29,125.0,False,water_balance,"discharge,stage",https://waterdata.usgs.gov/monitoring-location/11252500
usgs:USGS-11252975,SAN JOAQUIN R A SKAGGS BR NR RIPPERDAN CA,"ceden,usgs,wqp",3,ceden:545MAD011;ceden:545SJRSKB;usgs:USGS-11252975;wqp:USGS-11252975,U.S. Geological Survey,streamgage,natural,,continuous,daily,36.821944,-120.059444,18040001,Middle San Joaquin-Lower Chowchilla,180400010304,,,San Joaquin River,259.8,False,4,2010-01-20,2022-09-30,2022-09-30,4.0,False,"core,extended_wq,water_balance","discharge,ph,suspended_solids,water_temperature",https://waterdata.usgs.gov/monitoring-location/11252975
usgs:USGS-11273400,SAN JOAQUIN R AB MERCED R NR NEWMAN CA,"cdec,usgs",2,cdec:SMN;usgs:USGS-11273400,U.S. Geological Survey,streamgage,natural,,continuous,sub-daily,37.347188,-120.97614,18040001,Middle San Joaquin-Lower Chowchilla,180400012104,,,San Joaquin River,77.7,False,7,2009-01-21,2026-09-21,2026-09-21,0.0,True,"core,extended_wq,water_balance","discharge,dissolved_oxygen,ph,specific_conductance,stage,turbidity,water_temperature",https://waterdata.usgs.gov/monitoring-location/11273400
cdec:DNB,SAN JOAQUIN R AT DONNY BRIDGE,cdec,1,cdec:DNB,US Bureau of Reclamation,continuous_sonde,natural,,continuous,sub-daily,36.8335,-119.9658,18040001,Middle San Joaquin-Lower Chowchilla,180400010304,SAN JOAQUIN RIVER,,San Joaquin River,270.9,False,4,2004-06-16,2026-09-21,2026-09-21,0.0,True,"core,water_balance","discharge,specific_conductance,stage,water_temperature",https://cdec.water.ca.gov/dynamicapp/staMeta?station_id=DNB
cdec:H41,SAN JOAQUIN R AT HWY 41,cdec,1,cdec:H41,US Bureau of Reclamation,continuous_sonde,natural,,continuous,sub-daily,36.8762,-119.7932,18040001,Middle San Joaquin-Lower Chowchilla,180400010303,SAN JOAQUIN RIVER,,San Joaquin River,292.4,False,4,2005-08-18,2026-09-21,2026-09-21,0.0,True,"core,water_balance","discharge,specific_conductance,stage,water_temperature",https://cdec.water.ca.gov/dynamicapp/staMeta?station_id=H41
usgs:USGS-11253115,SAN JOAQUIN R BL CHOWCHILLA CN INTAKE NR MENDOTA,"usgs,wqp",2,usgs:USGS-11253115;wqp:USGS-11253115,U.S. Geological Survey,streamgage,natural,,continuous,daily,36.77375,-120.286,18040001,Middle San Joaquin-Lower Chowchilla,180400010304,,,San Joaquin River,229.8,False,3,2010-10-01,2022-09-30,2022-09-30,4.0,False,"core,extended_wq,water_balance","discharge,suspended_solids,water_temperature",https://waterdata.usgs.gov/monitoring-location/11253115
usgs:USGS-11251000,SAN JOAQUIN R BL FRIANT CA,"cdec,usgs,wqp",3,cdec:SJF;usgs:USGS-11251000;wqp:CALWR_WQX-B0788500;wqp:USGS-11251000,U.S. Geological Survey,streamgage,natural,,continuous,sub-daily,36.984394,-119.724312,18040001,Middle San Joaquin-Lower Chowchilla,180400010302,,,San Joaquin River,309.2,False,5,1907-10-01,2026-09-21,2026-09-21,0.0,True,"core,extended_wq,water_balance","discharge,ph,specific_conductance,stage,water_temperature",https://waterdata.usgs.gov/monitoring-location/11251000
usgs:USGS-11252275,SAN JOAQUIN R BL HWY 41 NR PINEDALE CA,"usgs,wqp",2,usgs:USGS-11252275;wqp:USGS-11252275,U.S. Geological Survey,streamgage,natural,,continuous,daily,36.876389,-119.793056,18040001,Middle San Joaquin-Lower Chowchilla,180400010303,,,San Joaquin River,292.4,False,2,2012-04-04,2022-09-30,2022-09-30,4.0,False,"core,water_balance","discharge,water_temperature",https://waterdata.usgs.gov/monitoring-location/11252275
cdec:SKB,SAN JOAQUIN R BLW HWY 145 (SKAGGS BR),cdec,1,cdec:SKB,US Bureau of Reclamation,continuous_sonde,natural,,continuous,sub-daily,36.8229,-120.0884,18040001,Middle San Joaquin-Lower Chowchilla,180400010304,SAN JOAQUIN RIVER,,San Joaquin River,256.7,False,4,2012-04-24,2026-09-21,2026-09-21,0.0,True,"core,water_balance","discharge,specific_conductance,stage,water_temperature",https://cdec.water.ca.gov/dynamicapp/staMeta?station_id=SKB
usgs:USGS-11253000,SAN JOAQUIN R NR BIOLA CA,usgs,1,usgs:USGS-11253000,U.S. Geological Survey,streamgage,natural,,continuous,daily,36.822724,-120.088216,18040001,Middle San Joaquin-Lower Chowchilla,180400010304,,,San Joaquin River,256.7,False,2,1952-10-01,1961-09-30,1961-09-30,65.0,False,water_balance,"discharge,stage",https://waterdata.usgs.gov/monitoring-location/11253000
usgs:USGS-11256000,SAN JOAQUIN R NR DOS PALOS CA,"cdec,dwr_wdl,usgs,wqp",4,cdec:SDP;dwr_wdl:B07610;usgs:USGS-11256000;wqp:USGS-11256000,U.S. Geological Survey,streamgage,natural,,continuous,sub-daily,36.994113,-120.501291,18040001,Middle San Joaquin-Lower Chowchilla,180400010806,,,San Joaquin River,175.6,False,8,1940-10-01,2026-09-21,2026-09-21,0.0,True,"core,extended_wq,water_balance","chlorophyll_a,discharge,dissolved_oxygen,ph,specific_conductance,stage,turbidity,water_temperature",https://waterdata.usgs.gov/monitoring-location/11256000
usgs:USGS-11260000,SAN JOAQUIN R NR EL NIDO CA,usgs,1,usgs:USGS-11260000;usgs:USGS-11260001,U.S. Geological Survey,streamgage,natural,,continuous,daily,37.111334,-120.590465,18040001,Middle San Joaquin-Lower Chowchilla,180400012101,,,San Joaquin River,155.2,False,2,1939-10-01,1949-03-31,1949-03-31,77.5,False,water_balance,"discharge,stage",https://waterdata.usgs.gov/monitoring-location/11260000
usgs:USGS-11254000,SAN JOAQUIN R NR MENDOTA CA,"cdec,dwr_wdl,usgs,wqp",4,cdec:MEN;dwr_wdl:B07710;usgs:USGS-11254000;wqp:CALWR_WQX-B0771000;wqp:USGS-11254000,U.S. Geological Survey,streamgage,natural,,continuous,sub-daily,36.810505,-120.378226,18040001,Middle San Joaquin-Lower Chowchilla,180400010806,,,San Joaquin River,208.3,False,7,1939-10-01,2026-09-21,2026-09-21,0.0,True,"core,extended_wq,major_ions,water_balance","discharge,hardness,ph,specific_conductance,stage,turbidity,water_temperature",https://waterdata.usgs.gov/monitoring-location/11254000
usgs:USGS-11260815,SAN JOAQUIN R NR STEVINSON CA,"usgs,wqp",2,usgs:USGS-11260815;wqp:USGS-11260815,U.S. Geological Survey,streamgage,natural,,continuous,daily,37.295134,-120.843618,18040001,Middle San Joaquin-Lower Chowchilla,180400012103,,,San Joaquin River,100.5,False,4,1985-10-16,2025-10-01,2025-10-01,1.0,True,"core,water_balance","discharge,specific_conductance,stage,water_temperature",https://waterdata.usgs.gov/monitoring-location/11260815
cdec:SWA,SAN JOAQUIN R NR WASHINGTON RD,"cdec,dwr_wdl",2,cdec:SWA;dwr_wdl:B07575,CA Dept of Water Resources/South Central Region Office,continuous_sonde,natural,,continuous,sub-daily,37.11532,-120.587,18040001,Middle San Joaquin-Lower Chowchilla,180400011602,SAN JOAQUIN RIVER,,San Joaquin River,155.0,False,8,2000-10-01,2026-09-21,2026-09-21,0.0,True,"core,extended_wq,water_balance","chlorophyll_a,discharge,dissolved_oxygen,ph,specific_conductance,stage,turbidity,water_temperature",https://cdec.water.ca.gov/dynamicapp/staMeta?station_id=SWA
usgs:USGS-11250110,SAN JOAQUIN R RELEASE A FRIANT DAM CA,"cdec,usgs",2,cdec:FWQ;usgs:USGS-11250110,U.S. Geological Survey,streamgage,natural,,continuous,sub-daily,36.999167,-119.706111,18040001,Middle San Joaquin-Lower Chowchilla,180400010302,,,San Joaquin River,311.6,False,7,2009-10-01,2026-09-21,2026-09-21,0.0,True,"core,extended_wq,water_balance","chlorophyll_a,discharge,dissolved_oxygen,ph,specific_conductance,turbidity,water_temperature",https://waterdata.usgs.gov/monitoring-location/11250110
wqp:USGS-372006120571701,SAN JOAQUIN R US OF MERCED R NR HILLS FERRY CA,wqp,1,wqp:USGS-372006120571701,U.S. Geological Survey,discrete_grab,natural,,discrete,unknown,37.334938,-120.95576,18040001,Middle San Joaquin-Lower Chowchilla,180400012103,,,San Joaquin River,81.5,False,1,2000-08-22,2001-10-03,2001-10-03,25.0,False,extended_wq,nitrate,https://www.waterqualitydata.us/provider/USGS/USGS/USGS-372006120571701/
cdec:199,SAN JOAQUIN R – MONITORING WELL #199,cdec,1,cdec:199,US Bureau of Reclamation,continuous_sonde,groundwater,,continuous,sub-daily,36.87301,-120.45262,18040001,Middle San Joaquin-Lower Chowchilla,180400010806,SAN JOAQUIN RIVER,,San Joaquin River,194.8,False,1,2024-05-16,2026-09-21,2026-09-21,0.0,True,core,water_temperature,https://cdec.water.ca.gov/dynamicapp/staMeta?station_id=199
cdec:GRF,SAN JOAQUIN RIVER AT GRAVELLY FORD,"cdec,ceden",2,cdec:GRF;ceden:SJRI_05,US Bureau of Reclamation,continuous_sonde,natural,,continuous,sub-daily,36.798,-120.16,18040001,Middle San Joaquin-Lower Chowchilla,180400010304,SAN JOAQUIN RIVER,,San Joaquin River,249.2,False,12,1997-03-20,2026-09-21,2026-09-21,0.0,True,"core,extended_wq,major_ions,water_balance","boron,chloride,chlorophyll_a,discharge,dissolved_oxygen,ph,selenium,specific_conductance,stage,sulfate,turbidity,water_temperature",https://cdec.water.ca.gov/dynamicapp/staMeta?station_id=GRF
cdec:SJB,SAN JOAQUIN RIVER BELOW BIFURCATION,cdec,1,cdec:SJB,US Bureau of Reclamation,continuous_sonde,natural,,continuous,sub-daily,36.773,-120.286,18040001,Middle San Joaquin-Lower Chowchilla,180400010304,SAN JOAQUIN RIVER,,San Joaquin River,229.8,False,8,1997-06-20,2026-09-21,2026-09-21,0.0,True,"core,extended_wq,water_balance","chlorophyll_a,discharge,dissolved_oxygen,ph,specific_conductance,stage,turbidity,water_temperature",https://cdec.water.ca.gov/dynamicapp/staMeta?station_id=SJB
cdec:SBF,SAN JOAQUIN RIVER BELOW FRIANT DAM,cdec,1,cdec:SBF,CA Dept of Water Resources/DFM-Hydro-Water Supply Fcasting,daily_summary,natural,,continuous,daily,36.999167,-119.706111,18040001,Middle San Joaquin-Lower Chowchilla,180400010302,SAN JOAQUIN RIVER,,San Joaquin River,311.6,False,1,1987-05-31,2026-09-21,2026-09-21,0.0,True,water_balance,computed_flow,https://cdec.water.ca.gov/dynamicapp/staMeta?station_id=SBF
cdec:SJH,SAN JOAQUIN RIVER NEAR HWY 152,"cdec,dwr_wdl",2,cdec:SJH;dwr_wdl:B07590,CA Dept of Water Resources/South Central Region Office,continuous_sonde,natural,,continuous,sub-daily,37.05542,-120.548302,18040001,Middle San Joaquin-Lower Chowchilla,180400010806,SAN JOAQUIN RIVER,,San Joaquin River,164.0,False,2,2020-10-01,2026-09-21,2026-09-21,0.0,True,water_balance,"discharge,stage",https://cdec.water.ca.gov/dynamicapp/staMeta?station_id=SJH
cdec:SJS,SAN JOAQUIN RIVER NEAR STEVINSON,"cdec,dwr_wdl,wqp",3,cdec:SJS;dwr_wdl:B07400;wqp:CALWR_WQX-B0740000,CA Dept of Water Resources/South Central Region Office,continuous_sonde,natural,,continuous,sub-daily,37.295,-120.851,18040001,Middle San Joaquin-Lower Chowchilla,180400012103,SAN JOAQUIN RIVER,,San Joaquin River,99.8,False,8,1961-10-01,2026-09-21,2026-09-21,0.0,True,"core,extended_wq,water_balance","chlorophyll_a,discharge,dissolved_oxygen,ph,specific_conductance,stage,turbidity,water_temperature",https://cdec.water.ca.gov/dynamicapp/staMeta?station_id=SJS
usgs:USGS-11263000,SAN LUIS C NR LOS BANOS CA,usgs,1,usgs:USGS-11263000,U.S. Geological Survey,streamgage,natural,,continuous,daily,37.065222,-121.071867,18040001,Middle San Joaquin-Lower Chowchilla,180400011203,,,,,False,2,1949-10-01,1963-03-31,1963-03-31,63.5,False,water_balance,"discharge,stage",https://waterdata.usgs.gov/monitoring-location/11263000
usgs:USGS-11262890,SAN LUIS DR SITE A NR S DOS PALOS CA,usgs,1,usgs:USGS-11262890,U.S. Geological Survey,streamgage,drain,,continuous,daily,36.96467,-120.669906,18040001,Middle San Joaquin-Lower Chowchilla,180400012003,,,,,False,1,1998-10-01,2002-09-29,2002-09-29,24.0,False,water_balance,discharge,https://waterdata.usgs.gov/monitoring-location/11262890
usgs:USGS-11262895,SAN LUIS DR SITE B NR STEVINSON CA,usgs,1,usgs:USGS-11262895,U.S. Geological Survey,streamgage,drain,,continuous,daily,37.240774,-120.877978,18040001,Middle San Joaquin-Lower Chowchilla,180400012102,,,,,False,3,1998-10-01,2005-09-29,2005-09-29,21.0,False,"core,water_balance","discharge,specific_conductance,water_temperature",https://waterdata.usgs.gov/monitoring-location/11262895
wqp:CALWR_WQX-SL001000,SAN LUIS RES A TRASHRACKS,wqp,1,wqp:CALWR_WQX-SL001000,California Department Of Water Resources,discrete_grab,reservoir,,discrete,monthly,37.0681,-121.0854,18040001,Middle San Joaquin-Lower Chowchilla,180400011202,,,,,False,3,1997-12-16,2002-12-17,2002-12-17,23.8,False,"core,extended_wq","ph,specific_conductance,water_temperature",https://www.waterqualitydata.us/provider/STORET/CALWR_WQX/CALWR_WQX-SL001000/
cdec:SNL,SAN LUIS RESERVOIR,cdec,1,cdec:SNL,CA Dept of Water Resources/O&M San Luis Field Division,reservoir,reservoir,,continuous,sub-daily,37.033,-121.133,18040001,Middle San Joaquin-Lower Chowchilla,180400011202,SAN LUIS CREEK,,,,False,4,1968-10-01,2026-09-21,2026-09-21,0.0,True,water_balance,"computed_flow,discharge,reservoir_storage,stage",https://cdec.water.ca.gov/dynamicapp/staMeta?station_id=SNL
cdec:LUS,SAN LUIS RESERVOIR (STATE),cdec,1,cdec:LUS;cdec:SLF,CA Dept of Water Resources,reservoir,reservoir,,continuous,daily,37.001,-121.002,18040001,Middle San Joaquin-Lower Chowchilla,180400010605,SAN JOAQUIN VLY WEST,,,,False,1,1968-10-01,2026-09-21,2026-09-21,0.0,True,water_balance,reservoir_storage,https://cdec.water.ca.gov/dynamicapp/staMeta?station_id=LUS
wqp:CEDEN-541STC512,SJR @ Hills Ferry,"ceden,wqp",2,ceden:541STC512;wqp:CEDEN-541STC512,California State Water Resources Control Board,discrete_grab,natural,,discrete,monthly,37.3425,-120.977,18040001,Middle San Joaquin-Lower Chowchilla,180400012104,,,San Joaquin River,78.3,False,15,2000-03-02,2007-11-15,2007-11-15,18.9,False,"core,extended_wq,major_ions","alkalinity,ammonia,boron,calcium,magnesium,organic_carbon,ph,phosphorus,potassium,selenium,sodium,specific_conductance,suspended_solids,total_dissolved_solids,water_temperature",https://www.waterqualitydata.us/provider/STORET/CEDEN/CEDEN-541STC512/
wqp:CEDEN-541MAD007,SJR @ Sack Dam,"ceden,wqp",2,ceden:541MAD007;wqp:CEDEN-541MAD007,California State Water Resources Control Board,discrete_grab,natural,,discrete,monthly,36.9836,-120.5,18040001,Middle San Joaquin-Lower Chowchilla,180400010806,,,San Joaquin River,176.8,False,15,2000-10-26,2024-05-14,2024-05-14,2.4,True,"core,extended_wq,major_ions","alkalinity,ammonia,boron,calcium,magnesium,organic_carbon,ph,phosphorus,potassium,selenium,sodium,specific_conductance,suspended_solids,total_dissolved_solids,water_temperature",https://www.waterqualitydata.us/provider/STORET/CEDEN/CEDEN-541MAD007/
ceden:SJRI_09,SJR above Merced River (Hills Ferry)-SJRI_09,ceden,1,ceden:SJRI_09,CEDEN contributing programs,discrete_grab,natural,,discrete,monthly,37.347569,-120.975183,18040001,Middle San Joaquin-Lower Chowchilla,180400012104,,,San Joaquin River,77.6,False,6,2009-10-29,2010-12-01,2010-12-01,15.8,False,"core,extended_wq,major_ions","boron,chloride,ph,selenium,sulfate,water_temperature",https://ceden.waterboards.ca.gov/AdvancedQueryTool
ceden:545FRE503,SJR at Fort Washington Beach,ceden,1,ceden:545FRE503,CEDEN contributing programs,discrete_grab,natural,,discrete,quarterly,36.88849,-119.78751,18040001,Middle San Joaquin-Lower Chowchilla,180400010303,,,San Joaquin River,294.2,False,2,2008-08-27,2021-08-25,2021-08-25,5.1,False,"core,extended_wq","ph,water_temperature",https://ceden.waterboards.ca.gov/AdvancedQueryTool
ceden:545FRE504,SJR at Friant Cove,ceden,1,ceden:545FRE504;ceden:545MAD504,CEDEN contributing programs,discrete_grab,natural,,discrete,monthly,36.99109,-119.71361,18040001,Middle San Joaquin-Lower Chowchilla,180400010302,,,San Joaquin River,310.5,False,2,2008-08-27,2026-06-01,2026-06-01,0.3,True,"core,extended_wq","ph,water_temperature",https://ceden.waterboards.ca.gov/AdvancedQueryTool
ceden:SJRI_16,SJR at Highway 152-SJRI_16,ceden,1,ceden:SJRI_16,CEDEN contributing programs,discrete_grab,natural,,discrete,monthly,37.055786,-120.550036,18040001,Middle San Joaquin-Lower Chowchilla,180400010806,,,San Joaquin River,163.9,False,6,2010-03-03,2010-12-01,2010-12-01,15.8,False,"core,extended_wq,major_ions","boron,chloride,ph,selenium,sulfate,water_temperature",https://ceden.waterboards.ca.gov/AdvancedQueryTool
ceden:SJRI_04,SJR at Highway 99 (Camp Pashayan)-SJRI_04,ceden,1,ceden:SJRI_04,CEDEN contributing programs,discrete_grab,natural,,discrete,monthly,36.843225,-119.932192,18040001,Middle San Joaquin-Lower Chowchilla,180400010304,,,San Joaquin River,274.6,False,6,2009-09-30,2010-12-01,2010-12-01,15.8,False,"core,extended_wq,major_ions","boron,chloride,ph,selenium,sulfate,water_temperature",https://ceden.waterboards.ca.gov/AdvancedQueryTool
ceden:545FRE502,SJR at Lost Lake County Park,ceden,1,ceden:545FRE502,CEDEN contributing programs,discrete_grab,natural,,discrete,quarterly,36.97381,-119.73725,18040001,Middle San Joaquin-Lower Chowchilla,180400010302,,,San Joaquin River,307.6,False,2,2008-08-27,2026-06-01,2026-06-01,0.3,True,"core,extended_wq","ph,water_temperature",https://ceden.waterboards.ca.gov/AdvancedQueryTool
ceden:545MAD008,SJR at Wildwood Native park,ceden,1,ceden:545MAD008,CEDEN contributing programs,discrete_grab,natural,,discrete,quarterly,36.87605,-119.79358,18040001,Middle San Joaquin-Lower Chowchilla,180400010303,,,San Joaquin River,292.4,False,2,2008-08-27,2026-06-01,2026-06-01,0.3,True,"core,extended_wq","ph,water_temperature",https://ceden.waterboards.ca.gov/AdvancedQueryTool
ceden:SJRI_01,SJR below Friant Dam (Lost Lake)-SJRI_01,ceden,1,ceden:SJRI_01,CEDEN contributing programs,discrete_grab,natural,,discrete,monthly,36.9784,-119.732119,18040001,Middle San Joaquin-Lower Chowchilla,180400010302,,,San Joaquin River,308.3,False,6,2009-09-30,2010-12-01,2010-12-01,15.8,False,"core,extended_wq,major_ions","boron,chloride,ph,selenium,sulfate,water_temperature",https://ceden.waterboards.ca.gov/AdvancedQueryTool
ceden:SJRI_07,SJR below Mendota Dam-SJRI_07,ceden,1,ceden:SJRI_07,CEDEN contributing programs,discrete_grab,natural,,discrete,monthly,36.788919,-120.373453,18040001,Middle San Joaquin-Lower Chowchilla,180400010806,,,San Joaquin River,212.1,False,6,2009-10-14,2010-12-01,2010-12-01,15.8,False,"core,extended_wq,major_ions","boron,chloride,ph,selenium,sulfate,water_temperature",https://ceden.waterboards.ca.gov/AdvancedQueryTool
cdec:49B,SJRRP MW-09-49B,cdec,1,cdec:49B,US Bureau of Reclamation,continuous_sonde,groundwater,,continuous,sub-daily,36.7712,-120.2702,18040001,Middle San Joaquin-Lower Chowchilla,180400010304,SAN JOAQUIN RIVER,,San Joaquin River,232.6,False,2,2016-05-15,2026-09-21,2026-09-21,0.0,True,core,"specific_conductance,water_temperature",https://cdec.water.ca.gov/dynamicapp/staMeta?station_id=49B
cdec:ST3,STEVINSON WELL MW-OA-3,cdec,1,cdec:ST3,Stevinson Water District,continuous_sonde,groundwater,,continuous,sub-daily,37.33028,-120.81444,18040001,Middle San Joaquin-Lower Chowchilla,180400012103,MERCED RIVER,,,,False,2,2018-10-25,2026-09-21,2026-09-21,0.0,True,core,"specific_conductance,water_temperature",https://cdec.water.ca.gov/dynamicapp/staMeta?station_id=ST3
usgs:USGS-11258940,STRIPED ROCK C NR RAYMOND CA,usgs,1,usgs:USGS-11258940,U.S. Geological Survey,streamgage,natural,,discrete,annual,37.343276,-119.889331,18040001,Middle San Joaquin-Lower Chowchilla,180400010504,,,,,False,2,1958-04-03,1967-01-30,1967-01-30,59.6,False,water_balance,"discharge,stage",https://waterdata.usgs.gov/monitoring-location/11258940
wqp:CEDEN-541MER531,Salt Slough @ Lander Avenue,"ceden,wqp",2,ceden:541MER531;wqp:CEDEN-541MER531;wqp:CEDEN-541MER531_SWAMP,California State Water Resources Control Board,discrete_grab,natural,,discrete,weekly,37.2486,-120.851,18040001,Middle San Joaquin-Lower Chowchilla,180400012007,,,,,False,18,2000-01-06,2025-02-05,2025-02-05,1.6,True,"core,extended_wq,major_ions","alkalinity,ammonia,boron,calcium,chloride,dissolved_oxygen,magnesium,organic_carbon,ph,phosphorus,potassium,selenium,sodium,specific_conductance,sulfate,suspended_solids,total_dissolved_solids,water_temperature",https://www.waterqualitydata.us/provider/STORET/CEDEN/CEDEN-541MER531/
ceden:541XSSASD,Salt Slough at Sand Dam,ceden,1,ceden:541XSSASD,CEDEN contributing programs,discrete_grab,natural,,discrete,monthly,37.13664,-120.762,18040001,Middle San Joaquin-Lower Chowchilla,180400012006,,,,,False,4,2004-07-13,2025-01-14,2025-01-14,1.7,True,"core,extended_wq,major_ions","boron,ph,selenium,water_temperature",https://ceden.waterboards.ca.gov/AdvancedQueryTool
dwr_wdl:B00470,Salt Slough near Stevinson,dwr_wdl,1,dwr_wdl:B00470,California Department of Water Resources,continuous_sonde,natural,,continuous,sub-daily,37.294267,-120.851233,18040001,Middle San Joaquin-Lower Chowchilla,180400012103,,NAD83,San Joaquin River,99.8,False,2,1967-10-01,2010-10-01,2010-10-01,16.0,False,water_balance,"discharge,stage",https://wdl.water.ca.gov/WaterDataLibrary/StationDetails.aspx?Station=B00470
esmr:731151,San Joaquin Fish Hatchery and Salmon Conservation and Research Facility EFF-001,esmr,1,esmr:731151;esmr:734705,San Joaquin Fish Hatchery and Salmon Conservation and Research Facility,effluent,effluent,,discrete,weekly,36.997222,-119.718889,18040001,Middle San Joaquin-Lower Chowchilla,180400010302,NA,,,,False,9,2009-12-07,2026-02-18,2026-02-18,0.6,True,"core,extended_wq,major_ions,water_balance","chloride,discharge,hardness,ph,selenium,specific_conductance,suspended_solids,turbidity,water_temperature",https://ciwqs.waterboards.ca.gov/ciwqs/readOnly/CiwqsReportServlet?inCommand=reset&reportName=esmrAnalyticalData
ceden:545SJRFTD,San Joaquin Friant Dam,ceden,1,ceden:545SJRFTD,CEDEN contributing programs,discrete_grab,reservoir,,discrete,monthly,36.991464,-119.71227,18040001,Middle San Joaquin-Lower Chowchilla,180400010302,,,San Joaquin River,310.6,False,2,2010-01-20,2012-12-10,2012-12-10,13.8,False,"core,extended_wq","ph,water_temperature",https://ceden.waterboards.ca.gov/AdvancedQueryTool
ceden:545CR1002,San Joaquin River -1002,ceden,1,ceden:545CR1002,CEDEN contributing programs,discrete_grab,natural,,discrete,unknown,36.9099,-119.7719,18040001,Middle San Joaquin-Lower Chowchilla,180400010303,,,San Joaquin River,297.5,False,3,2014-09-02,2014-09-02,2014-09-02,12.1,False,"core,extended_wq,major_ions","chloride,ph,sulfate",https://ceden.waterboards.ca.gov/AdvancedQueryTool
ceden:541SJRACI,San Joaquin River at China Island (GBP),ceden,1,ceden:541SJRACI,CEDEN contributing programs,discrete_grab,natural,,discrete,weekly,37.33598,-120.96555,18040001,Middle San Joaquin-Lower Chowchilla,180400012103,,,San Joaquin River,80.2,False,6,2013-10-02,2022-08-30,2022-08-30,4.1,False,"core,extended_wq,major_ions","boron,chloride,ph,selenium,sulfate,water_temperature",https://ceden.waterboards.ca.gov/AdvancedQueryTool
ceden:541SJRCR2,San Joaquin River at China Island Unit (R2) ,ceden,1,ceden:541SJRCR2,CEDEN contributing programs,discrete_grab,natural,,discrete,weekly,37.33215,-120.953354,18040001,Middle San Joaquin-Lower Chowchilla,180400012103,,,San Joaquin River,82.0,False,4,2022-09-09,2025-12-31,2025-12-31,0.7,True,"core,extended_wq,major_ions","boron,ph,selenium,water_temperature",https://ceden.waterboards.ca.gov/AdvancedQueryTool
ceden:541SJRHFB,San Joaquin River at Hills Ferry at Bridge,ceden,1,ceden:541SJRHFB,CEDEN contributing programs,discrete_grab,natural,,discrete,quarterly,37.34942,-120.97548,18040001,Middle San Joaquin-Lower Chowchilla,180400012104,,,Merced River,77.4,False,2,2010-03-25,2025-04-16,2025-04-16,1.4,True,"core,extended_wq","ph,water_temperature",https://ceden.waterboards.ca.gov/AdvancedQueryTool
wqp:CEDEN-541MER522,San Joaquin River at Lander Avenue,"ceden,wqp",2,ceden:541MER522;wqp:CEDEN-541MER522,California State Water Resources Control Board,discrete_grab,natural,,discrete,weekly,37.2953,-120.85,18040001,Middle San Joaquin-Lower Chowchilla,180400012103,,,San Joaquin River,99.9,False,14,2000-01-06,2025-02-05,2025-02-05,1.6,True,"core,extended_wq,major_ions","alkalinity,boron,calcium,magnesium,organic_carbon,ph,phosphorus,potassium,selenium,sodium,specific_conductance,suspended_solids,total_dissolved_solids,water_temperature",https://www.waterqualitydata.us/provider/STORET/CEDEN/CEDEN-541MER522/
ceden:545FRE020,San Joaquin River at Palm and Nees,ceden,1,ceden:545FRE020,CEDEN contributing programs,discrete_grab,natural,,discrete,monthly,36.85031,-119.8148,18040001,Middle San Joaquin-Lower Chowchilla,180400010303,,,San Joaquin River,288.6,False,2,2010-08-30,2012-09-04,2012-09-04,14.0,False,"core,extended_wq","ph,water_temperature",https://ceden.waterboards.ca.gov/AdvancedQueryTool
ceden:545FRE505,San Joaquin River at River Bottom Park,ceden,1,ceden:545FRE505,CEDEN contributing programs,discrete_grab,natural,,discrete,monthly,36.85104,-119.90477,18040001,Middle San Joaquin-Lower Chowchilla,180400010303,,,San Joaquin River,277.8,False,2,2021-05-19,2026-06-01,2026-06-01,0.3,True,"core,extended_wq","ph,water_temperature",https://ceden.waterboards.ca.gov/AdvancedQueryTool
ceden:545SJ0144,San Joaquin River at Scout Island,ceden,1,ceden:545SJ0144,CEDEN contributing programs,discrete_grab,natural,,discrete,monthly,36.857411,-119.848842,18040001,Middle San Joaquin-Lower Chowchilla,180400010303,,,San Joaquin River,284.7,False,2,2011-05-18,2012-09-04,2012-09-04,14.0,False,"core,extended_wq","ph,water_temperature",https://ceden.waterboards.ca.gov/AdvancedQueryTool
ceden:551FRE150,San Joaquin River at Scout Island Downstream,ceden,1,ceden:551FRE150,CEDEN contributing programs,discrete_grab,natural,,discrete,weekly,36.8589,-119.8422,18040001,Middle San Joaquin-Lower Chowchilla,180400010303,,,San Joaquin River,285.8,False,1,2018-09-04,2018-09-26,2018-09-26,8.0,False,core,water_temperature,https://ceden.waterboards.ca.gov/AdvancedQueryTool
ceden:545MAD012,San Joaquin River at Skaggs Bridge Downstream,ceden,1,ceden:545MAD012,CEDEN contributing programs,discrete_grab,natural,,discrete,monthly,36.82055,-120.06261,18040001,Middle San Joaquin-Lower Chowchilla,180400010304,,,San Joaquin River,259.5,False,2,2018-09-04,2026-06-01,2026-06-01,0.3,True,"core,extended_wq","ph,water_temperature",https://ceden.waterboards.ca.gov/AdvancedQueryTool
ceden:545MAD021,San Joaquin River at Sycamore Island,ceden,1,ceden:545MAD021,CEDEN contributing programs,discrete_grab,natural,,discrete,monthly,36.84963,-119.81699,18040001,Middle San Joaquin-Lower Chowchilla,180400010303,,,San Joaquin River,288.3,False,2,2018-09-04,2026-06-01,2026-06-01,0.3,True,"core,extended_wq","ph,water_temperature",https://ceden.waterboards.ca.gov/AdvancedQueryTool
ceden:545FRE007,San Joaquin River at Wildwood Canoe Launch,ceden,1,ceden:545FRE007,CEDEN contributing programs,discrete_grab,natural,,discrete,annual,36.87637,-119.7922,18040001,Middle San Joaquin-Lower Chowchilla,180400010303,,,San Joaquin River,292.5,False,2,2018-09-04,2021-05-19,2021-05-19,5.3,False,"core,extended_wq","ph,water_temperature",https://ceden.waterboards.ca.gov/AdvancedQueryTool
dwr_wdl:B07798,San Joaquin River below Control Structure,dwr_wdl,1,dwr_wdl:B07798,California Department of Water Resources,continuous_sonde,natural,,continuous,sub-daily,36.773282,-120.28711,18040001,Middle San Joaquin-Lower Chowchilla,180400010806,,NAD83,San Joaquin River,229.7,False,2,1978-10-01,1992-10-01,1992-10-01,34.0,False,water_balance,"discharge,stage",https://wdl.water.ca.gov/WaterDataLibrary/StationDetails.aspx?Station=B07798
usbr_rise:3210,San Joaquin River below Friant Dam at Lost Lake Park,usbr_rise,1,usbr_rise:3210,Bureau of Reclamation,streamgage,natural,,discrete,annual,36.979545,-119.730821,18040001,Middle San Joaquin-Lower Chowchilla,180400010302,,WGS84,San Joaquin River,308.4,False,20,1996-11-27,2008-02-26,2008-02-26,18.6,False,"core,extended_wq,major_ions","alkalinity,ammonia,boron,calcium,chloride,dissolved_oxygen,hardness,magnesium,nitrate,organic_carbon,ph,phosphorus,potassium,selenium,sodium,specific_conductance,sulfate,total_dissolved_solids,turbidity,water_temperature",https://data.usbr.gov/rise/#/dataset/3210
ceden:545SJ0145,San Joaquin River ~0.2mi below 13th St. Firebaugh,ceden,1,ceden:545SJ0145,CEDEN contributing programs,discrete_grab,natural,,discrete,monthly,36.859722,-120.448583,18040001,Middle San Joaquin-Lower Chowchilla,180400010806,,,San Joaquin River,197.1,False,2,2015-07-01,2015-09-30,2015-09-30,11.0,False,"core,extended_wq","ph,water_temperature",https://ceden.waterboards.ca.gov/AdvancedQueryTool
ceden:541MER532,San Luis Canal @ Henry Miller Road,ceden,1,ceden:541MER532,CEDEN contributing programs,discrete_grab,conveyance,import,discrete,weekly,37.12888,-120.82055,18040001,Middle San Joaquin-Lower Chowchilla,180400012102,,,,,False,6,2011-09-22,2014-12-30,2014-12-30,11.7,False,"core,extended_wq,major_ions","boron,chloride,ph,selenium,sulfate,water_temperature",https://ceden.waterboards.ca.gov/AdvancedQueryTool
wqp:CEDEN-541MER563,San Luis Canal Upstream of Splits,"ceden,wqp",2,ceden:541MER563;wqp:CEDEN-541MER563;wqp:CEDEN-541MER563_SWAMP,California State Water Resources Control Board,discrete_grab,conveyance,import,discrete,weekly,37.0917,-120.823,18040001,Middle San Joaquin-Lower Chowchilla,180400011306,,,,,False,5,2000-01-05,2017-05-09,2017-05-09,9.4,False,"core,extended_wq,major_ions","boron,ph,selenium,specific_conductance,water_temperature",https://www.waterqualitydata.us/provider/STORET/CEDEN/CEDEN-541MER563/
ceden:541SLC152,San Luis Canal at Hwy 152 (Site L3) ,ceden,1,ceden:541SLC152,CEDEN contributing programs,discrete_grab,conveyance,import,discrete,monthly,37.056484,-120.803989,18040001,Middle San Joaquin-Lower Chowchilla,180400012102,,,,,False,4,2017-06-13,2024-05-14,2024-05-14,2.4,True,"core,extended_wq,major_ions","boron,ph,selenium,water_temperature",https://ceden.waterboards.ca.gov/AdvancedQueryTool
ceden:541SLDGCR,San Luis Drain - Gun Club Road,ceden,1,ceden:541SLDGCR,CEDEN contributing programs,discrete_grab,drain,,discrete,daily,37.23159,-120.87599,18040001,Middle San Joaquin-Lower Chowchilla,180400012102,,,,,False,6,2013-10-21,2025-12-31,2025-12-31,0.7,True,"core,extended_wq,major_ions","boron,chloride,ph,selenium,sulfate,water_temperature",https://ceden.waterboards.ca.gov/AdvancedQueryTool
wqp:CEDEN-541MER535,San Luis Drain @ Terminus,"ceden,wqp",2,ceden:541MER535;wqp:CEDEN-541MER535;wqp:CEDEN-541MER535_SWAMP,California State Water Resources Control Board,discrete_grab,drain,,discrete,daily,37.2594,-120.904,18040001,Middle San Joaquin-Lower Chowchilla,180400012102,,,,,False,8,2000-01-01,2013-09-25,2013-09-25,13.0,False,"core,extended_wq,major_ions","boron,chloride,organic_carbon,ph,selenium,specific_conductance,sulfate,water_temperature",https://www.waterqualitydata.us/provider/STORET/CEDEN/CEDEN-541MER535/
wqp:CALWR_WQX-SL005000,San Luis Reservoir at Tunnel Island,wqp,1,wqp:CALWR_WQX-SL005000,California Department Of Water Resources,discrete_grab,reservoir,,discrete,monthly,37.0693,-121.1531,18040001,Middle San Joaquin-Lower Chowchilla,180400011202,,,,,False,15,1997-12-16,2000-02-16,2000-02-16,26.6,False,"core,extended_wq,major_ions","alkalinity,boron,bromide,calcium,chloride,magnesium,nitrate,ph,selenium,sodium,specific_conductance,sulfate,total_dissolved_solids,turbidity,water_temperature",https://www.waterqualitydata.us/provider/STORET/CALWR_WQX/CALWR_WQX-SL005000/
ceden:535XSSJ09,Sand Slough on Turner Island Rd. West of Merced Natl. Wildlife Refuge,ceden,1,ceden:535XSSJ09,CEDEN contributing programs,discrete_grab,natural,,discrete,unknown,37.1717,-120.6834,18040001,Middle San Joaquin-Lower Chowchilla,180400012101,,,,,False,2,2004-08-27,2004-08-27,2004-08-27,22.1,False,"core,extended_wq","ph,water_temperature",https://ceden.waterboards.ca.gov/AdvancedQueryTool
ceden:541MER539,Santa Fe Canal 150' north of SLC & SFC Inters,ceden,1,ceden:541MER539,CEDEN contributing programs,discrete_grab,conveyance,diversion,discrete,monthly,37.094167,-120.822778,18040001,Middle San Joaquin-Lower Chowchilla,180400012102,,,,,False,4,2016-02-09,2017-05-09,2017-05-09,9.4,False,"core,extended_wq,major_ions","boron,ph,selenium,water_temperature",https://ceden.waterboards.ca.gov/AdvancedQueryTool
wqp:CEDEN-541MER545,Santa Fe Canal @ Weir,"ceden,wqp",2,ceden:541MER545;wqp:CEDEN-541MER545;wqp:CEDEN-541MER545_SWAMP,California State Water Resources Control Board,discrete_grab,conveyance,diversion,discrete,weekly,37.0989,-120.827,18040001,Middle San Joaquin-Lower Chowchilla,180400012102,,,,,False,3,2000-01-05,2013-09-23,2013-09-23,13.0,False,"core,extended_wq,major_ions","boron,selenium,specific_conductance",https://www.waterqualitydata.us/provider/STORET/CEDEN/CEDEN-541MER545/
ceden:541XSFGCR,Santa Fe Canal at Gun Club Road (WSJRWC),ceden,1,ceden:541XSFGCR,CEDEN contributing programs,discrete_grab,conveyance,diversion,discrete,monthly,37.23156,-120.90564,18040001,Middle San Joaquin-Lower Chowchilla,180400012102,,,,,False,4,2022-11-09,2023-03-14,2023-03-14,3.5,False,"core,extended_wq,major_ions","boron,ph,selenium,water_temperature",https://ceden.waterboards.ca.gov/AdvancedQueryTool
ceden:541SFC152,Santa Fe Canal at Hwy 152 (Site M3) ,ceden,1,ceden:541SFC152,CEDEN contributing programs,discrete_grab,conveyance,diversion,discrete,monthly,37.05445,-120.785681,18040001,Middle San Joaquin-Lower Chowchilla,180400011306,,,,,False,4,2017-06-13,2024-05-14,2024-05-14,2.4,True,"core,extended_wq,major_ions","boron,ph,selenium,water_temperature",https://ceden.waterboards.ca.gov/AdvancedQueryTool
wqp:CEDEN-541MER015,Santa Rita Slough at HWY 152,"ceden,wqp",2,ceden:541MER015;wqp:CEDEN-541MER015,California State Water Resources Control Board,discrete_grab,natural,,discrete,monthly,37.0475,-120.594,18040001,Middle San Joaquin-Lower Chowchilla,180400012005,,,,,False,14,2001-01-25,2012-01-19,2012-01-19,14.7,False,"core,extended_wq,major_ions","alkalinity,ammonia,boron,calcium,magnesium,organic_carbon,ph,phosphorus,potassium,sodium,specific_conductance,suspended_solids,total_dissolved_solids,water_temperature",https://www.waterqualitydata.us/provider/STORET/CEDEN/CEDEN-541MER015/
ceden:535XSSAQR,South Slough @ Quinley Rd,ceden,1,ceden:535XSSAQR,CEDEN contributing programs,discrete_grab,natural,,discrete,monthly,37.26983,-120.59711,18040001,Middle San Joaquin-Lower Chowchilla,180400011805,,,,,False,4,2006-07-11,2008-09-30,2008-09-30,18.0,False,"core,extended_wq,major_ions","boron,ph,selenium,water_temperature",https://ceden.waterboards.ca.gov/AdvancedQueryTool
dwr_wdl:B62410,Stockton Creek at Highway 49 Near Mariposa,dwr_wdl,1,dwr_wdl:B62410,California Department of Water Resources,continuous_sonde,natural,,continuous,sub-daily,37.469382,-119.949616,18040001,Middle San Joaquin-Lower Chowchilla,180400011502,,NAD83,,,False,2,1979-10-01,1991-10-01,1991-10-01,35.0,False,water_balance,"discharge,stage",https://wdl.water.ca.gov/WaterDataLibrary/StationDetails.aspx?Station=B62410
wqp:CALWR_WQX-BVS6001,T.D. BVS6001,wqp,1,wqp:CALWR_WQX-BVS6001,California Department Of Water Resources,discrete_grab,unknown,,discrete,monthly,36.8369,-120.5014,18040001,Middle San Joaquin-Lower Chowchilla,180400012001,,,,,False,11,2002-07-30,2002-11-21,2002-11-21,23.8,False,"core,extended_wq,major_ions","alkalinity,boron,calcium,chloride,magnesium,ph,potassium,sodium,specific_conductance,sulfate,water_temperature",https://www.waterqualitydata.us/provider/STORET/CALWR_WQX/CALWR_WQX-BVS6001/
wqp:CALWR_WQX-BVS7007,T.D. BVS7007,wqp,1,wqp:CALWR_WQX-BVS7007,California Department Of Water Resources,discrete_grab,unknown,,discrete,monthly,36.850833,-120.513361,18040001,Middle San Joaquin-Lower Chowchilla,180400012001,,,,,False,13,2002-07-30,2002-09-10,2002-09-10,24.0,False,"core,extended_wq,major_ions","alkalinity,boron,calcium,chloride,magnesium,nitrate,ph,potassium,selenium,sodium,specific_conductance,sulfate,water_temperature",https://www.waterqualitydata.us/provider/STORET/CALWR_WQX/CALWR_WQX-BVS7007/
wqp:CALWR_WQX-BVS8110,T.D. BVS8110,wqp,1,wqp:CALWR_WQX-BVS8110,California Department Of Water Resources,discrete_grab,unknown,,discrete,monthly,36.8675,-120.5169,18040001,Middle San Joaquin-Lower Chowchilla,180400012001,,,,,False,11,2002-07-30,2002-09-10,2002-09-10,24.0,False,"core,extended_wq,major_ions","alkalinity,boron,calcium,chloride,nitrate,ph,selenium,sodium,specific_conductance,sulfate,water_temperature",https://www.waterqualitydata.us/provider/STORET/CALWR_WQX/CALWR_WQX-BVS8110/
wqp:CALWR_WQX-FBH3236,T.D. FBH3236,wqp,1,wqp:CALWR_WQX-FBH3236,California Department Of Water Resources,discrete_grab,unknown,,discrete,monthly,36.7964,-120.4392,18040001,Middle San Joaquin-Lower Chowchilla,180400012001,,,,,False,10,2002-07-30,2002-09-10,2002-09-10,24.0,False,"core,extended_wq,major_ions","boron,calcium,chloride,magnesium,nitrate,ph,selenium,specific_conductance,sulfate,total_dissolved_solids",https://www.waterqualitydata.us/provider/STORET/CALWR_WQX/CALWR_WQX-FBH3236/
wqp:CALWR_WQX-OAS0364,T.D. OAS0364,wqp,1,wqp:CALWR_WQX-OAS0364,California Department Of Water Resources,discrete_grab,unknown,,discrete,quarterly,36.879778,-120.617639,18040001,Middle San Joaquin-Lower Chowchilla,180400012003,,,,,False,10,2002-07-29,2002-11-21,2002-11-21,23.8,False,"core,extended_wq,major_ions","alkalinity,boron,chloride,magnesium,nitrate,ph,selenium,specific_conductance,sulfate,water_temperature",https://www.waterqualitydata.us/provider/STORET/CALWR_WQX/CALWR_WQX-OAS0364/
wqp:CALWR_WQX-OAS2548,T.D. OAS2548,wqp,1,wqp:CALWR_WQX-OAS2548,California Department Of Water Resources,discrete_grab,unknown,,discrete,monthly,36.912778,-120.585528,18040001,Middle San Joaquin-Lower Chowchilla,180400012002,,,,,False,8,2002-07-29,2002-09-09,2002-09-09,24.0,False,"core,extended_wq,major_ions","chloride,magnesium,ph,potassium,selenium,sodium,specific_conductance,water_temperature",https://www.waterqualitydata.us/provider/STORET/CALWR_WQX/CALWR_WQX-OAS2548/
wqp:CALWR_WQX-BVS6016,TILE DRAIN BVS6016,wqp,1,wqp:CALWR_WQX-BVS6016,California Department Of Water Resources,discrete_grab,drain,,discrete,quarterly,36.8355,-120.5307,18040001,Middle San Joaquin-Lower Chowchilla,180400012001,,,,,False,14,1998-03-11,2002-07-30,2002-07-30,24.1,False,"core,extended_wq,major_ions","alkalinity,boron,calcium,chloride,magnesium,nitrate,ph,potassium,selenium,sodium,specific_conductance,sulfate,total_dissolved_solids,water_temperature",https://www.waterqualitydata.us/provider/STORET/CALWR_WQX/CALWR_WQX-BVS6016/
wqp:CALWR_WQX-BVS7402,TILE DRAIN BVS7402,wqp,1,wqp:CALWR_WQX-BVS7402,California Department Of Water Resources,discrete_grab,drain,,discrete,monthly,36.858,-120.5063,18040001,Middle San Joaquin-Lower Chowchilla,180400012001,,,,,False,12,2002-05-07,2002-11-21,2002-11-21,23.8,False,"core,extended_wq,major_ions","boron,calcium,chloride,nitrate,ph,potassium,selenium,sodium,specific_conductance,sulfate,total_dissolved_solids,water_temperature",https://www.waterqualitydata.us/provider/STORET/CALWR_WQX/CALWR_WQX-BVS7402/
wqp:CALWR_WQX-BVS8003,TILE DRAIN BVS8003,wqp,1,wqp:CALWR_WQX-BVS8003,California Department Of Water Resources,discrete_grab,drain,,discrete,quarterly,36.8825,-120.507389,18040001,Middle San Joaquin-Lower Chowchilla,180400012001,,,,,False,14,1998-03-11,2002-09-10,2002-09-10,24.0,False,"core,extended_wq,major_ions","alkalinity,boron,calcium,chloride,magnesium,nitrate,ph,potassium,selenium,sodium,specific_conductance,sulfate,total_dissolved_solids,water_temperature",https://www.waterqualitydata.us/provider/STORET/CALWR_WQX/CALWR_WQX-BVS8003/
wqp:CALWR_WQX-CTL3728,TILE DRAIN CTL3728,wqp,1,wqp:CALWR_WQX-CTL3728,California Department Of Water Resources,discrete_grab,drain,,discrete,monthly,36.931944,-120.801028,18040001,Middle San Joaquin-Lower Chowchilla,180400011305,,,,,False,7,2002-07-29,2002-09-09,2002-09-09,24.0,False,"core,extended_wq,major_ions","alkalinity,boron,chloride,magnesium,ph,selenium,total_dissolved_solids",https://www.waterqualitydata.us/provider/STORET/CALWR_WQX/CALWR_WQX-CTL3728/
wqp:CALWR_WQX-DPS1367,TILE DRAIN DPS1367,wqp,1,wqp:CALWR_WQX-DPS1367,California Department Of Water Resources,discrete_grab,drain,,discrete,quarterly,36.893944,-120.747694,18040001,Middle San Joaquin-Lower Chowchilla,180400011304,,,,,False,14,1998-03-11,2002-11-20,2002-11-20,23.8,False,"core,extended_wq,major_ions","alkalinity,boron,calcium,chloride,magnesium,nitrate,ph,potassium,selenium,sodium,specific_conductance,sulfate,total_dissolved_solids,water_temperature",https://www.waterqualitydata.us/provider/STORET/CALWR_WQX/CALWR_WQX-DPS1367/
wqp:CALWR_WQX-DPS2535,TILE DRAIN DPS2535,wqp,1,wqp:CALWR_WQX-DPS2535,California Department Of Water Resources,discrete_grab,drain,,discrete,quarterly,36.9111,-120.6913,18040001,Middle San Joaquin-Lower Chowchilla,180400012003,,,,,False,14,1998-05-20,2002-09-09,2002-09-09,24.0,False,"core,extended_wq,major_ions","alkalinity,boron,calcium,chloride,magnesium,nitrate,ph,potassium,selenium,sodium,specific_conductance,sulfate,total_dissolved_solids,water_temperature",https://www.waterqualitydata.us/provider/STORET/CALWR_WQX/CALWR_WQX-DPS2535/
wqp:CALWR_WQX-DPS3465,TILE DRAIN DPS3465,wqp,1,wqp:CALWR_WQX-DPS3465,California Department Of Water Resources,discrete_grab,drain,,discrete,quarterly,36.924556,-120.746667,18040001,Middle San Joaquin-Lower Chowchilla,180400011304,,,,,False,14,1998-03-11,2002-09-09,2002-09-09,24.0,False,"core,extended_wq,major_ions","alkalinity,boron,calcium,chloride,magnesium,nitrate,ph,potassium,selenium,sodium,specific_conductance,sulfate,total_dissolved_solids,water_temperature",https://www.waterqualitydata.us/provider/STORET/CALWR_WQX/CALWR_WQX-DPS3465/
wqp:CALWR_WQX-DPS4616,TILE DRAIN DPS4616,wqp,1,wqp:CALWR_WQX-DPS4616,California Department Of Water Resources,discrete_grab,drain,,discrete,quarterly,36.9416,-120.6549,18040001,Middle San Joaquin-Lower Chowchilla,180400012003,,,,,False,13,1998-03-11,2002-11-20,2002-11-20,23.8,False,"core,extended_wq,major_ions","alkalinity,boron,calcium,chloride,magnesium,nitrate,ph,potassium,selenium,sodium,specific_conductance,sulfate,total_dissolved_solids",https://www.waterqualitydata.us/provider/STORET/CALWR_WQX/CALWR_WQX-DPS4616/
wqp:CALWR_WQX-FBH2016,TILE DRAIN FBH2016,wqp,1,wqp:CALWR_WQX-FBH2016,California Department Of Water Resources,discrete_grab,drain,,discrete,quarterly,36.7774,-120.4054,18040001,Middle San Joaquin-Lower Chowchilla,180400012001,,,,,False,14,1998-05-20,2002-11-21,2002-11-21,23.8,False,"core,extended_wq,major_ions","alkalinity,boron,calcium,chloride,magnesium,nitrate,ph,potassium,selenium,sodium,specific_conductance,sulfate,total_dissolved_solids,water_temperature",https://www.waterqualitydata.us/provider/STORET/CALWR_WQX/CALWR_WQX-FBH2016/
wqp:CALWR_WQX-FBH4045,TILE DRAIN FBH4045,wqp,1,wqp:CALWR_WQX-FBH4045,California Department Of Water Resources,discrete_grab,drain,,discrete,quarterly,36.8063,-120.4557,18040001,Middle San Joaquin-Lower Chowchilla,180400012001,,,,,False,13,2002-05-07,2002-11-21,2002-11-21,23.8,False,"core,extended_wq,major_ions","alkalinity,boron,chloride,magnesium,nitrate,ph,potassium,selenium,sodium,specific_conductance,sulfate,total_dissolved_solids,water_temperature",https://www.waterqualitydata.us/provider/STORET/CALWR_WQX/CALWR_WQX-FBH4045/
wqp:CALWR_WQX-FBH5056,TILE DRAIN FBH5056,wqp,1,wqp:CALWR_WQX-FBH5056,California Department Of Water Resources,discrete_grab,drain,,discrete,quarterly,36.8213,-120.4768,18040001,Middle San Joaquin-Lower Chowchilla,180400012001,,,,,False,12,2002-05-07,2002-09-10,2002-09-10,24.0,False,"core,extended_wq,major_ions","alkalinity,boron,calcium,chloride,magnesium,ph,potassium,selenium,sodium,specific_conductance,total_dissolved_solids,water_temperature",https://www.waterqualitydata.us/provider/STORET/CALWR_WQX/CALWR_WQX-FBH5056/
wqp:CALWR_WQX-FBH8061,TILE DRAIN FBH8061,wqp,1,wqp:CALWR_WQX-FBH8061,California Department Of Water Resources,discrete_grab,drain,,discrete,quarterly,36.865444,-120.486889,18040001,Middle San Joaquin-Lower Chowchilla,180400012001,,,,,False,14,1998-03-11,2002-11-21,2002-11-21,23.8,False,"core,extended_wq,major_ions","alkalinity,boron,calcium,chloride,magnesium,nitrate,ph,potassium,selenium,sodium,specific_conductance,sulfate,total_dissolved_solids,water_temperature",https://www.waterqualitydata.us/provider/STORET/CALWR_WQX/CALWR_WQX-FBH8061/
wqp:CALWR_WQX-HMH7016,TILE DRAIN HMH7016,wqp,1,wqp:CALWR_WQX-HMH7016,California Department Of Water Resources,discrete_grab,drain,,discrete,monthly,36.8499,-120.6546,18040001,Middle San Joaquin-Lower Chowchilla,180400012003,,,,,False,7,2002-07-29,2002-09-09,2002-09-09,24.0,False,"core,extended_wq,major_ions","boron,calcium,nitrate,potassium,selenium,specific_conductance,total_dissolved_solids",https://www.waterqualitydata.us/provider/STORET/CALWR_WQX/CALWR_WQX-HMH7016/
wqp:CALWR_WQX-HMH7516,TILE DRAIN HMH7516,wqp,1,wqp:CALWR_WQX-HMH7516,California Department Of Water Resources,discrete_grab,drain,,discrete,quarterly,36.8577,-120.6549,18040001,Middle San Joaquin-Lower Chowchilla,180400012003,,,,,False,14,1998-03-11,2002-11-21,2002-11-21,23.8,False,"core,extended_wq,major_ions","alkalinity,boron,calcium,chloride,magnesium,nitrate,ph,potassium,selenium,sodium,specific_conductance,sulfate,total_dissolved_solids,water_temperature",https://www.waterqualitydata.us/provider/STORET/CALWR_WQX/CALWR_WQX-HMH7516/
wqp:CEDEN-535MER576,Turner Slough at Fourth Ave.,"ceden,wqp",2,ceden:535MER576;wqp:CEDEN-535MER576,California State Water Resources Control Board,discrete_grab,natural,,discrete,monthly,37.3206,-120.889,18040001,Middle San Joaquin-Lower Chowchilla,180400012103,,,,,False,15,2000-12-28,2005-11-29,2005-11-29,20.8,False,"core,extended_wq,major_ions","alkalinity,ammonia,boron,calcium,magnesium,organic_carbon,ph,phosphorus,potassium,selenium,sodium,specific_conductance,suspended_solids,total_dissolved_solids,water_temperature",https://www.waterqualitydata.us/provider/STORET/CEDEN/CEDEN-535MER576/
ceden:541XTSAER,Turner Slough near Edminster Road,ceden,1,ceden:541XTSAER,CEDEN contributing programs,discrete_grab,natural,,discrete,monthly,37.3041,-120.9008,18040001,Middle San Joaquin-Lower Chowchilla,180400012103,,,,,False,4,2004-07-13,2014-05-13,2014-05-13,12.4,False,"core,extended_wq,major_ions","boron,ph,selenium,water_temperature",https://ceden.waterboards.ca.gov/AdvancedQueryTool
ceden:535XUDAHO,Unnamed Drain @ Hwy 140,ceden,1,ceden:535XUDAHO,CEDEN contributing programs,discrete_grab,drain,,discrete,monthly,37.313306,-120.892176,18040001,Middle San Joaquin-Lower Chowchilla,180400012103,,,,,False,4,2013-01-08,2022-07-13,2022-07-13,4.2,False,"core,extended_wq,major_ions","boron,ph,selenium,water_temperature",https://ceden.waterboards.ca.gov/AdvancedQueryTool
usgs:USGS-11258900,WF CHOWCHILLA R NR MARIPOSA CA,"dwr_wdl,usgs,wqp",3,dwr_wdl:B64300;usgs:USGS-11258900;wqp:CALWR_WQX-B6430000,U.S. Geological Survey,streamgage,natural,,continuous,sub-daily,37.420496,-119.87461,18040001,Middle San Joaquin-Lower Chowchilla,180400010501,,,,,False,5,1957-10-01,2001-03-27,2001-03-27,25.5,False,"core,extended_wq,water_balance","discharge,ph,specific_conductance,stage,water_temperature",https://waterdata.usgs.gov/monitoring-location/11258900
usgs:USGS-11262950,WOLF C NR VOLTA CA,usgs,1,usgs:USGS-11262950,U.S. Geological Survey,streamgage,natural,,discrete,annual,37.068,-121.162147,18040001,Middle San Joaquin-Lower Chowchilla,180400011202,,,,,False,2,1959-02-21,1968-01-09,1968-01-09,58.7,False,water_balance,"discharge,stage",https://waterdata.usgs.gov/monitoring-location/11262950
ceden:541CC0183,West San Juan Drain #1 W of Carlucci Road,ceden,1,ceden:541CC0183,CEDEN contributing programs,discrete_grab,drain,,discrete,unknown,37.10599,-120.6829,18040001,Middle San Joaquin-Lower Chowchilla,180400012005,,,,,False,2,2007-06-11,2007-06-11,2007-06-11,19.3,False,"core,extended_wq","ph,water_temperature",https://ceden.waterboards.ca.gov/AdvancedQueryTool
ceden:544L12156,Yosemite Lake 544L12156,ceden,1,ceden:544L12156,CEDEN contributing programs,discrete_grab,reservoir,,discrete,unknown,37.37849,-120.4299,18040001,Middle San Joaquin-Lower Chowchilla,180400011402,,,,,False,2,2012-06-18,2012-06-18,2012-06-18,14.3,False,"core,major_ions","chloride,sulfate",https://ceden.waterboards.ca.gov/AdvancedQueryTool
wqp:USGS-373617121103902,004S007E10H002M,wqp,1,wqp:USGS-373617121103902,U.S. Geological Survey,discrete_grab,groundwater,,discrete,unknown,37.604778,-121.177611,18040002,Lower San Joaquin River,180400020405,,,San Joaquin River,19.2,False,1,2008-12-10,2008-12-10,2008-12-10,17.8,False,core,chloride,https://www.waterqualitydata.us/provider/USGS/USGS/USGS-373617121103902/
wqp:USGS-373351121032301,004S008E26B003M,wqp,1,wqp:USGS-373351121032301,U.S. Geological Survey,groundwater_well,groundwater,,discrete,unknown,37.564186,-121.057347,18040002,Lower San Joaquin River,180400020403,,,,,False,1,2002-07-08,2002-07-08,2002-07-08,24.2,False,extended_wq,ammonia,https://www.waterqualitydata.us/provider/USGS/USGS/USGS-373351121032301/
wqp:USGS-373227121041801,004S008E34K001M,wqp,1,wqp:USGS-373227121041801,U.S. Geological Survey,groundwater_well,groundwater,,discrete,unknown,37.540944,-121.071917,18040002,Lower San Joaquin River,180400020403,,,,,False,2,2014-07-08,2020-11-19,2020-11-19,5.8,False,core,"chloride,total_dissolved_solids",https://www.waterqualitydata.us/provider/USGS/USGS/USGS-373227121041801/
wqp:USGS-373500120510001,004S010E10K001M,wqp,1,wqp:USGS-373500120510001,U.S. Geological Survey,groundwater_well,groundwater,,discrete,unknown,37.598611,-120.853667,18040002,Lower San Joaquin River,180400020404,,,,,False,1,2006-03-21,2006-03-21,2006-03-21,20.5,False,major_ions,potassium,https://www.waterqualitydata.us/provider/USGS/USGS/USGS-373500120510001/
wqp:USGS-372937121044602,005S008E15M006M,wqp,1,wqp:USGS-372937121044602;wqp:USGS-372940121044301,U.S. Geological Survey,groundwater_well,groundwater,,discrete,unknown,37.493544,-121.080489,18040002,Lower San Joaquin River,180400020403,,,San Joaquin River,46.6,False,2,2007-02-21,2008-12-10,2008-12-10,17.8,False,"core,major_ions","hardness,water_temperature",https://www.waterqualitydata.us/provider/USGS/USGS/USGS-372937121044602/
wqp:USGS-372948120472801,005S011E17M001M,wqp,1,wqp:USGS-372948120472801,U.S. Geological Survey,groundwater_well,groundwater,,discrete,unknown,37.496806,-120.791222,18040002,Lower San Joaquin River,180400020205,,,,,False,1,2021-01-26,2021-01-26,2021-01-26,5.7,False,major_ions,magnesium,https://www.waterqualitydata.us/provider/USGS/USGS/USGS-372948120472801/
wqp:USGS-372746120443601,005S011E34B001M,wqp,1,wqp:USGS-372746120443601,U.S. Geological Survey,groundwater_well,groundwater,,discrete,unknown,37.462386,-120.744764,18040002,Lower San Joaquin River,180400020205,,,,,False,1,2003-10-30,2003-10-30,2003-10-30,22.9,False,major_ions,hardness,https://www.waterqualitydata.us/provider/USGS/USGS/USGS-372746120443601/
wqp:USGS-372554121004802,006S009E07A006M,wqp,1,wqp:USGS-372554121004802;wqp:USGS-372556121004201;wqp:USGS-372556121004202,U.S. Geological Survey,discrete_grab,groundwater,,discrete,unknown,37.431694,-121.013333,18040002,Lower San Joaquin River,180400020205,,,San Joaquin River,60.0,False,6,2007-04-26,2008-12-10,2008-12-10,17.8,False,"core,extended_wq,major_ions","ammonia,calcium,chloride,ph,potassium,water_temperature",https://www.waterqualitydata.us/provider/USGS/USGS/USGS-372554121004802/
wqp:USGS-372545121004801,006S009E07H001M,wqp,1,wqp:USGS-372545121004801;wqp:USGS-372545121004802,U.S. Geological Survey,groundwater_well,groundwater,,discrete,unknown,37.4305,-121.014194,18040002,Lower San Joaquin River,180400020205,,,San Joaquin River,60.1,False,3,2007-08-28,2008-08-05,2008-08-05,18.1,False,"core,extended_wq,major_ions","dissolved_oxygen,specific_conductance,sulfate",https://www.waterqualitydata.us/provider/USGS/USGS/USGS-372545121004801/
wqp:USGS-372617120530201,006S010E04M001M,wqp,1,wqp:USGS-372617120530201,U.S. Geological Survey,groundwater_well,groundwater,,discrete,unknown,37.438389,-120.885083,18040002,Lower San Joaquin River,180400020205,,,,,False,1,2002-07-11,2002-07-11,2002-07-11,24.2,False,major_ions,magnesium,https://www.waterqualitydata.us/provider/USGS/USGS/USGS-372617120530201/
wqp:USGS-372351120480102,006S011E19H004M,wqp,1,wqp:USGS-372351120480102;wqp:USGS-372351120480131,U.S. Geological Survey,groundwater_well,groundwater,,discrete,unknown,37.397369,-120.800353,18040002,Lower San Joaquin River,180400020202,,,,,False,2,2004-04-21,2004-08-04,2004-08-04,22.1,False,"core,major_ions","hardness,specific_conductance",https://www.waterqualitydata.us/provider/USGS/USGS/USGS-372351120480102/
wqp:USGS-372101120583501,007S009E04J007M,wqp,1,wqp:USGS-372101120583501;wqp:USGS-372101120583502,U.S. Geological Survey,groundwater_well,groundwater,,discrete,unknown,37.350215,-120.977428,18040002,Lower San Joaquin River,180400020202,,,San Joaquin River,77.2,False,2,2006-09-05,2008-02-12,2008-02-12,18.6,False,"core,extended_wq","organic_carbon,specific_conductance",https://www.waterqualitydata.us/provider/USGS/USGS/USGS-372101120583501/
wqp:CALWR_WQX-04S06E09D001M,04S06E09D001M,wqp,1,wqp:CALWR_WQX-04S06E09D001M,California Department Of Water Resources,discrete_grab,groundwater,,discrete,irregular,37.605,-121.3283,18040002,Lower San Joaquin River,180400020502,,,,,False,12,1999-08-12,2001-08-09,2001-08-09,25.1,False,"core,extended_wq,major_ions","alkalinity,boron,calcium,chloride,magnesium,nitrate,ph,potassium,sodium,specific_conductance,sulfate,total_dissolved_solids",https://www.waterqualitydata.us/provider/STORET/CALWR_WQX/CALWR_WQX-04S06E09D001M/
wqp:CALWR_WQX-05N05W28R001M,05N05W28R001M,wqp,1,wqp:CALWR_WQX-05N05W28R001M,California Department Of Water Resources,discrete_grab,groundwater,,discrete,irregular,37.2445,-121.4127,18040002,Lower San Joaquin River,180400020101,,,,,False,3,1998-08-24,2002-08-27,2002-08-27,24.1,False,"core,extended_wq","ph,specific_conductance,water_temperature",https://www.waterqualitydata.us/provider/STORET/CALWR_WQX/CALWR_WQX-05N05W28R001M/
ceden:535XARDCL,August Road Drain upstream of Crows Landing Bridge (Hogin Rd),ceden,1,ceden:535XARDCL,CEDEN contributing programs,discrete_grab,drain,,discrete,monthly,37.43113,-120.99371,18040002,Lower San Joaquin River,180400020205,,,,,False,2,2004-07-31,2004-09-29,2004-09-29,22.0,False,"core,extended_wq","ph,water_temperature",https://ceden.waterboards.ca.gov/AdvancedQueryTool
ceden:541STC531,Blewitt MWC Drain at Hwy 132,ceden,1,ceden:541STC531;ceden:541XVH132,CEDEN contributing programs,discrete_grab,drain,,discrete,monthly,37.6399,-121.2297,18040002,Lower San Joaquin River,180400020503,,,San Joaquin River,8.2,False,4,2004-11-03,2025-02-05,2025-02-05,1.6,True,"core,extended_wq,major_ions","boron,ph,selenium,water_temperature",https://ceden.waterboards.ca.gov/AdvancedQueryTool
ceden:541STC522,CCID Main Canal @ JT Crow Rd.,ceden,1,ceden:541STC522,CEDEN contributing programs,discrete_grab,conveyance,diversion,discrete,quarterly,37.36778,-121.05088,18040002,Lower San Joaquin River,180400020202,,,,,False,2,2004-11-03,2012-01-06,2012-01-06,14.7,False,"core,extended_wq","ph,water_temperature",https://ceden.waterboards.ca.gov/AdvancedQueryTool
wqp:USGS-373115120382801,CULVERT DISCHARGE TO MUSTANG C A MONTE VISTA AVE,wqp,1,wqp:USGS-373115120382801,U.S. Geological Survey,discrete_grab,natural,,discrete,unknown,37.520833,-120.641111,18040002,Lower San Joaquin River,180400020201,,,,,False,1,2004-02-02,2004-02-02,2004-02-02,22.6,False,extended_wq,suspended_solids,https://www.waterqualitydata.us/provider/USGS/USGS/USGS-373115120382801/
ceden:535XSSJ22,Ceres Main Canal at Faith Home and Hatch Road,ceden,1,ceden:535XSSJ22,CEDEN contributing programs,discrete_grab,conveyance,diversion,discrete,monthly,37.609,-120.92043,18040002,Lower San Joaquin River,180400020404,,,,,False,4,2007-08-22,2007-11-29,2007-11-29,18.8,False,"core,extended_wq,major_ions","boron,ph,selenium,water_temperature",https://ceden.waterboards.ca.gov/AdvancedQueryTool
esmr:739098,City of Modesto WQCF RSW-004,esmr,1,esmr:739098,City of Modesto WQCF,receiving_water,receiving_water,,discrete,monthly,37.561944,-121.152222,18040002,Lower San Joaquin River,180400020405,San Joaquin River,,San Joaquin River,32.1,False,7,2011-02-18,2017-07-27,2017-07-27,9.2,False,"core,extended_wq","ammonia,dissolved_oxygen,ph,specific_conductance,total_dissolved_solids,turbidity,water_temperature",https://ciwqs.waterboards.ca.gov/ciwqs/readOnly/CiwqsReportServlet?inCommand=reset&reportName=esmrAnalyticalData
ceden:535OAKCTP,Coulter Pond,ceden,1,ceden:535OAKCTP,CEDEN contributing programs,discrete_grab,unknown,,discrete,quarterly,37.544167,-120.823056,18040002,Lower San Joaquin River,180400020403,,,,,False,2,2004-06-23,2008-10-06,2008-10-06,18.0,False,"core,extended_wq","ph,water_temperature",https://ceden.waterboards.ca.gov/AdvancedQueryTool
usgs:USGS-11274630,DEL PUERTO C NR PATTERSON CA,usgs,1,usgs:USGS-11274630,U.S. Geological Survey,streamgage,natural,,continuous,sub-daily,37.486572,-121.209064,18040002,Lower San Joaquin River,180400020302,,,,,False,2,1959-02-16,2026-08-20,2026-08-20,0.1,True,water_balance,"discharge,stage",https://waterdata.usgs.gov/monitoring-location/11274630
usgs:USGS-11274600,DEL PUERTO C TRIB 1 NR PATTERSON CA,usgs,1,usgs:USGS-11274600,U.S. Geological Survey,streamgage,natural,,continuous,daily,37.404102,-121.437162,18040002,Lower San Joaquin River,180400020301,,,,,False,2,1959-02-16,1972-11-16,1972-11-16,53.8,False,water_balance,"discharge,stage",https://waterdata.usgs.gov/monitoring-location/11274600
usgs:USGS-11274610,DEL PUERTO C TRIB 2 NR PATTERSON CA,usgs,1,usgs:USGS-11274610,U.S. Geological Survey,streamgage,natural,,continuous,daily,37.423545,-121.342715,18040002,Lower San Joaquin River,180400020302,,,,,False,2,1958-10-01,1969-01-26,1969-01-26,57.6,False,water_balance,"discharge,stage",https://waterdata.usgs.gov/monitoring-location/11274610
cdec:DPC,DEL PUERTO CK - USGS,cdec,1,cdec:DPC,US Geological Survey,continuous_sonde,natural,,continuous,sub-daily,37.4867,-121.2081,18040002,Lower San Joaquin River,180400020302,SAN JOAQUIN RIVER,,,,False,3,2004-11-02,2026-09-21,2026-09-21,0.0,True,"core,water_balance","specific_conductance,stage,water_temperature",https://cdec.water.ca.gov/dynamicapp/staMeta?station_id=DPC
ceden:542DPCDPC,Del Puerto Creek,ceden,1,ceden:542DPCDPC;ceden:542STC527,CEDEN contributing programs,discrete_grab,natural,,discrete,quarterly,37.42083,-121.37347,18040002,Lower San Joaquin River,180400020301,,,,,False,4,2004-11-02,2010-09-07,2010-09-07,16.0,False,"core,extended_wq,major_ions","chloride,ph,sulfate,water_temperature",https://ceden.waterboards.ca.gov/AdvancedQueryTool
ceden:542STC526,Del Puerto Creek @ Del Puerto Rd mi 13.6,ceden,1,ceden:542STC526,CEDEN contributing programs,discrete_grab,natural,,discrete,monthly,37.42447,-121.34285,18040002,Lower San Joaquin River,180400020302,,,,,False,2,2004-12-08,2005-11-15,2005-11-15,20.8,False,"core,extended_wq","ph,water_temperature",https://ceden.waterboards.ca.gov/AdvancedQueryTool
ceden:542STC525,Del Puerto Creek @ Del Puerto Rd mi 3.9,ceden,1,ceden:542STC525,CEDEN contributing programs,discrete_grab,natural,,discrete,quarterly,37.47247,-121.24069,18040002,Lower San Joaquin River,180400020302,,,,,False,2,2004-11-02,2010-10-21,2010-10-21,15.9,False,"core,extended_wq","ph,water_temperature",https://ceden.waterboards.ca.gov/AdvancedQueryTool
ceden:541STC523,Del Puerto Creek @ Hwy 33,ceden,1,ceden:541STC523;ceden:541XDPCHW;ceden:541XNSJ17,CEDEN contributing programs,discrete_grab,natural,,discrete,monthly,37.51382,-121.15986,18040002,Lower San Joaquin River,180400020302,,,,,False,4,2004-07-06,2024-11-25,2024-11-25,1.8,True,"core,extended_wq,major_ions","boron,ph,selenium,water_temperature",https://ceden.waterboards.ca.gov/AdvancedQueryTool
ceden:541STC524,Del Puerto Creek @ Rogers,ceden,1,ceden:541STC524;ceden:541XSED45,CEDEN contributing programs,discrete_grab,natural,,discrete,monthly,37.49903,-121.17733,18040002,Lower San Joaquin River,180400020302,,,,,False,2,2005-01-04,2005-12-07,2005-12-07,20.8,False,"core,extended_wq","ph,water_temperature",https://ceden.waterboards.ca.gov/AdvancedQueryTool
ceden:541XSED47,Del Puerto Creek at DP Canyon,ceden,1,ceden:541XSED47,CEDEN contributing programs,discrete_grab,natural,,discrete,unknown,37.47398,-121.23623,18040002,Lower San Joaquin River,180400020302,,,,,False,2,2005-12-07,2005-12-07,2005-12-07,20.8,False,"core,extended_wq","ph,water_temperature",https://ceden.waterboards.ca.gov/AdvancedQueryTool
ceden:541XSED44,Del Puerto Creek at Frank Cox Road,ceden,1,ceden:541XSED44,CEDEN contributing programs,discrete_grab,natural,,discrete,unknown,37.5313,-121.13805,18040002,Lower San Joaquin River,180400020302,,,,,False,2,2005-12-07,2005-12-07,2005-12-07,20.8,False,"core,extended_wq","ph,water_temperature",https://ceden.waterboards.ca.gov/AdvancedQueryTool
ceden:541XSED41,Del Puerto Creek at Loquat #1,ceden,1,ceden:541XSED41;ceden:541XSED42,CEDEN contributing programs,discrete_grab,natural,,discrete,unknown,37.53856,-121.12389,18040002,Lower San Joaquin River,180400020302,,,,,False,2,2005-12-07,2005-12-07,2005-12-07,20.8,False,"core,extended_wq","ph,water_temperature",https://ceden.waterboards.ca.gov/AdvancedQueryTool
wqp:CEDEN-541STC516,Del Puerto Creek at Vineyard Avenue,"ceden,wqp",2,ceden:541STC516;ceden:541XSED43;wqp:CEDEN-541STC516,California State Water Resources Control Board,discrete_grab,natural,,discrete,monthly,37.5214,-121.149,18040002,Lower San Joaquin River,180400020302,,,,,False,16,2000-10-24,2025-08-26,2025-08-26,1.1,True,"core,extended_wq,major_ions","alkalinity,ammonia,boron,calcium,dissolved_oxygen,magnesium,organic_carbon,ph,phosphorus,potassium,selenium,sodium,specific_conductance,suspended_solids,total_dissolved_solids,water_temperature",https://www.waterqualitydata.us/provider/STORET/CEDEN/CEDEN-541STC516/
ceden:541XSED46,Del Puerto Creek at Zacharins Road,ceden,1,ceden:541XSED46,CEDEN contributing programs,discrete_grab,natural,,discrete,unknown,37.49394,-121.19386,18040002,Lower San Joaquin River,180400020302,,,,,False,2,2005-12-07,2005-12-07,2005-12-07,20.8,False,"core,extended_wq","ph,water_temperature",https://ceden.waterboards.ca.gov/AdvancedQueryTool
ceden:541XDPCCR,Del Puerto Creek near Cox Road (WSJRWC),ceden,1,ceden:541XDPCCR,CEDEN contributing programs,discrete_grab,natural,,discrete,monthly,37.534106,-121.128305,18040002,Lower San Joaquin River,180400020302,,,,,False,4,2004-07-06,2025-02-05,2025-02-05,1.6,True,"core,extended_wq,major_ions","boron,ph,selenium,water_temperature",https://ceden.waterboards.ca.gov/AdvancedQueryTool
ceden:541XDMCDP,Delta Mendota Canal at DPWD,ceden,1,ceden:541XDMCDP,CEDEN contributing programs,discrete_grab,conveyance,import,discrete,monthly,37.435752,-121.13308,18040002,Lower San Joaquin River,180400020205,,,,,False,4,2005-08-09,2024-05-14,2024-05-14,2.4,True,"core,extended_wq,major_ions","boron,ph,selenium,water_temperature",https://ceden.waterboards.ca.gov/AdvancedQueryTool
cdec:EW3,EASTSIDE WELL MW-3,cdec,1,cdec:EW3,Eastside Water District,continuous_sonde,groundwater,,continuous,sub-daily,37.4775,-120.70306,18040002,Lower San Joaquin River,180400020205,MERCED RIVER,,,,False,2,2018-10-25,2026-09-21,2026-09-21,0.0,True,core,"specific_conductance,water_temperature",https://cdec.water.ca.gov/dynamicapp/staMeta?station_id=EW3
dwr_wdl:05S11E26Q003M,ETTSS-04 Middle,dwr_wdl,1,dwr_wdl:05S11E26Q003M;dwr_wdl:05S11E26Q004M,California Department of Water Resources,groundwater_well,groundwater,,continuous,sub-daily,37.463039,-120.726752,18040002,Lower San Joaquin River,180400020205,,NAD83,,,False,1,2025-09-17,2026-08-13,2026-08-13,0.1,True,core,water_temperature,https://wdl.water.ca.gov/WaterDataLibrary/StationDetails.aspx?Station=05S11E26Q003M
wqp:CEDEN-541STC030,Grayson Road Drain at Grayson,"ceden,wqp",2,ceden:541STC030;wqp:CEDEN-541STC030,California State Water Resources Control Board,discrete_grab,drain,,discrete,monthly,37.5619,-121.174,18040002,Lower San Joaquin River,180400020405,,,San Joaquin River,28.1,False,15,2000-10-24,2010-10-21,2010-10-21,15.9,False,"core,extended_wq,major_ions","alkalinity,ammonia,boron,calcium,magnesium,organic_carbon,ph,phosphorus,potassium,selenium,sodium,specific_conductance,suspended_solids,total_dissolved_solids,water_temperature",https://www.waterqualitydata.us/provider/STORET/CEDEN/CEDEN-541STC030/
usgs:USGS-11274560,HARDING DRAIN A CARPENTER RD NR PATTERSON CA,"usgs,wqp",2,usgs:USGS-11274560;wqp:USGS-11274560,U.S. Geological Survey,streamgage,drain,,continuous,daily,37.464379,-121.032154,18040002,Lower San Joaquin River,180400020205,,,San Joaquin River,54.0,False,3,1992-05-17,1994-12-01,1994-12-01,31.8,False,"core,water_balance","discharge,specific_conductance,water_temperature",https://waterdata.usgs.gov/monitoring-location/11274560
cdec:HSP,HOSPITAL CREEK,cdec,1,cdec:HSP,West Stanislaus ID / SJVDA,continuous_sonde,natural,,continuous,sub-daily,37.6105,-121.2308,18040002,Lower San Joaquin River,180400020501,SAN JOAQUIN RIVER,,,,False,4,2004-11-02,2018-10-02,2018-10-02,8.0,False,"core,water_balance","discharge,specific_conductance,stage,water_temperature",https://cdec.water.ca.gov/dynamicapp/staMeta?station_id=HSP
wqp:USGS-372849121040601,HYPORHEIC X-SEC IN SAN JOAQUIN R AT R MILE 100.0,wqp,1,wqp:USGS-372849121040601,U.S. Geological Survey,discrete_grab,groundwater,,discrete,unknown,37.480278,-121.068333,18040002,Lower San Joaquin River,180400020403,,,San Joaquin River,48.7,False,1,2008-08-13,2008-08-13,2008-08-13,18.1,False,major_ions,calcium,https://www.waterqualitydata.us/provider/USGS/USGS/USGS-372849121040601/
wqp:USGS-372547121005001,HYPORHEIC X-SEC IN SAN JOAQUIN R AT R MILE 107.4,wqp,1,wqp:USGS-372547121005001,U.S. Geological Survey,discrete_grab,groundwater,,discrete,unknown,37.429722,-121.013889,18040002,Lower San Joaquin River,180400020205,,,San Joaquin River,60.2,False,1,2008-09-22,2008-09-22,2008-09-22,18.0,False,major_ions,potassium,https://www.waterqualitydata.us/provider/USGS/USGS/USGS-372547121005001/
wqp:USGS-372438120595601,HYPORHEIC X-SEC IN SAN JOAQUIN R AT R MILE 110.0,wqp,1,wqp:USGS-372438120595601,U.S. Geological Survey,discrete_grab,groundwater,,discrete,unknown,37.410556,-120.998889,18040002,Lower San Joaquin River,180400020202,,,San Joaquin River,64.6,False,2,2007-08-28,2008-08-14,2008-08-14,18.1,False,"core,extended_wq","dissolved_oxygen,specific_conductance",https://www.waterqualitydata.us/provider/USGS/USGS/USGS-372438120595601/
wqp:USGS-372151120585101,HYPORHEIC X-SEC IN SAN JOAQUIN R AT R MILE 117.0,wqp,1,wqp:USGS-372151120585101,U.S. Geological Survey,discrete_grab,groundwater,,discrete,unknown,37.364167,-120.980833,18040002,Lower San Joaquin River,180400020202,,,San Joaquin River,75.5,False,1,2007-08-23,2007-08-23,2007-08-23,19.1,False,core,chloride,https://www.waterqualitydata.us/provider/USGS/USGS/USGS-372151120585101/
wqp:USGS-372058120583301,HYPORHEIC X-SEC IN SAN JOAQUIN R AT R MILE 118.1,wqp,1,wqp:USGS-372058120583301,U.S. Geological Survey,discrete_grab,groundwater,,discrete,unknown,37.349444,-120.975833,18040002,Lower San Joaquin River,180400020202,,,San Joaquin River,77.4,False,1,2008-09-22,2008-09-22,2008-09-22,18.0,False,core,specific_conductance,https://www.waterqualitydata.us/provider/USGS/USGS/USGS-372058120583301/
wqp:USGS-373920121142301,HYPORHEIC X-SEC IN SAN JOAQUIN R AT R MILE 75.7,wqp,1,wqp:USGS-373920121142301,U.S. Geological Survey,discrete_grab,groundwater,,discrete,unknown,37.655556,-121.239722,18040002,Lower San Joaquin River,180400020503,,,San Joaquin River,5.4,False,2,2008-08-21,2008-08-21,2008-08-21,18.1,False,"core,major_ions","calcium,specific_conductance",https://www.waterqualitydata.us/provider/USGS/USGS/USGS-373920121142301/
wqp:USGS-373816121114301,HYPORHEIC X-SEC IN SAN JOAQUIN R AT R MILE 80.45,wqp,1,wqp:USGS-373816121114301,U.S. Geological Survey,discrete_grab,groundwater,,discrete,unknown,37.637778,-121.195278,18040002,Lower San Joaquin River,180400020503,,,San Joaquin River,13.2,False,1,2009-06-18,2009-06-18,2009-06-18,17.3,False,extended_wq,dissolved_oxygen,https://www.waterqualitydata.us/provider/USGS/USGS/USGS-373816121114301/
wqp:USGS-373622121103501,HYPORHEIC X-SEC IN SAN JOAQUIN R AT R MILE 83.9,wqp,1,wqp:USGS-373622121103501,U.S. Geological Survey,discrete_grab,groundwater,,discrete,unknown,37.606111,-121.176389,18040002,Lower San Joaquin River,180400020405,,,San Joaquin River,18.8,False,1,2008-09-24,2008-09-24,2008-09-24,18.0,False,major_ions,sulfate,https://www.waterqualitydata.us/provider/USGS/USGS/USGS-373622121103501/
wqp:USGS-373332121080201,HYPORHEIC X-SEC IN SAN JOAQUIN R AT R MILE 91.1,wqp,1,wqp:USGS-373332121080201,U.S. Geological Survey,discrete_grab,groundwater,,discrete,unknown,37.558889,-121.133889,18040002,Lower San Joaquin River,180400020405,,,San Joaquin River,35.2,False,1,2007-09-05,2007-09-05,2007-09-05,19.0,False,major_ions,sulfate,https://www.waterqualitydata.us/provider/USGS/USGS/USGS-373332121080201/
wqp:USGS-373059121055101,HYPORHEIC X-SEC IN SAN JOAQUIN R AT R MILE 96.0,wqp,1,wqp:USGS-373059121055101,U.S. Geological Survey,discrete_grab,groundwater,,discrete,unknown,37.516389,-121.0975,18040002,Lower San Joaquin River,180400020403,,,San Joaquin River,43.3,False,1,2008-08-14,2008-08-14,2008-08-14,18.1,False,major_ions,calcium,https://www.waterqualitydata.us/provider/USGS/USGS/USGS-373059121055101/
wqp:USGS-372938121045101,HYPORHEIC X-SEC IN SAN JOAQUIN R AT R MILE 98.8,wqp,1,wqp:USGS-372938121045101,U.S. Geological Survey,discrete_grab,groundwater,,discrete,unknown,37.493889,-121.080833,18040002,Lower San Joaquin River,180400020403,,,San Joaquin River,46.5,False,1,2008-08-14,2008-08-14,2008-08-14,18.1,False,extended_wq,nitrate,https://www.waterqualitydata.us/provider/USGS/USGS/USGS-372938121045101/
ceden:535XHDATR,Hatch Drain @ Tuolumne Rd,ceden,1,ceden:535XHDATR,CEDEN contributing programs,discrete_grab,drain,,discrete,monthly,37.514984,-121.012291,18040002,Lower San Joaquin River,180400020403,,,,,False,4,2007-05-15,2025-07-09,2025-07-09,1.2,True,"core,extended_wq,major_ions","boron,ph,selenium,water_temperature",https://ceden.waterboards.ca.gov/AdvancedQueryTool
ceden:535XHCHNN,Highline Canal @ Hwy 99,ceden,1,ceden:535XHCHNN,CEDEN contributing programs,discrete_grab,conveyance,diversion,discrete,monthly,37.41254,-120.75941,18040002,Lower San Joaquin River,180400020202,,,,,False,4,2005-05-10,2025-09-10,2025-09-10,1.0,True,"core,extended_wq,major_ions","boron,ph,selenium,water_temperature",https://ceden.waterboards.ca.gov/AdvancedQueryTool
ceden:535XHCALR,Highline Canal @ Lombardy Rd,ceden,1,ceden:535XHCALR,CEDEN contributing programs,discrete_grab,conveyance,diversion,discrete,monthly,37.45547,-120.72181,18040002,Lower San Joaquin River,180400020205,,,,,False,4,2005-02-15,2015-09-08,2015-09-08,11.0,False,"core,extended_wq,major_ions","boron,ph,selenium,water_temperature",https://ceden.waterboards.ca.gov/AdvancedQueryTool
ceden:535XHDACA,Hilmar Drain @ Central Ave,ceden,1,ceden:535XHDACA,CEDEN contributing programs,discrete_grab,drain,,discrete,monthly,37.39058,-120.9582,18040002,Lower San Joaquin River,180400020202,,,,,False,4,2005-02-15,2025-08-13,2025-08-13,1.1,True,"core,extended_wq,major_ions","boron,ph,selenium,water_temperature",https://ceden.waterboards.ca.gov/AdvancedQueryTool
ceden:535XHDAMR,Hilmar Drain @ Mitchell Rd,ceden,1,ceden:535XHDAMR,CEDEN contributing programs,discrete_grab,drain,,discrete,weekly,37.39068,-120.94087,18040002,Lower San Joaquin River,180400020202,,,,,False,2,2008-07-22,2008-07-29,2008-07-29,18.1,False,"core,extended_wq","ph,water_temperature",https://ceden.waterboards.ca.gov/AdvancedQueryTool
ceden:535TID32S,Hodges Drop (Ceres Main Drop 32 Spill),ceden,1,ceden:535TID32S,CEDEN contributing programs,discrete_grab,conveyance,return,discrete,unknown,37.46,-120.93,18040002,Lower San Joaquin River,180400020205,,,,,False,2,2004-07-29,2004-07-29,2004-07-29,22.1,False,"core,extended_wq","ph,water_temperature",https://ceden.waterboards.ca.gov/AdvancedQueryTool
ceden:541STC529,Hospital Creek @ Hwy 33,ceden,1,ceden:541STC529,CEDEN contributing programs,discrete_grab,natural,,discrete,monthly,37.60419,-121.25913,18040002,Lower San Joaquin River,180400020501,,,,,False,2,2004-11-16,2005-11-15,2005-11-15,20.8,False,"core,extended_wq","ph,water_temperature",https://ceden.waterboards.ca.gov/AdvancedQueryTool
ceden:541XHCAPS,Hospital Creek at Ponds,ceden,1,ceden:541XHCAPS,CEDEN contributing programs,discrete_grab,natural,,discrete,unknown,37.618917,-121.222139,18040002,Lower San Joaquin River,180400020503,,,,,False,2,2005-08-09,2005-08-09,2005-08-09,21.1,False,"core,extended_wq","ph,water_temperature",https://ceden.waterboards.ca.gov/AdvancedQueryTool
ceden:541XSED12,Hospital Creek at Rd. 33,ceden,1,ceden:541XSED12,CEDEN contributing programs,discrete_grab,natural,,discrete,unknown,37.6123,-121.2597,18040002,Lower San Joaquin River,180400020503,,,,,False,2,2004-08-27,2004-08-27,2004-08-27,22.1,False,"core,extended_wq","ph,water_temperature",https://ceden.waterboards.ca.gov/AdvancedQueryTool
wqp:CEDEN-541STC042,Hospital Creek at River Road,"ceden,wqp",2,ceden:541STC042;wqp:CEDEN-541STC042,California State Water Resources Control Board,discrete_grab,natural,,discrete,monthly,37.6106,-121.229,18040002,Lower San Joaquin River,180400020501,,,,,False,15,2000-10-24,2024-11-25,2024-11-25,1.8,True,"core,extended_wq,major_ions","alkalinity,ammonia,boron,calcium,magnesium,organic_carbon,ph,phosphorus,potassium,selenium,sodium,specific_conductance,suspended_solids,total_dissolved_solids,water_temperature",https://www.waterqualitydata.us/provider/STORET/CEDEN/CEDEN-541STC042/
cdec:ING,INGRAM CREEK,"cdec,ceden,wqp",3,cdec:ING;ceden:541STC040;wqp:CEDEN-541STC040,West Stanislaus ID / SJVDA,continuous_sonde,natural,,continuous,sub-daily,37.6002,-121.2251,18040002,Lower San Joaquin River,180400020502,SAN JOAQUIN RIVER,,,,False,16,2000-10-24,2026-09-21,2026-09-21,0.0,True,"core,extended_wq,major_ions,water_balance","alkalinity,ammonia,boron,calcium,magnesium,organic_carbon,ph,phosphorus,potassium,selenium,sodium,specific_conductance,stage,suspended_solids,total_dissolved_solids,water_temperature",https://cdec.water.ca.gov/dynamicapp/staMeta?station_id=ING
ceden:541STC528,Ingram Creek @ Hwy 33,ceden,1,ceden:541STC528,CEDEN contributing programs,discrete_grab,natural,,discrete,monthly,37.58887,-121.24244,18040002,Lower San Joaquin River,180400020502,,,,,False,2,2005-03-23,2005-09-20,2005-09-20,21.0,False,"core,extended_wq","ph,water_temperature",https://ceden.waterboards.ca.gov/AdvancedQueryTool
ceden:535LTHNKR,Lateral 2 1/2 near Keyes Rd,ceden,1,ceden:535LTHNKR,CEDEN contributing programs,discrete_grab,conveyance,diversion,discrete,monthly,37.54766,-121.08509,18040002,Lower San Joaquin River,180400020403,,,,,False,4,2008-10-21,2025-09-10,2025-09-10,1.0,True,"core,extended_wq,major_ions","boron,ph,selenium,water_temperature",https://ceden.waterboards.ca.gov/AdvancedQueryTool
ceden:535LTAETR,Lateral 3 along East Taylor Rd,ceden,1,ceden:535LTAETR,CEDEN contributing programs,discrete_grab,conveyance,diversion,discrete,monthly,37.53673,-120.9841,18040002,Lower San Joaquin River,180400020403,,,,,False,4,2011-01-18,2012-02-07,2012-02-07,14.6,False,"core,extended_wq,major_ions","boron,ph,selenium,water_temperature",https://ceden.waterboards.ca.gov/AdvancedQueryTool
ceden:535LFHASB,Lateral 5 1/2 @ South Blaker Rd,ceden,1,ceden:535LFHASB,CEDEN contributing programs,discrete_grab,conveyance,diversion,discrete,monthly,37.45827,-120.9673,18040002,Lower San Joaquin River,180400020205,,,,,False,4,2013-10-15,2025-09-10,2025-09-10,1.0,True,"core,extended_wq,major_ions","boron,ph,selenium,water_temperature",https://ceden.waterboards.ca.gov/AdvancedQueryTool
ceden:535TIDL5D,Lateral 5 1/2 Drop 23 (Lower Spill),ceden,1,ceden:535TIDL5D,CEDEN contributing programs,discrete_grab,conveyance,return,discrete,annual,37.449572,-121.008536,18040002,Lower San Joaquin River,180400020205,,,,,False,2,2004-07-14,2008-07-23,2008-07-23,18.2,False,"core,extended_wq","ph,water_temperature",https://ceden.waterboards.ca.gov/AdvancedQueryTool
ceden:535LSSACA,Lateral 6 and 7 @ Central Ave,ceden,1,ceden:535LSSACA,CEDEN contributing programs,discrete_grab,conveyance,diversion,discrete,monthly,37.39779,-120.9596,18040002,Lower San Joaquin River,180400020202,,,,,False,2,2013-10-15,2025-09-10,2025-09-10,1.0,True,"core,extended_wq","ph,water_temperature",https://ceden.waterboards.ca.gov/AdvancedQueryTool
ceden:535XSSJ19,Lateral 6 at Central Avenue,ceden,1,ceden:535XSSJ19,CEDEN contributing programs,discrete_grab,conveyance,diversion,discrete,weekly,37.40163,-120.95913,18040002,Lower San Joaquin River,180400020202,,,,,False,4,2007-08-22,2007-11-29,2007-11-29,18.8,False,"core,extended_wq,major_ions","boron,ph,selenium,water_temperature",https://ceden.waterboards.ca.gov/AdvancedQueryTool
ceden:535XLDACR,Levee Drain @ Carpenter Rd,ceden,1,ceden:535XLDACR,CEDEN contributing programs,discrete_grab,drain,,discrete,monthly,37.48062,-121.03106,18040002,Lower San Joaquin River,180400020205,,,,,False,4,2012-01-10,2025-09-10,2025-09-10,1.0,True,"core,extended_wq,major_ions","boron,ph,selenium,water_temperature",https://ceden.waterboards.ca.gov/AdvancedQueryTool
ceden:535XSSJ15,Livingston Canal at Cressey Way,ceden,1,ceden:535XSSJ15,CEDEN contributing programs,discrete_grab,conveyance,diversion,discrete,weekly,37.47864,-121.40605,18040002,Lower San Joaquin River,180400020501,,,,,False,4,2007-06-28,2007-11-29,2007-11-29,18.8,False,"core,extended_wq,major_ions","boron,ph,selenium,water_temperature",https://ceden.waterboards.ca.gov/AdvancedQueryTool
ceden:535TIDLL2,Lower Lateral 2 1/2 Spill,ceden,1,ceden:535TIDLL2,CEDEN contributing programs,discrete_grab,conveyance,return,discrete,quarterly,37.547695,-121.09397,18040002,Lower San Joaquin River,180400020403,,,,,False,2,2004-07-14,2008-07-23,2008-07-23,18.2,False,"core,extended_wq","ph,water_temperature",https://ceden.waterboards.ca.gov/AdvancedQueryTool
ceden:535LSAFHR,Lower Stevinson @ Faith Home Rd,ceden,1,ceden:535LSAFHR;ceden:535XNSJ29,CEDEN contributing programs,discrete_grab,unknown,,discrete,weekly,37.37248,-120.92324,18040002,Lower San Joaquin River,180400020202,,,Merced River,,False,4,2004-07-15,2025-09-10,2025-09-10,1.0,True,"core,extended_wq,major_ions","boron,ph,selenium,water_temperature",https://ceden.waterboards.ca.gov/AdvancedQueryTool
usgs:USGS-11273000,MERCED R SLOUGH NR NEWMAN CA,usgs,1,usgs:USGS-11273000,U.S. Geological Survey,streamgage,natural,,continuous,daily,37.359937,-120.961594,18040002,Lower San Joaquin River,180400020202,,,Merced River,,False,2,1941-10-01,1972-09-29,1972-09-29,54.0,False,water_balance,"discharge,stage",https://waterdata.usgs.gov/monitoring-location/11273000
wqp:USGS-372839120413901,MUSTANG C A BIFURCATION STRUCTURE NR BALLICO CA,wqp,1,wqp:USGS-372839120413901,U.S. Geological Survey,discrete_grab,natural,,discrete,unknown,37.4775,-120.694167,18040002,Lower San Joaquin River,180400020205,,,,,False,1,2004-02-04,2004-02-04,2004-02-04,22.6,False,major_ions,sodium,https://www.waterqualitydata.us/provider/USGS/USGS/USGS-372839120413901/
wqp:USGS-373112120382901,MUSTANG C A MONTE VISTA AVE NR MONTPELIER CA,wqp,1,wqp:USGS-373112120382901,U.S. Geological Survey,discrete_grab,natural,,discrete,unknown,37.520556,-120.641111,18040002,Lower San Joaquin River,180400020201,,,,,False,1,2003-12-14,2003-12-14,2003-12-14,22.8,False,major_ions,potassium,https://www.waterqualitydata.us/provider/USGS/USGS/USGS-373112120382901/
ceden:541XMRDRR,Marshall Road Drain near River Road,ceden,1,ceden:541XMRDRR,CEDEN contributing programs,discrete_grab,drain,,discrete,quarterly,37.43631,-121.03615,18040002,Lower San Joaquin River,180400020205,,,,,False,4,2004-07-06,2025-02-05,2025-02-05,1.6,True,"core,extended_wq,major_ions","boron,ph,selenium,water_temperature",https://ceden.waterboards.ca.gov/AdvancedQueryTool
ceden:535XMCAEA,Mustang Creek @ East Ave,ceden,1,ceden:535XMCAEA,CEDEN contributing programs,discrete_grab,natural,,discrete,quarterly,37.4918,-120.6839,18040002,Lower San Joaquin River,180400020205,,,,,False,4,2006-05-18,2025-02-15,2025-02-15,1.6,True,"core,extended_wq,major_ions","boron,ph,selenium,water_temperature",https://ceden.waterboards.ca.gov/AdvancedQueryTool
ceden:535XMCAOR,Mustang Creek at Oakdale Road,ceden,1,ceden:535XMCAOR,CEDEN contributing programs,discrete_grab,natural,,discrete,unknown,37.49965,-120.66377,18040002,Lower San Joaquin River,180400020201,,,,,False,2,2020-10-14,2020-10-14,2020-10-14,5.9,False,"core,extended_wq","ph,water_temperature",https://ceden.waterboards.ca.gov/AdvancedQueryTool
esmr:822986,North Valley Regional Recycled Water Program - Modesto WWTP & Turlock RWQCF DMC-001,esmr,1,esmr:822986,North Valley Regional Recycled Water Program - Modesto WWTP & Turlock RWQCF,internal,effluent,,discrete,weekly,37.5,-121.195833,18040002,Lower San Joaquin River,180400020405,NA,,,,False,9,2017-12-11,2026-06-25,2026-06-25,0.2,True,"core,extended_wq,major_ions","ammonia,dissolved_oxygen,hardness,organic_carbon,ph,phosphorus,specific_conductance,turbidity,water_temperature",https://ciwqs.waterboards.ca.gov/ciwqs/readOnly/CiwqsReportServlet?inCommand=reset&reportName=esmrAnalyticalData
esmr:822984,North Valley Regional Recycled Water Program - Modesto WWTP & Turlock RWQCF DMC-002,esmr,1,esmr:822984,North Valley Regional Recycled Water Program - Modesto WWTP & Turlock RWQCF,internal,effluent,,discrete,weekly,37.482453,-121.188281,18040002,Lower San Joaquin River,180400020402,NA,,,,False,9,2017-12-11,2026-06-25,2026-06-25,0.2,True,"core,extended_wq,major_ions","ammonia,dissolved_oxygen,hardness,organic_carbon,ph,phosphorus,specific_conductance,turbidity,water_temperature",https://ciwqs.waterboards.ca.gov/ciwqs/readOnly/CiwqsReportServlet?inCommand=reset&reportName=esmrAnalyticalData
usgs:USGS-11274500,ORESTIMBA C NR NEWMAN CA,"cdec,usgs",2,cdec:ORE;usgs:USGS-11274500,U.S. Geological Survey,streamgage,natural,,continuous,sub-daily,37.315465,-121.125171,18040002,Lower San Joaquin River,180400020104,,,,,False,4,1932-02-08,2026-09-21,2026-09-21,0.0,True,"core,water_balance","discharge,specific_conductance,stage,water_temperature",https://waterdata.usgs.gov/monitoring-location/11274500
usgs:USGS-11274538,ORESTIMBA CR AT RIVER RD NR CROWS LANDING CA,"cdec,ceden,usgs,wqp",4,cdec:OCL;ceden:541STC019;usgs:USGS-11274538;wqp:CEDEN-541STC019;wqp:USGS-11274538,U.S. Geological Survey,streamgage,natural,,continuous,sub-daily,37.413547,-121.016041,18040002,Lower San Joaquin River,180400020104,,,,,False,19,1992-04-10,2025-08-26,2025-08-26,1.1,True,"core,extended_wq,major_ions,water_balance","alkalinity,ammonia,boron,calcium,discharge,dissolved_oxygen,magnesium,organic_carbon,ph,phosphorus,potassium,selenium,sodium,specific_conductance,stage,suspended_solids,total_dissolved_solids,total_nitrogen,water_temperature",https://waterdata.usgs.gov/monitoring-location/11274538
ceden:541STC520,Orestimba Creek @ Anderson Rd.,ceden,1,ceden:541STC520,CEDEN contributing programs,discrete_grab,natural,,discrete,monthly,37.36214,-121.06161,18040002,Lower San Joaquin River,180400020104,,,,,False,2,2005-01-05,2005-10-05,2005-10-05,21.0,False,"core,extended_wq","ph,water_temperature",https://ceden.waterboards.ca.gov/AdvancedQueryTool
ceden:541STC517,Orestimba Creek @ Bell Rd.,ceden,1,ceden:541STC517,CEDEN contributing programs,discrete_grab,natural,,discrete,monthly,37.33281,-121.10288,18040002,Lower San Joaquin River,180400020104,,,,,False,2,2004-11-03,2005-08-03,2005-08-03,21.1,False,"core,extended_wq","ph,water_temperature",https://ceden.waterboards.ca.gov/AdvancedQueryTool
ceden:541STC519,Orestimba Creek @ Hwy 33,ceden,1,ceden:541STC519,CEDEN contributing programs,discrete_grab,natural,,discrete,monthly,37.37715,-121.05812,18040002,Lower San Joaquin River,180400020104,,,,,False,4,2004-07-06,2016-04-11,2016-04-11,10.4,False,"core,extended_wq,major_ions","boron,ph,selenium,water_temperature",https://ceden.waterboards.ca.gov/AdvancedQueryTool
ceden:541STC518,Orestimba Creek @ Kilburn,ceden,1,ceden:541STC518;ceden:541XNSJ18;ceden:541XOCAKR,CEDEN contributing programs,discrete_grab,natural,,discrete,monthly,37.39925,-121.03245,18040002,Lower San Joaquin River,180400020104,,,,,False,4,2004-07-15,2019-02-14,2019-02-14,7.6,False,"core,extended_wq,major_ions","boron,ph,selenium,water_temperature",https://ceden.waterboards.ca.gov/AdvancedQueryTool
ceden:541STC521,Orestimba Creek @ Orestimba Rd.,ceden,1,ceden:541STC521,CEDEN contributing programs,discrete_grab,natural,,discrete,monthly,37.31929,-121.12093,18040002,Lower San Joaquin River,180400020104,,,,,False,2,2005-01-05,2005-06-22,2005-06-22,21.2,False,"core,extended_wq","ph,water_temperature",https://ceden.waterboards.ca.gov/AdvancedQueryTool
ceden:541XOCAER,Orestimba Creek at Eastin Road,ceden,1,ceden:541XOCAER,CEDEN contributing programs,discrete_grab,natural,,discrete,quarterly,37.35831,-121.067421,18040002,Lower San Joaquin River,180400020104,,,,,False,4,2016-03-08,2019-04-09,2019-04-09,7.5,False,"core,extended_wq,major_ions","boron,ph,selenium,water_temperature",https://ceden.waterboards.ca.gov/AdvancedQueryTool
ceden:541XOCAFB,Orestimba Creek at Farm Bridge,ceden,1,ceden:541XOCAFB,CEDEN contributing programs,discrete_grab,natural,,discrete,quarterly,37.40529,-121.022764,18040002,Lower San Joaquin River,180400020104,,,,,False,4,2019-03-11,2025-01-14,2025-01-14,1.7,True,"core,extended_wq,major_ions","boron,ph,selenium,water_temperature",https://ceden.waterboards.ca.gov/AdvancedQueryTool
dwr_wdl:B08735,Orestimba Creek below Highway 33,"dwr_wdl,wqp",2,dwr_wdl:B08735;wqp:CALWR_WQX-B0873500,California Department of Water Resources,continuous_sonde,natural,,continuous,sub-daily,37.378,-121.056,18040002,Lower San Joaquin River,180400020104,,NAD83,,,False,5,1972-10-01,2012-07-09,2012-07-09,14.2,False,"core,extended_wq,water_balance","discharge,ph,specific_conductance,stage,water_temperature",https://wdl.water.ca.gov/WaterDataLibrary/StationDetails.aspx?Station=B08735
ceden:535XPFDCL,Prairie Flower Drain @ Crows Landing Rd,ceden,1,ceden:535XPFDCL,CEDEN contributing programs,discrete_grab,drain,,discrete,monthly,37.44187,-121.00331,18040002,Lower San Joaquin River,180400020205,,,,,False,4,2005-02-15,2025-09-10,2025-09-10,1.0,True,"core,extended_wq,major_ions","boron,ph,selenium,water_temperature",https://ceden.waterboards.ca.gov/AdvancedQueryTool
ceden:535XPFDMR,Prairie Flower Drain at Morgan Road,ceden,1,ceden:535XPFDMR,CEDEN contributing programs,discrete_grab,drain,,discrete,monthly,37.43785,-120.97566,18040002,Lower San Joaquin River,180400020205,,,,,False,2,2008-04-22,2008-09-23,2008-09-23,18.0,False,"core,extended_wq","ph,water_temperature",https://ceden.waterboards.ca.gov/AdvancedQueryTool
ceden:541XROLFA,Ramona Lake near Fig Avenue,ceden,1,ceden:541XROLFA,CEDEN contributing programs,discrete_grab,reservoir,,discrete,monthly,37.47875,-121.0684,18040002,Lower San Joaquin River,180400020205,,,San Joaquin River,48.8,False,4,2004-07-06,2022-05-10,2022-05-10,4.4,False,"core,extended_wq,major_ions","boron,ph,selenium,water_temperature",https://ceden.waterboards.ca.gov/AdvancedQueryTool
ceden:535XRDAWA,Reclamation Drain @ Williams Ave,ceden,1,ceden:535XRDAWA,CEDEN contributing programs,discrete_grab,drain,,discrete,unknown,37.39072,-120.94085,18040002,Lower San Joaquin River,180400020202,,,,,False,2,2008-07-22,2008-07-22,2008-07-22,18.2,False,"core,extended_wq","ph,water_temperature",https://ceden.waterboards.ca.gov/AdvancedQueryTool
wqp:USGS-373324121090401,SAN JOAQUIN R A LAIRD PARK NR GRAYSON CA,wqp,1,wqp:USGS-373324121090401,U.S. Geological Survey,discrete_grab,natural,,discrete,unknown,37.556598,-121.152158,18040002,Lower San Joaquin River,180400020405,,,San Joaquin River,32.8,False,1,2000-10-18,2000-10-18,2000-10-18,25.9,False,core,water_temperature,https://www.waterqualitydata.us/provider/USGS/USGS/USGS-373324121090401/
usgs:USGS-11274570,SAN JOAQUIN R A PATTERSON BR NR PATTERSON CA,"cdec,ceden,dwr_wdl,usgs,wqp",5,cdec:SJP;ceden:541STC507;dwr_wdl:B07200;usgs:USGS-11274570;wqp:CALWR_WQX-B0720000;wqp:CEDEN-541STC507;wqp:USGS-11274570,U.S. Geological Survey,streamgage,natural,,continuous,sub-daily,37.493822,-121.080489,18040002,Lower San Joaquin River,180400020403,,,San Joaquin River,46.6,False,20,1969-10-01,2026-09-21,2026-09-21,0.0,True,"core,extended_wq,major_ions,water_balance","alkalinity,ammonia,boron,calcium,chlorophyll_a,discharge,dissolved_oxygen,magnesium,organic_carbon,ph,phosphorus,potassium,selenium,sodium,specific_conductance,stage,suspended_solids,total_dissolved_solids,turbidity,water_temperature",https://waterdata.usgs.gov/monitoring-location/11274570
usgs:USGS-11290500,SAN JOAQUIN R AT MAZE RD BRIDGE NR MODESTO CA,"cdec,dwr_wdl,usgs,wqp",4,cdec:MRB;dwr_wdl:B07040;usgs:USGS-11290500;wqp:CALWR_WQX-B0704000;wqp:USGS-11290500,U.S. Geological Survey,streamgage,natural,,continuous,sub-daily,37.63993,-121.229383,18040002,Lower San Joaquin River,180400020503,,,San Joaquin River,8.2,False,8,1960-10-01,2026-09-21,2026-09-21,0.0,True,"core,extended_wq,water_balance","chlorophyll_a,discharge,dissolved_oxygen,ph,specific_conductance,stage,turbidity,water_temperature",https://waterdata.usgs.gov/monitoring-location/11290500
usgs:USGS-11274550,SAN JOAQUIN R NR CROWS LANDING CA,"cdec,ceden,usgs,wqp",4,cdec:SCL;ceden:535STC504;usgs:USGS-11274550;wqp:CEDEN-535STC504;wqp:CEDEN-535STC504_SWAMP;wqp:USGS-11274550,U.S. Geological Survey,streamgage,natural,,continuous,sub-daily,37.432189,-121.013344,18040002,Lower San Joaquin River,180400020205,,,San Joaquin River,60.0,False,19,1995-10-01,2026-09-21,2026-09-21,0.0,True,"core,extended_wq,major_ions,water_balance","alkalinity,ammonia,boron,calcium,discharge,dissolved_oxygen,magnesium,organic_carbon,ph,phosphorus,potassium,selenium,sodium,specific_conductance,stage,suspended_solids,total_dissolved_solids,total_nitrogen,water_temperature",https://waterdata.usgs.gov/monitoring-location/11274550
wqp:CALWR_WQX-B0708000,SAN JOAQUIN R NR GRAY A LAIR SLU,wqp,1,wqp:CALWR_WQX-B0708000,California Department Of Water Resources,discrete_grab,natural,,discrete,monthly,37.5633,-121.1527,18040002,Lower San Joaquin River,180400020405,,,San Joaquin River,32.1,False,3,1998-04-06,2003-10-20,2003-10-20,22.9,False,"core,extended_wq","ph,specific_conductance,water_temperature",https://www.waterqualitydata.us/provider/STORET/CALWR_WQX/CALWR_WQX-B0708000/
wqp:USGS-11274700,SAN JOAQUIN R NR GRAYSON CA,"ceden,wqp",2,ceden:535STC511;wqp:USGS-11274700,U.S. Geological Survey,discrete_grab,natural,,discrete,irregular,37.562709,-121.152436,18040002,Lower San Joaquin River,180400020405,,,San Joaquin River,32.1,False,2,2000-06-06,2017-03-29,2017-03-29,9.5,False,"core,extended_wq","ph,water_temperature",https://www.waterqualitydata.us/provider/USGS/USGS/USGS-11274700/
usgs:USGS-11274000,SAN JOAQUIN R NR NEWMAN CA,"cdec,usgs,wqp",3,cdec:NEW;usgs:USGS-11274000;wqp:USGS-11274000,U.S. Geological Survey,streamgage,natural,,continuous,sub-daily,37.350466,-120.977112,18040002,Lower San Joaquin River,180400020202,,,San Joaquin River,77.2,False,5,1868-01-02,2026-09-21,2026-09-21,0.0,True,"core,extended_wq,water_balance","discharge,nitrate,specific_conductance,stage,water_temperature",https://waterdata.usgs.gov/monitoring-location/11274000
usgs:USGS-11274554,SPANISH GRANT COMBINED DRAIN NR PATTERSON CA,"usgs,wqp",2,usgs:USGS-11274554;wqp:USGS-11274554,U.S. Geological Survey,streamgage,drain,,discrete,unknown,37.435768,-121.033542,18040002,Lower San Joaquin River,180400020205,,,,,False,1,2001-10-30,2001-10-30,2001-10-30,24.9,False,extended_wq,total_nitrogen,https://waterdata.usgs.gov/monitoring-location/11274554
ceden:541STC532,Salado Creek @ Oak Flat Rd.,ceden,1,ceden:541STC532,CEDEN contributing programs,discrete_grab,natural,,discrete,quarterly,37.42096,-121.15592,18040002,Lower San Joaquin River,180400020402,,,,,False,2,2004-11-02,2010-09-07,2010-09-07,16.0,False,"core,extended_wq","ph,water_temperature",https://ceden.waterboards.ca.gov/AdvancedQueryTool
wqp:CEDEN-541STC515,Salado Creek at HWY 33,"ceden,wqp",2,ceden:541STC515;wqp:CEDEN-541STC515,California State Water Resources Control Board,discrete_grab,natural,,discrete,monthly,37.4814,-121.136,18040002,Lower San Joaquin River,180400020402,,,,,False,15,2000-10-24,2010-10-21,2010-10-21,15.9,False,"core,extended_wq,major_ions","alkalinity,ammonia,boron,calcium,magnesium,organic_carbon,ph,phosphorus,potassium,selenium,sodium,specific_conductance,suspended_solids,total_dissolved_solids,water_temperature",https://www.waterqualitydata.us/provider/STORET/CEDEN/CEDEN-541STC515/
ceden:541XSCOAV,Salado Creek near Olive Avenue,ceden,1,ceden:541XSCOAV,CEDEN contributing programs,discrete_grab,natural,,discrete,monthly,37.5076,-121.0885,18040002,Lower San Joaquin River,180400020403,,,San Joaquin River,44.7,False,4,2004-07-06,2007-12-11,2007-12-11,18.8,False,"core,extended_wq,major_ions","boron,ph,selenium,water_temperature",https://ceden.waterboards.ca.gov/AdvancedQueryTool
ceden:541CR1006,San Joaquin River -1006,ceden,1,ceden:541CR1006,CEDEN contributing programs,discrete_grab,natural,,discrete,unknown,37.5603,-121.1474,18040002,Lower San Joaquin River,180400020405,,,San Joaquin River,33.8,False,3,2014-06-17,2014-06-17,2014-06-17,12.3,False,"core,extended_wq,major_ions","chloride,ph,sulfate",https://ceden.waterboards.ca.gov/AdvancedQueryTool
wqp:CEDEN-541STC510,San Joaquin River above Maze Boulevard,"ceden,wqp",2,ceden:541STC510;wqp:CEDEN-541STC510,California State Water Resources Control Board,discrete_grab,natural,,discrete,weekly,37.6419,-121.228,18040002,Lower San Joaquin River,180400020503,,,San Joaquin River,8.0,False,14,2000-01-06,2025-03-15,2025-03-15,1.5,True,"core,extended_wq,major_ions","alkalinity,boron,calcium,magnesium,organic_carbon,ph,phosphorus,potassium,selenium,sodium,specific_conductance,suspended_solids,total_dissolved_solids,water_temperature",https://www.waterqualitydata.us/provider/STORET/CEDEN/CEDEN-541STC510/
ceden:535LSAC01,San Joaquin River at Maze Boulevard near Vernalis,ceden,1,ceden:535LSAC01,CEDEN contributing programs,discrete_grab,natural,,discrete,annual,37.6413,-121.22915,18040002,Lower San Joaquin River,180400020503,,,San Joaquin River,8.1,False,2,2008-05-15,2015-06-29,2015-06-29,11.2,False,"core,extended_wq","ph,water_temperature",https://ceden.waterboards.ca.gov/AdvancedQueryTool
ceden:541XSJRPP,San Joaquin River at PID Pumps,ceden,1,ceden:541XSJRPP,CEDEN contributing programs,discrete_grab,natural,,discrete,monthly,37.49739,-121.08267,18040002,Lower San Joaquin River,180400020403,,,San Joaquin River,46.1,False,4,2008-03-11,2024-05-14,2024-05-14,2.4,True,"core,extended_wq,major_ions","boron,ph,selenium,water_temperature",https://ceden.waterboards.ca.gov/AdvancedQueryTool
ceden:541XSJWSP,San Joaquin River at WSID Pumps,ceden,1,ceden:541XSJWSP,CEDEN contributing programs,discrete_grab,natural,,discrete,unknown,37.584722,-121.200208,18040002,Lower San Joaquin River,180400020503,,,,,False,2,2005-08-09,2005-08-09,2005-08-09,21.1,False,"core,extended_wq","ph,water_temperature",https://ceden.waterboards.ca.gov/AdvancedQueryTool
wqp:CEDEN-535STC501,TID 5 Harding Drain @ Carpenter Road,"ceden,wqp",2,ceden:535STC501;wqp:CEDEN-535STC501,California State Water Resources Control Board,discrete_grab,drain,,discrete,monthly,37.4644,-121.03,18040002,Lower San Joaquin River,180400020205,,,San Joaquin River,54.0,False,16,2000-10-26,2016-08-17,2016-08-17,10.1,False,"core,extended_wq,major_ions","alkalinity,ammonia,boron,calcium,dissolved_oxygen,magnesium,organic_carbon,ph,phosphorus,potassium,selenium,sodium,specific_conductance,suspended_solids,total_dissolved_solids,water_temperature",https://www.waterqualitydata.us/provider/STORET/CEDEN/CEDEN-535STC501/
ceden:535XSSJ16,TID Lateral #2 on Service Road,ceden,1,ceden:535XSSJ16,CEDEN contributing programs,discrete_grab,conveyance,diversion,discrete,weekly,37.58013,-120.87577,18040002,Lower San Joaquin River,180400020404,,,,,False,4,2007-06-28,2007-08-08,2007-08-08,19.1,False,"core,extended_wq,major_ions","boron,ph,selenium,water_temperature",https://ceden.waterboards.ca.gov/AdvancedQueryTool
wqp:CEDEN-535MER201,TID Lateral 6&7 @ Central,"ceden,wqp",2,ceden:535MER201;ceden:535MER203;wqp:CEDEN-535MER201;wqp:CEDEN-535MER203,California State Water Resources Control Board,discrete_grab,conveyance,diversion,discrete,monthly,37.3944,-120.961,18040002,Lower San Joaquin River,180400020202,,,,,False,7,2003-01-22,2004-01-20,2004-01-20,22.7,False,"core,extended_wq,major_ions","boron,calcium,magnesium,organic_carbon,ph,suspended_solids,water_temperature",https://www.waterqualitydata.us/provider/STORET/CEDEN/CEDEN-535MER201/
wqp:CEDEN-535STC208,TID Lower Lateral 2 @ Grayson,"ceden,wqp",2,ceden:535STC208;ceden:535XSSJ18;wqp:CEDEN-535STC208,California State Water Resources Control Board,discrete_grab,conveyance,diversion,discrete,weekly,37.5658,-121.14,18040002,Lower San Joaquin River,180400020405,,,,,False,7,2003-01-22,2010-10-21,2010-10-21,15.9,False,"core,extended_wq,major_ions","boron,calcium,magnesium,organic_carbon,ph,selenium,water_temperature",https://www.waterqualitydata.us/provider/STORET/CEDEN/CEDEN-535STC208/
wqp:USGS-372857120414001,TURLOCK AIRPORT RAINGAGE NR RUNWAY A TURLOCK CA,wqp,1,wqp:USGS-372857120414001,U.S. Geological Survey,discrete_grab,unknown,,discrete,unknown,37.4825,-120.694444,18040002,Lower San Joaquin River,180400020205,,,,,False,1,2004-02-04,2004-02-04,2004-02-04,22.6,False,extended_wq,ammonia,https://www.waterqualitydata.us/provider/USGS/USGS/USGS-372857120414001/
cdec:TLC,TURLOCK LAKE,cdec,1,cdec:TLC,Turlock Irrigation District,reservoir,reservoir,,continuous,daily,37.6,-120.583,18040002,Lower San Joaquin River,180400020404,TUOLUMNE RIVER,,,,False,2,1955-10-01,2026-09-21,2026-09-21,0.0,True,water_balance,"reservoir_storage,stage",https://cdec.water.ca.gov/dynamicapp/staMeta?station_id=TLC
esmr:750006,"Turlock City, Turlock Regional Water Quality Control Facility EFF-001",esmr,1,esmr:750006,"Turlock City, Turlock Regional Water Quality Control Facility",effluent,effluent,,continuous,daily,37.462778,-121.0325,18040002,Lower San Joaquin River,180400020205,San Joaquin River,,San Joaquin River,54.1,False,19,2010-06-01,2026-06-25,2026-06-25,0.2,True,"core,extended_wq,major_ions,water_balance","ammonia,boron,calcium,chloride,discharge,dissolved_oxygen,hardness,magnesium,nitrate,organic_carbon,ph,phosphorus,selenium,specific_conductance,sulfate,suspended_solids,total_dissolved_solids,turbidity,water_temperature",https://ciwqs.waterboards.ca.gov/ciwqs/readOnly/CiwqsReportServlet?inCommand=reset&reportName=esmrAnalyticalData
esmr:750007,"Turlock City, Turlock Regional Water Quality Control Facility EFF-002",esmr,1,esmr:750007,"Turlock City, Turlock Regional Water Quality Control Facility",effluent,effluent,,continuous,daily,37.463056,-121.0325,18040002,Lower San Joaquin River,180400020205,NA,,San Joaquin River,54.1,False,14,2013-02-28,2015-05-31,2015-05-31,11.3,False,"core,extended_wq,major_ions,water_balance","ammonia,boron,chloride,discharge,dissolved_oxygen,hardness,nitrate,ph,selenium,specific_conductance,suspended_solids,total_dissolved_solids,turbidity,water_temperature",https://ciwqs.waterboards.ca.gov/ciwqs/readOnly/CiwqsReportServlet?inCommand=reset&reportName=esmrAnalyticalData
esmr:750012,"Turlock City, Turlock Regional Water Quality Control Facility RSW-001",esmr,1,esmr:750012,"Turlock City, Turlock Regional Water Quality Control Facility",receiving_water,receiving_water,,discrete,weekly,37.463609,-120.930945,18040002,Lower San Joaquin River,180400020205,San Joaquin River,,,,False,19,2010-05-04,2025-02-25,2025-02-25,1.6,True,"core,extended_wq,major_ions,water_balance","alkalinity,ammonia,boron,calcium,chloride,discharge,dissolved_oxygen,hardness,magnesium,nitrate,organic_carbon,ph,phosphorus,selenium,specific_conductance,sulfate,total_dissolved_solids,turbidity,water_temperature",https://ciwqs.waterboards.ca.gov/ciwqs/readOnly/CiwqsReportServlet?inCommand=reset&reportName=esmrAnalyticalData
esmr:750013,"Turlock City, Turlock Regional Water Quality Control Facility RSW-002",esmr,1,esmr:750013,"Turlock City, Turlock Regional Water Quality Control Facility",receiving_water,receiving_water,,discrete,weekly,37.46369,-120.931476,18040002,Lower San Joaquin River,180400020205,San Joaquin River,,,,False,8,2010-05-04,2024-12-06,2024-12-06,1.8,True,"core,extended_wq,major_ions","alkalinity,ammonia,dissolved_oxygen,hardness,ph,specific_conductance,turbidity,water_temperature",https://ciwqs.waterboards.ca.gov/ciwqs/readOnly/CiwqsReportServlet?inCommand=reset&reportName=esmrAnalyticalData
esmr:750014,"Turlock City, Turlock Regional Water Quality Control Facility RSW-003",esmr,1,esmr:750014,"Turlock City, Turlock Regional Water Quality Control Facility",receiving_water,receiving_water,,discrete,weekly,37.462532,-121.032557,18040002,Lower San Joaquin River,180400020205,San Joaquin River,,San Joaquin River,54.1,False,10,2010-05-04,2015-05-27,2015-05-27,11.3,False,"core,extended_wq,major_ions,water_balance","alkalinity,ammonia,discharge,dissolved_oxygen,hardness,ph,selenium,specific_conductance,turbidity,water_temperature",https://ciwqs.waterboards.ca.gov/ciwqs/readOnly/CiwqsReportServlet?inCommand=reset&reportName=esmrAnalyticalData
esmr:750015,"Turlock City, Turlock Regional Water Quality Control Facility RSW-004",esmr,1,esmr:750015,"Turlock City, Turlock Regional Water Quality Control Facility",receiving_water,receiving_water,,discrete,weekly,37.464555,-121.034424,18040002,Lower San Joaquin River,180400020205,San Joaquin River,,San Joaquin River,53.9,False,7,2010-05-04,2014-10-29,2014-10-29,11.9,False,"core,extended_wq,major_ions","ammonia,dissolved_oxygen,hardness,ph,specific_conductance,turbidity,water_temperature",https://ciwqs.waterboards.ca.gov/ciwqs/readOnly/CiwqsReportServlet?inCommand=reset&reportName=esmrAnalyticalData
ceden:535XUDAHR,Unnamed Drain @ Hogin Rd,ceden,1,ceden:535XUDAHR,CEDEN contributing programs,discrete_grab,drain,,discrete,quarterly,37.4312,-120.99475,18040002,Lower San Joaquin River,180400020205,,,,,False,2,2013-10-15,2023-07-12,2023-07-12,3.2,False,"core,extended_wq","ph,water_temperature",https://ceden.waterboards.ca.gov/AdvancedQueryTool
ceden:541UDAPRD,Unnamed Drain @ Pomelo Avenue near Paradise Avenue,ceden,1,ceden:541UDAPRD,CEDEN contributing programs,discrete_grab,drain,,discrete,monthly,37.46904,-121.0627,18040002,Lower San Joaquin River,180400020205,,,,,False,3,2003-03-26,2003-09-23,2003-09-23,23.0,False,"core,extended_wq","chloride,ph,water_temperature",https://ceden.waterboards.ca.gov/AdvancedQueryTool
ceden:535CC0203,Upper Lateral 2 1/2 E of Walnut Road,ceden,1,ceden:535CC0203,CEDEN contributing programs,discrete_grab,conveyance,diversion,discrete,unknown,37.56373,-120.86449,18040002,Lower San Joaquin River,180400020403,,,,,False,2,2007-06-12,2007-06-12,2007-06-12,19.3,False,"core,extended_wq","ph,water_temperature",https://ceden.waterboards.ca.gov/AdvancedQueryTool
usgs:USGS-11274620,WINDMILL CYN C NR PATTERSON CA,usgs,1,usgs:USGS-11274620,U.S. Geological Survey,streamgage,natural,,discrete,annual,37.4541,-121.270492,18040002,Lower San Joaquin River,180400020302,,,,,False,2,1959-01-06,1972-11-16,1972-11-16,53.8,False,water_balance,"discharge,stage",https://waterdata.usgs.gov/monitoring-location/11274620
ceden:541STC530,West Stanislaus Main Canal @ Hamilton,ceden,1,ceden:541STC530,CEDEN contributing programs,discrete_grab,conveyance,diversion,discrete,irregular,37.56554,-121.22775,18040002,Lower San Joaquin River,180400020405,,,,,False,2,2004-12-08,2010-10-21,2010-10-21,15.9,False,"core,extended_wq","ph,water_temperature",https://ceden.waterboards.ca.gov/AdvancedQueryTool
ceden:541XWWARP,Westley Wasteway at Refuge Ponds,ceden,1,ceden:541XWWARP,CEDEN contributing programs,discrete_grab,conveyance,return,discrete,unknown,37.562611,-121.166528,18040002,Lower San Joaquin River,180400020405,,,San Joaquin River,29.0,False,2,2005-08-09,2005-08-09,2005-08-09,21.1,False,"core,extended_wq","ph,water_temperature",https://ceden.waterboards.ca.gov/AdvancedQueryTool
ceden:541XWWNCR,Westley Wasteway near Cox Road,ceden,1,ceden:541XWWNCR,CEDEN contributing programs,discrete_grab,conveyance,return,discrete,monthly,37.55822,-121.164,18040002,Lower San Joaquin River,180400020405,,,San Joaquin River,29.5,False,4,2004-07-06,2025-01-14,2025-01-14,1.7,True,"core,extended_wq,major_ions","boron,ph,selenium,water_temperature",https://ceden.waterboards.ca.gov/AdvancedQueryTool
ceden:541CC0539,Westley Wasteway ~0.5mi SW Frank Cox Rd.,ceden,1,ceden:541CC0539,CEDEN contributing programs,discrete_grab,conveyance,return,discrete,unknown,37.53234,-121.20041,18040002,Lower San Joaquin River,180400020405,,,,,False,2,2007-06-12,2007-06-12,2007-06-12,19.3,False,"core,extended_wq","ph,water_temperature",https://ceden.waterboards.ca.gov/AdvancedQueryTool
ceden:535WDAJRD,Westport Drain @ Jennings Rd,ceden,1,ceden:535WDAJRD,CEDEN contributing programs,discrete_grab,drain,,discrete,monthly,37.53674,-121.0668,18040002,Lower San Joaquin River,180400020403,,,,,False,3,2003-03-26,2003-09-23,2003-09-23,23.0,False,"core,extended_wq","chloride,ph,water_temperature",https://ceden.waterboards.ca.gov/AdvancedQueryTool
ceden:535XWDAVR,Westport Drain @ Vivian Rd,ceden,1,ceden:535XWDAVR,CEDEN contributing programs,discrete_grab,drain,,discrete,monthly,37.53682,-121.04861,18040002,Lower San Joaquin River,180400020403,,,,,False,4,2007-05-15,2025-09-10,2025-09-10,1.0,True,"core,extended_wq,major_ions","boron,ph,selenium,water_temperature",https://ceden.waterboards.ca.gov/AdvancedQueryTool
wqp:CALWR_WQX-01S06E23C003M,01S06E23C003M,wqp,1,wqp:CALWR_WQX-01S06E23C003M,California Department Of Water Resources,discrete_grab,groundwater,,discrete,irregular,37.841,-121.2863,18040003,San Joaquin Delta,,,,,,True,15,1998-08-12,2014-08-12,2014-08-12,12.1,False,"core,extended_wq,major_ions","alkalinity,boron,bromide,calcium,chloride,magnesium,nitrate,ph,potassium,selenium,sodium,specific_conductance,sulfate,total_dissolved_solids,water_temperature",https://www.waterqualitydata.us/provider/STORET/CALWR_WQX/CALWR_WQX-01S06E23C003M/
wqp:CALWR_WQX-02S07E07Q001M,02S07E07Q001M,wqp,1,wqp:CALWR_WQX-02S07E07Q001M,California Department Of Water Resources,discrete_grab,groundwater,,discrete,irregular,37.7699,-121.2386,18040003,San Joaquin Delta,,,,,,True,3,1998-08-12,2008-10-27,2008-10-27,17.9,False,"core,extended_wq","ph,specific_conductance,water_temperature",https://www.waterqualitydata.us/provider/STORET/CALWR_WQX/CALWR_WQX-02S07E07Q001M/
wqp:CALWR_WQX-03S06E17K001M,03S06E17K001M,wqp,1,wqp:CALWR_WQX-03S06E17K001M,California Department Of Water Resources,discrete_grab,groundwater,,discrete,irregular,37.6701,-121.3375,18040003,San Joaquin Delta,,,,,,True,3,1999-08-12,2005-08-09,2005-08-09,21.1,False,"core,extended_wq","ph,specific_conductance,water_temperature",https://www.waterqualitydata.us/provider/STORET/CALWR_WQX/CALWR_WQX-03S06E17K001M/
wqp:CEDEN-10-300,209-6T,"ceden,wqp",2,ceden:10-300;wqp:CEDEN-10-300,California State Water Resources Control Board,discrete_grab,unknown,,discrete,monthly,37.7473,-121.344,18040003,San Joaquin Delta,,,,,,True,9,2014-02-28,2017-01-18,2017-01-18,9.7,False,"core,extended_wq","dissolved_oxygen,nitrate,ph,phosphorus,specific_conductance,suspended_solids,total_dissolved_solids,total_nitrogen,water_temperature",https://www.waterqualitydata.us/provider/STORET/CEDEN/CEDEN-10-300/
wqp:CALWR_WQX-B9V74821231,"Ag Drain on Pescadero Tr., PP. No. 3",wqp,1,wqp:CALWR_WQX-B9V74821231,California Department Of Water Resources,discrete_grab,drain,,discrete,irregular,37.803611,-121.385278,18040003,San Joaquin Delta,,,,,,True,3,1987-08-05,1994-04-19,1994-04-19,32.4,False,"core,extended_wq","ph,specific_conductance,water_temperature",https://www.waterqualitydata.us/provider/STORET/CALWR_WQX/CALWR_WQX-B9V74821231/
dwr_wdl:03S06E29P500M,Banta-Carbona ID GSA MW-204 shallow screen 205-215 ft b,dwr_wdl,1,dwr_wdl:03S06E29P500M;dwr_wdl:03S06E29P501M;dwr_wdl:03S06E29P502M;dwr_wdl:03S06E29P503M,California Department of Water Resources,groundwater_well,groundwater,,continuous,sub-daily,37.638264,-121.334744,18040003,San Joaquin Delta,,,NAD83,,,True,1,2025-11-14,2026-08-14,2026-08-14,0.1,True,core,water_temperature,https://wdl.water.ca.gov/WaterDataLibrary/StationDetails.aspx?Station=03S06E29P500M
esmr:746589,City of Manteca WW Quality Control Facility EFF-001,esmr,1,esmr:746589,City of Manteca WW Quality Control Facility,effluent,effluent,,continuous,daily,37.779167,-121.3,18040003,San Joaquin Delta,,NA,,,,True,22,2010-07-01,2026-06-30,2026-06-30,0.2,True,"core,extended_wq,major_ions,water_balance","alkalinity,ammonia,boron,calcium,chloride,discharge,dissolved_oxygen,hardness,magnesium,nitrate,organic_carbon,ph,phosphorus,potassium,selenium,sodium,specific_conductance,sulfate,suspended_solids,total_dissolved_solids,turbidity,water_temperature",https://ciwqs.waterboards.ca.gov/ciwqs/readOnly/CiwqsReportServlet?inCommand=reset&reportName=esmrAnalyticalData
edi:edi.731:DJFMP SJ054M,DJFMP SJ054M,edi,1,edi:edi.731:DJFMP SJ054M,"Delta Science Program, Delta Stewardship Council",discrete_grab,unknown,,discrete,irregular,37.805345,-121.32085,18040003,San Joaquin Delta,,,,,,True,10,1959-06-13,2022-08-25,2022-08-25,4.1,False,"core,extended_wq","chloride,chlorophyll_a,dissolved_oxygen,organic_carbon,ph,salinity,specific_conductance,suspended_solids,total_dissolved_solids,water_temperature",https://portal.edirepository.org/nis/mapbrowse?packageid=edi.731.6
esmr:738959,Deuel Vocational Institution EFF-001,esmr,1,esmr:738959,Deuel Vocational Institution,effluent,effluent,,continuous,daily,37.750556,-121.326389,18040003,San Joaquin Delta,,NA,,,,True,12,2012-01-10,2022-04-30,2022-04-30,4.4,False,"core,extended_wq,major_ions,water_balance","ammonia,chloride,discharge,hardness,nitrate,organic_carbon,ph,specific_conductance,suspended_solids,total_dissolved_solids,turbidity,water_temperature",https://ciwqs.waterboards.ca.gov/ciwqs/readOnly/CiwqsReportServlet?inCommand=reset&reportName=esmrAnalyticalData
esmr:738961,Deuel Vocational Institution EFF-003,esmr,1,esmr:738961,Deuel Vocational Institution,effluent,effluent,,continuous,daily,37.746111,-121.326389,18040003,San Joaquin Delta,,NA,,,,True,3,2012-02-01,2014-03-31,2014-03-31,12.5,False,"core,water_balance","discharge,specific_conductance,total_dissolved_solids",https://ciwqs.waterboards.ca.gov/ciwqs/readOnly/CiwqsReportServlet?inCommand=reset&reportName=esmrAnalyticalData
ceden:531SIDD11,Drain 11 @ Walsal Slough (Top of Bank),ceden,1,ceden:531SIDD11,CEDEN contributing programs,discrete_grab,drain,,discrete,quarterly,37.761,-121.282833,18040003,San Joaquin Delta,,,,,,True,2,2004-09-02,2008-09-15,2008-09-15,18.0,False,"core,extended_wq","ph,water_temperature",https://ceden.waterboards.ca.gov/AdvancedQueryTool
ceden:531SID11O,Drain 11 at Oleander Avenue,ceden,1,ceden:531SID11O,CEDEN contributing programs,discrete_grab,drain,,discrete,quarterly,37.7503,-121.2428,18040003,San Joaquin Delta,,,,,,True,2,2007-02-23,2007-10-19,2007-10-19,18.9,False,"core,extended_wq","ph,water_temperature",https://ceden.waterboards.ca.gov/AdvancedQueryTool
wqp:CALWR_WQX-B9V74631197,Drain at Paradise Cut and Hwy 205,wqp,1,wqp:CALWR_WQX-B9V74631197,California Department Of Water Resources,discrete_grab,drain,,discrete,quarterly,37.771258,-121.327525,18040003,San Joaquin Delta,,,,,,True,1,2009-04-15,2009-06-24,2009-06-24,17.2,False,core,specific_conductance,https://www.waterqualitydata.us/provider/STORET/CALWR_WQX/CALWR_WQX-B9V74631197/
wqp:CEDEN-544XXXD01,Drain to San Joaquin River off South Manthey Rd.,"ceden,wqp",2,ceden:544XXXD01;wqp:CEDEN-544XXXD01,California State Water Resources Control Board,discrete_grab,drain,,discrete,weekly,37.8234,-121.299,18040003,San Joaquin Delta,,,,,,True,12,2004-07-21,2005-02-16,2005-02-16,21.6,False,"core,extended_wq,major_ions","alkalinity,ammonia,boron,dissolved_oxygen,organic_carbon,ph,phosphorus,selenium,specific_conductance,total_dissolved_solids,turbidity,water_temperature",https://www.waterqualitydata.us/provider/STORET/CEDEN/CEDEN-544XXXD01/
edi:edi.731:EDSM 18-12-SJU01 10/16/2017,EDSM 18-12-SJU01 10/16/2017,edi,1,edi:edi.731:EDSM 18-12-SJU01 10/16/2017,"Delta Science Program, Delta Stewardship Council",discrete_grab,unknown,,discrete,irregular,37.80696,-121.32575,18040003,San Joaquin Delta,,,,,,True,10,1959-06-13,2022-08-25,2022-08-25,4.1,False,"core,extended_wq","chloride,chlorophyll_a,dissolved_oxygen,organic_carbon,ph,salinity,specific_conductance,suspended_solids,total_dissolved_solids,water_temperature",https://portal.edirepository.org/nis/mapbrowse?packageid=edi.731.6
edi:edi.731:EMP C10,EMP C10,edi,1,edi:edi.731:EMP C10,"Delta Science Program, Delta Stewardship Council",discrete_grab,unknown,,discrete,irregular,37.67575,-121.265,18040003,San Joaquin Delta,,,,San Joaquin River,0.1,True,10,1959-06-13,2022-08-25,2022-08-25,4.1,False,"core,extended_wq","chloride,chlorophyll_a,dissolved_oxygen,organic_carbon,ph,salinity,specific_conductance,suspended_solids,total_dissolved_solids,water_temperature",https://portal.edirepository.org/nis/mapbrowse?packageid=edi.731.6
edi:edi.731:EMP C10A,EMP C10A,edi,1,edi:edi.731:EMP C10A,"Delta Science Program, Delta Stewardship Council",discrete_grab,unknown,,discrete,irregular,37.67934,-121.2647,18040003,San Joaquin Delta,,,,San Joaquin River,0.0,True,10,1959-06-13,2022-08-25,2022-08-25,4.1,False,"core,extended_wq","chloride,chlorophyll_a,dissolved_oxygen,organic_carbon,ph,salinity,specific_conductance,suspended_solids,total_dissolved_solids,water_temperature",https://portal.edirepository.org/nis/mapbrowse?packageid=edi.731.6
edi:edi.731:EMP C7,EMP C7,edi,1,edi:edi.731:EMP C7,"Delta Science Program, Delta Stewardship Council",discrete_grab,unknown,,discrete,irregular,37.78607,-121.3077,18040003,San Joaquin Delta,,,,,,True,10,1959-06-13,2022-08-25,2022-08-25,4.1,False,"core,extended_wq","chloride,chlorophyll_a,dissolved_oxygen,organic_carbon,ph,salinity,specific_conductance,suspended_solids,total_dissolved_solids,water_temperature",https://portal.edirepository.org/nis/mapbrowse?packageid=edi.731.6
wqp:CALWR_WQX-B0D74761180,KV Lift Station,wqp,1,wqp:CALWR_WQX-B0D74761180,California Department Of Water Resources,discrete_grab,unknown,,discrete,quarterly,37.7938,-121.3,18040003,San Joaquin Delta,,,,,,True,15,2009-12-13,2012-03-25,2012-03-25,14.5,False,"core,extended_wq,major_ions","alkalinity,boron,bromide,calcium,chloride,magnesium,nitrate,ph,potassium,selenium,sodium,specific_conductance,sulfate,total_dissolved_solids,water_temperature",https://www.waterqualitydata.us/provider/STORET/CALWR_WQX/CALWR_WQX-B0D74761180/
wqp:CALWR_WQX-B0D74881187,M1 Lift Station,wqp,1,wqp:CALWR_WQX-B0D74881187,California Department Of Water Resources,discrete_grab,unknown,,discrete,quarterly,37.8141,-121.3123,18040003,San Joaquin Delta,,,,,,True,15,2009-10-14,2012-03-25,2012-03-25,14.5,False,"core,extended_wq,major_ions","alkalinity,boron,bromide,calcium,chloride,magnesium,nitrate,ph,potassium,selenium,sodium,specific_conductance,sulfate,total_dissolved_solids,water_temperature",https://www.waterqualitydata.us/provider/STORET/CALWR_WQX/CALWR_WQX-B0D74881187/
wqp:CALWR_WQX-B0D74821187,M2 Lift Station,wqp,1,wqp:CALWR_WQX-B0D74821187,California Department Of Water Resources,discrete_grab,unknown,,discrete,quarterly,37.8027,-121.3115,18040003,San Joaquin Delta,,,,,,True,15,2009-10-14,2012-03-25,2012-03-25,14.5,False,"core,extended_wq,major_ions","alkalinity,boron,bromide,calcium,chloride,magnesium,nitrate,ph,potassium,selenium,sodium,specific_conductance,sulfate,total_dissolved_solids,water_temperature",https://www.waterqualitydata.us/provider/STORET/CALWR_WQX/CALWR_WQX-B0D74821187/
wqp:CALWR_WQX-B9D74831181,M3 Lift Station,wqp,1,wqp:CALWR_WQX-B9D74831181,California Department Of Water Resources,discrete_grab,unknown,,discrete,quarterly,37.805,-121.3012,18040003,San Joaquin Delta,,,,,,True,15,2009-10-14,2012-03-25,2012-03-25,14.5,False,"core,extended_wq,major_ions","alkalinity,boron,bromide,calcium,chloride,magnesium,nitrate,ph,potassium,selenium,sodium,specific_conductance,sulfate,total_dissolved_solids,water_temperature",https://www.waterqualitydata.us/provider/STORET/CALWR_WQX/CALWR_WQX-B9D74831181/
wqp:CALWR_WQX-B0D74821181,M5 Lift Station,wqp,1,wqp:CALWR_WQX-B0D74821181,California Department Of Water Resources,discrete_grab,unknown,,discrete,quarterly,37.8034,-121.3017,18040003,San Joaquin Delta,,,,,,True,15,2009-10-14,2012-03-25,2012-03-25,14.5,False,"core,extended_wq,major_ions","alkalinity,boron,bromide,calcium,chloride,magnesium,nitrate,ph,potassium,selenium,sodium,specific_conductance,sulfate,total_dissolved_solids,water_temperature",https://www.waterqualitydata.us/provider/STORET/CALWR_WQX/CALWR_WQX-B0D74821181/
wqp:CALWR_WQX-B0D74781185,M6 Lift Station,wqp,1,wqp:CALWR_WQX-B0D74781185,California Department Of Water Resources,discrete_grab,unknown,,discrete,quarterly,37.7965,-121.3085,18040003,San Joaquin Delta,,,,,,True,15,2009-12-13,2012-03-25,2012-03-25,14.5,False,"core,extended_wq,major_ions","alkalinity,boron,bromide,calcium,chloride,magnesium,nitrate,ph,potassium,selenium,sodium,specific_conductance,sulfate,total_dissolved_solids,water_temperature",https://www.waterqualitydata.us/provider/STORET/CALWR_WQX/CALWR_WQX-B0D74781185/
wqp:CEDEN-544LSAC10,Mossdale Marina,"ceden,wqp",2,ceden:544LSAC10;wqp:CEDEN-544LSAC10,California State Water Resources Control Board,discrete_grab,unknown,,discrete,monthly,37.787,-121.308,18040003,San Joaquin Delta,,,,,,True,6,2009-01-22,2009-02-18,2009-02-18,17.6,False,"core,extended_wq,major_ions","alkalinity,ammonia,dissolved_oxygen,ph,specific_conductance,water_temperature",https://www.waterqualitydata.us/provider/STORET/CEDEN/CEDEN-544LSAC10/
wqp:NARS_WQX-NRS_CA-11475,NRS_CA-11475,wqp,1,wqp:NARS_WQX-NRS_CA-11475,EPA National Aquatic Resources Survey (NARS),discrete_grab,unknown,,discrete,unknown,37.7838,-121.304111,18040003,San Joaquin Delta,,,,,,True,14,2023-08-02,2023-08-02,2023-08-02,3.1,False,"core,extended_wq,major_ions","ammonia,calcium,chloride,chlorophyll_a,magnesium,nitrate,organic_carbon,ph,potassium,sodium,specific_conductance,sulfate,suspended_solids,turbidity",https://www.waterqualitydata.us/provider/STORET/NARS_WQX/NARS_WQX-NRS_CA-11475/
wqp:CEDEN-544SJC001,New Jerusalem Tile Drain,"ceden,wqp",2,ceden:544SJC001;wqp:CEDEN-544SJC001,California State Water Resources Control Board,discrete_grab,drain,,discrete,monthly,37.7089,-121.299,18040003,San Joaquin Delta,,,,,,True,15,2000-10-24,2011-07-25,2011-07-25,15.2,False,"core,extended_wq,major_ions","alkalinity,boron,calcium,dissolved_oxygen,magnesium,organic_carbon,ph,phosphorus,potassium,selenium,sodium,specific_conductance,suspended_solids,total_dissolved_solids,water_temperature",https://www.waterqualitydata.us/provider/STORET/CEDEN/CEDEN-544SJC001/
wqp:CALWR_WQX-B9D74851200,OLD R BL HEAD,wqp,1,wqp:CALWR_WQX-B9D74851200,California Department Of Water Resources,discrete_grab,natural,,discrete,monthly,37.8088,-121.3341,18040003,San Joaquin Delta,,,,,,True,3,1999-05-11,2016-03-01,2016-03-01,10.6,False,"core,extended_wq","ph,specific_conductance,water_temperature",https://www.waterqualitydata.us/provider/STORET/CALWR_WQX/CALWR_WQX-B9D74851200/
cdec:ORX,OLD RIVER ABOVE DOUGHTY CUT,"cdec,dwr_wdl,edi",3,cdec:ORX;dwr_wdl:B9539000;dwr_wdl:B95390Q;edi:edi.2180:ORX;edi:edi.591:OLD RIVER ABOVE DOUGHTY CUT,CA Dept of Water Resources/North Central Region Office,continuous_sonde,natural,,continuous,sub-daily,37.810997,-121.386576,18040003,San Joaquin Delta,,SAN JOAQUIN RIVER,,,,True,10,1999-07-14,2026-09-21,2026-09-21,0.0,True,"core,extended_wq,water_balance","chlorophyll_a,discharge,dissolved_oxygen,dissolved_oxygen_saturation,ph,salinity,specific_conductance,stage,turbidity,water_temperature",https://cdec.water.ca.gov/dynamicapp/staMeta?station_id=ORX
cdec:OH1,OLD RIVER AT HEAD,"cdec,dwr_wdl,edi",3,cdec:OH1;dwr_wdl:B9540000;dwr_wdl:B95400Q;edi:edi.2180:OH1;edi:edi.591:OLD RIVER AT HEAD,CA Dept of Water Resources/North Central Region Office,continuous_sonde,natural,,continuous,sub-daily,37.807552,-121.331253,18040003,San Joaquin Delta,,SAN JOAQUIN RIVER,,,,True,10,1999-04-12,2026-09-21,2026-09-21,0.0,True,"core,extended_wq,water_balance","chlorophyll_a,discharge,dissolved_oxygen,dissolved_oxygen_saturation,ph,salinity,specific_conductance,stage,turbidity,water_temperature",https://cdec.water.ca.gov/dynamicapp/staMeta?station_id=OH1
dwr_wdl:B95400,Old River @ Head,dwr_wdl,1,dwr_wdl:B95400,California Department of Water Resources,continuous_sonde,natural,,continuous,sub-daily,37.807609,-121.281282,18040003,San Joaquin Delta,,,NAD83,,,True,1,1982-10-01,2020-05-04,2020-05-04,6.4,False,water_balance,stage,https://wdl.water.ca.gov/WaterDataLibrary/StationDetails.aspx?Station=B95400
cdec:PDU,PARADISE CUT UPSTREAM,"cdec,dwr_wdl,edi",3,cdec:PDU;dwr_wdl:B9541050;edi:edi.2180:PDU,CA Dept of Water Resources/North Central Region Office,continuous_sonde,natural,,continuous,sub-daily,37.801022,-121.373076,18040003,San Joaquin Delta,,SAN JOAQUIN RIVER,,,,True,2,1999-07-14,2026-09-21,2026-09-21,0.0,True,core,"specific_conductance,water_temperature",https://cdec.water.ca.gov/dynamicapp/staMeta?station_id=PDU
dwr_wdl:B9541070,Paradise Cut Upstream North Bridge,dwr_wdl,1,dwr_wdl:B9541070,California Department of Water Resources,continuous_sonde,natural,,continuous,sub-daily,37.801114,-121.367492,18040003,San Joaquin Delta,,,WGS84,,,True,2,2023-02-15,2026-06-18,2026-06-18,0.3,True,core,"specific_conductance,water_temperature",https://wdl.water.ca.gov/WaterDataLibrary/StationDetails.aspx?Station=B9541070
dwr_wdl:B9541060,Paradise Cut Upstream South Bridge,dwr_wdl,1,dwr_wdl:B9541060,California Department of Water Resources,continuous_sonde,natural,,continuous,sub-daily,37.799913,-121.369086,18040003,San Joaquin Delta,,,WGS84,,,True,2,2023-02-15,2026-06-18,2026-06-18,0.3,True,core,"specific_conductance,water_temperature",https://wdl.water.ca.gov/WaterDataLibrary/StationDetails.aspx?Station=B9541060
ceden:544PCPR01,Paradise Cut at Paradise Road,ceden,1,ceden:544PCPR01,CEDEN contributing programs,discrete_grab,natural,,discrete,monthly,37.799791,-121.369382,18040003,San Joaquin Delta,,,,,,True,2,2007-04-05,2007-07-26,2007-07-26,19.2,False,"core,extended_wq","ph,water_temperature",https://ceden.waterboards.ca.gov/AdvancedQueryTool
wqp:CALWR_WQX-B0D74831187,River Station,wqp,1,wqp:CALWR_WQX-B0D74831187,California Department Of Water Resources,discrete_grab,natural,,discrete,quarterly,37.8047,-121.3123,18040003,San Joaquin Delta,,,,,,True,15,2009-10-14,2012-03-25,2012-03-25,14.5,False,"core,extended_wq,major_ions","alkalinity,boron,bromide,calcium,chloride,magnesium,nitrate,ph,potassium,selenium,sodium,specific_conductance,sulfate,total_dissolved_solids,water_temperature",https://www.waterqualitydata.us/provider/STORET/CALWR_WQX/CALWR_WQX-B0D74831187/
usgs:USGS-11304200,SAN JOAQUIN R A MOSSDALE,"cdec,ceden,edi,usgs,wqp",5,cdec:MSD;ceden:544SJC502;edi:edi.591:SAN JOAQUIN RIVER AT MOSSDALE BRIDGE;usgs:USGS-11304200;wqp:CALWR_WQX-B9D74711184;wqp:CALWR_WQX-B9D74721184,U.S. Geological Survey,streamgage,natural,,continuous,sub-daily,37.786039,-121.307999,18040003,San Joaquin Delta,,,,,,True,20,1989-03-02,2026-09-21,2026-09-21,0.0,True,"core,extended_wq,major_ions,water_balance","alkalinity,boron,calcium,chloride,chlorophyll_a,discharge,dissolved_oxygen,dissolved_oxygen_saturation,magnesium,nitrate,ph,potassium,selenium,sodium,specific_conductance,stage,sulfate,total_dissolved_solids,turbidity,water_temperature",https://waterdata.usgs.gov/monitoring-location/11304200
cdec:SJL,SAN JOAQUIN R BLW OLD R NEAR LATHROP,"cdec,edi",2,cdec:SJL;edi:edi.591:SAN JOAQUIN R BLW OLD R NEAR LATHROP,CA Dept of Water Resources/North Central Region Office,continuous_sonde,natural,,continuous,sub-daily,37.81115,-121.324036,18040003,San Joaquin Delta,,SAN JOAQUIN RIVER,,,,True,4,2002-02-27,2026-09-21,2026-09-21,0.0,True,"core,water_balance","discharge,specific_conductance,stage,water_temperature",https://cdec.water.ca.gov/dynamicapp/staMeta?station_id=SJL
usgs:USGS-11303500,SAN JOAQUIN R NR VERNALIS CA,"cdec,ceden,dwr_wdl,edi,usgs,wqp",6,cdec:SJR;cdec:VER;cdec:VNS;ceden:11303500;ceden:541SJC501;ceden:541SJR021;dwr_wdl:B0702000;edi:edi.591:SAN JOAQUIN R MCCUNE STATION NR VERNALIS;edi:edi.591:SAN JOAQUIN RIVER NEAR VERNALIS;edi:edi.591:VERNALIS (USBR);edi:edi.731:USGS_CAWSC USGS-11303500;usgs:USGS-11303500;wqp:CALWR_WQX-B0702000;wqp:CALWR_WQX-C10;wqp:CALWR_WQX-C10A;wqp:CEDEN-541SJC501,U.S. Geological Survey,streamgage,natural,,continuous,sub-daily,37.676012,-121.266291,18040003,San Joaquin Delta,,,,San Joaquin River,0.0,True,26,1923-10-01,2026-09-21,2026-09-21,0.0,True,"core,extended_wq,major_ions,water_balance","alkalinity,ammonia,boron,bromide,calcium,chloride,chlorophyll_a,discharge,dissolved_oxygen,magnesium,nitrate,organic_carbon,ph,phosphorus,potassium,salinity,selenium,sodium,specific_conductance,stage,sulfate,suspended_solids,total_dissolved_solids,total_nitrogen,turbidity,water_temperature",https://waterdata.usgs.gov/monitoring-location/11303500
cdec:SJD,SAN JOAQUIN RIVER ABOVE DOS REIS,"cdec,edi",2,cdec:SJD;edi:edi.2180:SJD;edi:edi.591:SAN JOAQUIN RIVER ABOVE DOS REIS,CA Dept of Water Resources/North Central Region Office,continuous_sonde,natural,,continuous,sub-daily,37.822331,-121.317724,18040003,San Joaquin Delta,,SAN JOAQUIN RIVER,,,,True,4,1999-07-14,2026-09-21,2026-09-21,0.0,True,"core,water_balance","discharge,specific_conductance,stage,water_temperature",https://cdec.water.ca.gov/dynamicapp/staMeta?station_id=SJD
wqp:CALWR_WQX-B7D74861194,San Joaquin River @ Lathrop,wqp,1,wqp:CALWR_WQX-B7D74861194,California Department Of Water Resources,discrete_grab,natural,,discrete,weekly,37.81,-121.323,18040003,San Joaquin Delta,,,,,,True,14,2009-12-12,2010-01-20,2010-01-20,16.7,False,"core,extended_wq,major_ions","alkalinity,boron,calcium,chloride,magnesium,nitrate,ph,potassium,selenium,sodium,specific_conductance,sulfate,total_dissolved_solids,water_temperature",https://www.waterqualitydata.us/provider/STORET/CALWR_WQX/CALWR_WQX-B7D74861194/
wqp:CALWR_WQX-B9D74761184,"San Joaquin River at Sadler Oak Rd, Lathrop",wqp,1,wqp:CALWR_WQX-B9D74761184,California Department Of Water Resources,discrete_grab,natural,,discrete,monthly,37.7934,-121.3063,18040003,San Joaquin Delta,,,,,,True,15,2011-03-19,2012-03-24,2012-03-24,14.5,False,"core,extended_wq,major_ions","alkalinity,boron,bromide,calcium,chloride,magnesium,nitrate,ph,potassium,selenium,sodium,specific_conductance,sulfate,total_dissolved_solids,water_temperature",https://www.waterqualitydata.us/provider/STORET/CALWR_WQX/CALWR_WQX-B9D74761184/
wqp:CALWR_WQX-DES WQ 10,San Joaquin Rv @ Mossdale Crossing,wqp,1,wqp:CALWR_WQX-DES WQ 10,California Department Of Water Resources,discrete_grab,unknown,,discrete,monthly,37.786389,-121.306111,18040003,San Joaquin Delta,,,,,,True,3,2002-11-26,2016-02-22,2016-02-22,10.6,False,"core,extended_wq","ph,specific_conductance,water_temperature",https://www.waterqualitydata.us/provider/STORET/CALWR_WQX/CALWR_WQX-DES WQ 10/
ceden:Sout-011,South Delta Subregion - Sout-011,ceden,1,ceden:Sout-011,CEDEN contributing programs,discrete_grab,unknown,,discrete,unknown,37.793685,-121.307466,18040003,San Joaquin Delta,,,,,,True,2,2023-04-26,2023-04-26,2023-04-26,3.4,False,"core,extended_wq","ph,water_temperature",https://ceden.waterboards.ca.gov/AdvancedQueryTool
wqp:CEDEN-535SRDSAW,Stanislaus River Drain @ South Airport Way,"ceden,wqp",2,ceden:535SRDSAW;wqp:CEDEN-535SRDSAW,California State Water Resources Control Board,discrete_grab,drain,,discrete,monthly,37.7123,-121.252,18040003,San Joaquin Delta,,,,,,True,11,2008-10-14,2008-12-09,2008-12-09,17.8,False,"core,extended_wq,major_ions","ammonia,boron,organic_carbon,ph,phosphorus,selenium,suspended_solids,total_dissolved_solids,total_nitrogen,turbidity,water_temperature",https://www.waterqualitydata.us/provider/STORET/CEDEN/CEDEN-535SRDSAW/
wqp:CALWR_WQX-B0D75041170,Stone Bridge Station,wqp,1,wqp:CALWR_WQX-B0D75041170,California Department Of Water Resources,discrete_grab,unknown,,discrete,monthly,37.8406,-121.2835,18040003,San Joaquin Delta,,,,,,True,3,2009-12-13,2010-01-21,2010-01-21,16.7,False,"core,extended_wq","ph,specific_conductance,water_temperature",https://www.waterqualitydata.us/provider/STORET/CALWR_WQX/CALWR_WQX-B0D75041170/
wqp:CALWR_WQX-VNS5951,TD VNS 5951,wqp,1,wqp:CALWR_WQX-VNS5951,California Department Of Water Resources,discrete_grab,unknown,,discrete,annual,37.710861,-121.342917,18040003,San Joaquin Delta,,,,,,True,3,2012-08-21,2016-08-08,2016-08-08,10.1,False,"core,extended_wq","ph,specific_conductance,water_temperature",https://www.waterqualitydata.us/provider/STORET/CALWR_WQX/CALWR_WQX-VNS5951/
wqp:CALWR_WQX-VNS3622,TD VNS3622,wqp,1,wqp:CALWR_WQX-VNS3622,California Department Of Water Resources,discrete_grab,unknown,,discrete,annual,37.677667,-121.289833,18040003,San Joaquin Delta,,,,,,True,3,2012-08-21,2015-11-16,2015-11-16,10.8,False,"core,extended_wq","ph,specific_conductance,water_temperature",https://www.waterqualitydata.us/provider/STORET/CALWR_WQX/CALWR_WQX-VNS3622/
wqp:CALWR_WQX-VNS4731,TD VNS4731,wqp,1,wqp:CALWR_WQX-VNS4731,California Department Of Water Resources,discrete_grab,unknown,,discrete,annual,37.6895,-121.306556,18040003,San Joaquin Delta,,,,,,True,3,2014-05-27,2016-08-09,2016-08-09,10.1,False,"core,extended_wq","ph,specific_conductance,water_temperature",https://www.waterqualitydata.us/provider/STORET/CALWR_WQX/CALWR_WQX-VNS4731/
wqp:CALWR_WQX-VNS3733,TILE DRAIN VNS3733,wqp,1,wqp:CALWR_WQX-VNS3733,California Department Of Water Resources,discrete_grab,drain,,discrete,quarterly,37.678333,-121.310639,18040003,San Joaquin Delta,,,,,,True,14,2012-02-06,2015-08-10,2015-08-10,11.1,False,"core,extended_wq,major_ions","alkalinity,boron,calcium,chloride,magnesium,nitrate,ph,potassium,selenium,sodium,specific_conductance,sulfate,total_dissolved_solids,water_temperature",https://www.waterqualitydata.us/provider/STORET/CALWR_WQX/CALWR_WQX-VNS3733/
cdec:TPP,TOM PAINE SLOUGH NR PESCADERO,"cdec,dwr_wdl",2,cdec:TPP;dwr_wdl:B95425,CA Dept of Water Resources/Operations and Maintenance,continuous_sonde,natural,,continuous,sub-daily,37.767284,-121.351028,18040003,San Joaquin Delta,,SAN JOAQUIN RIVER,,,,True,3,1983-10-01,2026-09-21,2026-09-21,0.0,True,"core,water_balance","specific_conductance,stage,water_temperature",https://cdec.water.ca.gov/dynamicapp/staMeta?station_id=TPP
ceden:544TPSELR,Tom Pain Sl. @ El Rancho Rd,ceden,1,ceden:544TPSELR,CEDEN contributing programs,discrete_grab,natural,,discrete,weekly,37.76898,-121.3745,18040003,San Joaquin Delta,,,,,,True,3,2003-07-24,2003-09-25,2003-09-25,23.0,False,"core,extended_wq","chloride,ph,water_temperature",https://ceden.waterboards.ca.gov/AdvancedQueryTool
dwr_wdl:B9542400,Tom Paine Slough at Paradise Ave,"ceden,dwr_wdl,wqp",3,ceden:544SJC505;ceden:544XSED07;dwr_wdl:B9542400;wqp:CEDEN-544SJC505;wqp:CEDEN-544XSED07,California Department of Water Resources,continuous_sonde,natural,,continuous,sub-daily,37.774,-121.38254,18040003,San Joaquin Delta,,,NAD83,,,True,16,2000-10-24,2023-11-15,2023-11-15,2.8,True,"core,extended_wq,major_ions","alkalinity,ammonia,boron,calcium,dissolved_oxygen,magnesium,organic_carbon,ph,phosphorus,potassium,selenium,sodium,specific_conductance,suspended_solids,total_dissolved_solids,water_temperature",https://wdl.water.ca.gov/WaterDataLibrary/StationDetails.aspx?Station=B9542400
esmr:740489,Tracy WWTP RSW-001,esmr,1,esmr:740489,Tracy WWTP,receiving_water,receiving_water,,discrete,weekly,37.8218,-121.3735,18040003,San Joaquin Delta,,Old River,,,,True,21,2010-02-09,2026-04-07,2026-04-07,0.5,True,"core,extended_wq,major_ions","alkalinity,ammonia,boron,calcium,chloride,dissolved_oxygen,hardness,magnesium,nitrate,organic_carbon,ph,phosphorus,potassium,selenium,sodium,specific_conductance,sulfate,total_dissolved_solids,total_nitrogen,turbidity,water_temperature",https://ciwqs.waterboards.ca.gov/ciwqs/readOnly/CiwqsReportServlet?inCommand=reset&reportName=esmrAnalyticalData
cdec:UNI,UNION ISLAND,"cdec,edi",2,cdec:UNI;edi:edi.591:UNION ISLAND,US Bureau of Reclamation,continuous_sonde,unknown,,continuous,sub-daily,37.822101,-121.37499,18040003,San Joaquin Delta,,DELTA,,,,True,2,1991-09-19,2026-09-21,2026-09-21,0.0,True,core,"specific_conductance,water_temperature",https://cdec.water.ca.gov/dynamicapp/staMeta?station_id=UNI
wqp:CEDEN-544UPRRID,Upper Roberts Island Drain,"ceden,wqp",2,ceden:544UPRRID;wqp:CEDEN-544UPRRID,California State Water Resources Control Board,discrete_grab,drain,,discrete,monthly,37.8189,-121.358,18040003,San Joaquin Delta,,,,,,True,10,2014-12-19,2025-09-24,2025-09-24,1.0,True,"core,extended_wq,major_ions","alkalinity,ammonia,dissolved_oxygen,organic_carbon,ph,selenium,specific_conductance,suspended_solids,turbidity,water_temperature",https://www.waterqualitydata.us/provider/STORET/CEDEN/CEDEN-544UPRRID/
dwr_wdl:01S06E29R001M,Upper Roberts Island Well 1A screen 23-28 ft bgs,dwr_wdl,1,dwr_wdl:01S06E29R001M,California Department of Water Resources,groundwater_well,groundwater,,continuous,sub-daily,37.811101,-121.325647,18040003,San Joaquin Delta,,,NAD83,,,True,1,2000-04-07,2016-09-15,2016-09-15,10.0,False,core,water_temperature,https://wdl.water.ca.gov/WaterDataLibrary/StationDetails.aspx?Station=01S06E29R001M
dwr_wdl:01S06E29R002M,Upper Roberts Island Well 1B screen 20-25 ft bgs,dwr_wdl,1,dwr_wdl:01S06E29R002M;dwr_wdl:01S06E29R003M,California Department of Water Resources,groundwater_well,groundwater,,continuous,sub-daily,37.812609,-121.325661,18040003,San Joaquin Delta,,,NAD83,,,True,1,2000-04-11,2016-09-15,2016-09-15,10.0,False,core,water_temperature,https://wdl.water.ca.gov/WaterDataLibrary/StationDetails.aspx?Station=01S06E29R002M
dwr_wdl:01S06E16D002M,Upper Roberts Island Well 2A screen 12-17 ft bgs,dwr_wdl,1,dwr_wdl:01S06E16D002M;dwr_wdl:01S06E16D003M,California Department of Water Resources,groundwater_well,groundwater,,continuous,sub-daily,37.851373,-121.323657,18040003,San Joaquin Delta,,,NAD83,,,True,1,2000-04-07,2015-06-03,2015-06-03,11.3,False,core,water_temperature,https://wdl.water.ca.gov/WaterDataLibrary/StationDetails.aspx?Station=01S06E16D002M
wqp:CALWR_WQX-VNS2923,VNS 2923,wqp,1,wqp:CALWR_WQX-VNS2923,California Department Of Water Resources,discrete_grab,unknown,,discrete,quarterly,37.667194,-121.290917,18040003,San Joaquin Delta,,,,,,True,14,2012-02-06,2015-08-10,2015-08-10,11.1,False,"core,extended_wq,major_ions","alkalinity,boron,calcium,chloride,magnesium,nitrate,ph,potassium,selenium,sodium,specific_conductance,sulfate,total_dissolved_solids,water_temperature",https://www.waterqualitydata.us/provider/STORET/CALWR_WQX/CALWR_WQX-VNS2923/
wqp:CALWR_WQX-VNS4734,VNS 4734,wqp,1,wqp:CALWR_WQX-VNS4734,California Department Of Water Resources,discrete_grab,unknown,,discrete,quarterly,37.6895,-121.311778,18040003,San Joaquin Delta,,,,,,True,14,2012-02-06,2016-08-08,2016-08-08,10.1,False,"core,extended_wq,major_ions","alkalinity,boron,calcium,chloride,magnesium,nitrate,ph,potassium,selenium,sodium,specific_conductance,sulfate,total_dissolved_solids,water_temperature",https://www.waterqualitydata.us/provider/STORET/CALWR_WQX/CALWR_WQX-VNS4734/
wqp:CALWR_WQX-VNS4931,VNS 4931,wqp,1,wqp:CALWR_WQX-VNS4931,California Department Of Water Resources,discrete_grab,unknown,,discrete,quarterly,37.696361,-121.306639,18040003,San Joaquin Delta,,,,,,True,14,2012-02-06,2016-08-08,2016-08-08,10.1,False,"core,extended_wq,major_ions","alkalinity,boron,calcium,chloride,magnesium,nitrate,ph,potassium,selenium,sodium,specific_conductance,sulfate,total_dissolved_solids,water_temperature",https://www.waterqualitydata.us/provider/STORET/CALWR_WQX/CALWR_WQX-VNS4931/
wqp:CALWR_WQX-VNS4951,VNS 4951,wqp,1,wqp:CALWR_WQX-VNS4951,California Department Of Water Resources,discrete_grab,unknown,,discrete,quarterly,37.695611,-121.342917,18040003,San Joaquin Delta,,,,,,True,14,2012-02-06,2016-08-08,2016-08-08,10.1,False,"core,extended_wq,major_ions","alkalinity,boron,calcium,chloride,magnesium,nitrate,ph,potassium,selenium,sodium,specific_conductance,sulfate,total_dissolved_solids,water_temperature",https://www.waterqualitydata.us/provider/STORET/CALWR_WQX/CALWR_WQX-VNS4951/
wqp:CALWR_WQX-VNS6035,VNS 6035,wqp,1,wqp:CALWR_WQX-VNS6035,California Department Of Water Resources,discrete_grab,unknown,,discrete,quarterly,37.711639,-121.312806,18040003,San Joaquin Delta,,,,,,True,14,2012-02-07,2016-08-09,2016-08-09,10.1,False,"core,extended_wq,major_ions","alkalinity,boron,calcium,chloride,magnesium,nitrate,ph,potassium,selenium,sodium,specific_conductance,sulfate,total_dissolved_solids,water_temperature",https://www.waterqualitydata.us/provider/STORET/CALWR_WQX/CALWR_WQX-VNS6035/
wqp:CALWR_WQX-VNS6927,VNS 6927,wqp,1,wqp:CALWR_WQX-VNS6927,California Department Of Water Resources,discrete_grab,unknown,,discrete,quarterly,37.726444,-121.298556,18040003,San Joaquin Delta,,,,,,True,14,2012-02-06,2015-08-11,2015-08-11,11.1,False,"core,extended_wq,major_ions","alkalinity,boron,calcium,chloride,magnesium,nitrate,ph,potassium,selenium,sodium,specific_conductance,sulfate,total_dissolved_solids,water_temperature",https://www.waterqualitydata.us/provider/STORET/CALWR_WQX/CALWR_WQX-VNS6927/
wqp:CALWR_WQX-VNS7026,VNS 7026,wqp,1,wqp:CALWR_WQX-VNS7026;wqp:CALWR_WQX-VNS7027,California Department Of Water Resources,discrete_grab,unknown,,discrete,quarterly,37.727167,-121.298917,18040003,San Joaquin Delta,,,,,,True,14,2012-02-07,2015-08-11,2015-08-11,11.1,False,"core,extended_wq,major_ions","alkalinity,boron,calcium,chloride,magnesium,nitrate,ph,potassium,selenium,sodium,specific_conductance,sulfate,total_dissolved_solids,water_temperature",https://www.waterqualitydata.us/provider/STORET/CALWR_WQX/CALWR_WQX-VNS7026/
wqp:CALWR_WQX-VNS3848,VNS3848,wqp,1,wqp:CALWR_WQX-VNS3848,California Department Of Water Resources,discrete_grab,unknown,,discrete,quarterly,37.679917,-121.339917,18040003,San Joaquin Delta,,,,,,True,3,2013-02-11,2016-08-08,2016-08-08,10.1,False,"core,extended_wq","ph,specific_conductance,water_temperature",https://www.waterqualitydata.us/provider/STORET/CALWR_WQX/CALWR_WQX-VNS3848/
dwr_wdl:03S06E28B003M,WSID-06 Lower (504-534),dwr_wdl,1,dwr_wdl:03S06E28B003M,California Department of Water Resources,groundwater_well,groundwater,,continuous,sub-daily,37.652805,-121.310963,18040003,San Joaquin Delta,,,NAD83,,,True,1,2025-12-15,2026-08-13,2026-08-13,0.1,True,core,water_temperature,https://wdl.water.ca.gov/WaterDataLibrary/StationDetails.aspx?Station=03S06E28B003M
dwr_wdl:03S06E28B002M,WSID-06 Middle (424-444),dwr_wdl,1,dwr_wdl:03S06E28B002M,California Department of Water Resources,groundwater_well,groundwater,,continuous,sub-daily,37.652805,-121.310963,18040003,San Joaquin Delta,,,NAD83,,,True,1,2025-12-15,2026-08-13,2026-08-13,0.1,True,core,water_temperature,https://wdl.water.ca.gov/WaterDataLibrary/StationDetails.aspx?Station=03S06E28B002M
dwr_wdl:03S06E28B001M,WSID-06 Upper (124-154),dwr_wdl,1,dwr_wdl:03S06E28B001M,California Department of Water Resources,groundwater_well,groundwater,,continuous,sub-daily,37.652805,-121.310963,18040003,San Joaquin Delta,,,NAD83,,,True,1,2025-12-15,2026-08-13,2026-08-13,0.1,True,core,water_temperature,https://wdl.water.ca.gov/WaterDataLibrary/StationDetails.aspx?Station=03S06E28B001M
ceden:544SJC002,Walthall Slough,ceden,1,ceden:544SJC002,CEDEN contributing programs,discrete_grab,natural,,discrete,unknown,37.7692,-121.2891,18040003,San Joaquin Delta,,,,,,True,2,2009-05-19,2009-05-19,2009-05-19,17.3,False,"core,extended_wq","ph,water_temperature",https://ceden.waterboards.ca.gov/AdvancedQueryTool
wqp:CEDEN-544WSAWAV,Walthall Slough @ Woodward Ave,"ceden,wqp",2,ceden:535WSAWAV;ceden:544WSAWAV;wqp:CEDEN-544WSAWAV,California State Water Resources Control Board,discrete_grab,natural,,discrete,monthly,37.7705,-121.292,18040003,San Joaquin Delta,,,,,,True,15,2003-04-01,2025-09-24,2025-09-24,1.0,True,"core,extended_wq,major_ions","alkalinity,ammonia,boron,chloride,dissolved_oxygen,organic_carbon,ph,phosphorus,selenium,specific_conductance,suspended_solids,total_dissolved_solids,total_nitrogen,turbidity,water_temperature",https://www.waterqualitydata.us/provider/STORET/CEDEN/CEDEN-544WSAWAV/
wqp:CEDEN-544WSAHRD,Walthall Slough at Hays Rd,"ceden,wqp",2,ceden:544WSAHRD;wqp:CEDEN-544WSAHRD,California State Water Resources Control Board,discrete_grab,natural,,discrete,unknown,37.7417,-121.278,18040003,San Joaquin Delta,,,,,,True,7,2021-04-21,2021-04-21,2021-04-21,5.4,False,"core,extended_wq,major_ions","alkalinity,ammonia,dissolved_oxygen,organic_carbon,ph,specific_conductance,water_temperature",https://www.waterqualitydata.us/provider/STORET/CEDEN/CEDEN-544WSAHRD/
wqp:USGS-373700119050001,004S026E03A001M,wqp,1,wqp:USGS-373700119050001,U.S. Geological Survey,groundwater_well,groundwater,,discrete,unknown,37.632333,-119.084806,18040006,Upper San Joaquin,180400060402,,,San Joaquin River,453.8,False,3,2012-09-20,2018-08-30,2018-08-30,8.1,False,"core,extended_wq,major_ions","boron,chloride,selenium",https://www.waterqualitydata.us/provider/USGS/USGS/USGS-373700119050001/
wqp:USGS-373738119045501,004S026E03JS01M,wqp,1,wqp:USGS-373738119045501,U.S. Geological Survey,discrete_grab,natural,,discrete,unknown,37.627583,-119.085889,18040006,Upper San Joaquin,180400060402,,,San Joaquin River,453.2,False,2,2008-09-25,2008-09-25,2008-09-25,18.0,False,extended_wq,"dissolved_oxygen,selenium",https://www.waterqualitydata.us/provider/USGS/USGS/USGS-373738119045501/
wqp:USGS-371900119340001,007S022E09M001M,wqp,1,wqp:USGS-371900119340001,U.S. Geological Survey,groundwater_well,groundwater,,discrete,unknown,37.332861,-119.581194,18040006,Upper San Joaquin,180400061101,,,,,False,4,2016-05-03,2021-05-11,2021-05-11,5.4,False,"core,extended_wq,major_ions","alkalinity,ammonia,calcium,water_temperature",https://www.waterqualitydata.us/provider/USGS/USGS/USGS-371900119340001/
wqp:USGS-371800119320001,007S022E23K001M,wqp,1,wqp:USGS-371800119320001,U.S. Geological Survey,groundwater_well,groundwater,,discrete,annual,37.314056,-119.534806,18040006,Upper San Joaquin,180400061101,,,,,False,7,2006-05-11,2007-04-25,2007-04-25,19.4,False,"core,extended_wq,major_ions","alkalinity,bromide,chloride,ph,sulfate,total_dissolved_solids,turbidity",https://www.waterqualitydata.us/provider/USGS/USGS/USGS-371800119320001/
wqp:USGS-371600119320001,007S022E35Q003M,wqp,1,wqp:USGS-371600119320001,U.S. Geological Survey,groundwater_well,groundwater,,discrete,unknown,37.274417,-119.533556,18040006,Upper San Joaquin,180400061101,,,,,False,2,2016-05-04,2021-05-12,2021-05-12,5.4,False,extended_wq,"phosphorus,selenium",https://www.waterqualitydata.us/provider/USGS/USGS/USGS-371600119320001/
wqp:USGS-372000119290001,007S023E05M001M,wqp,1,wqp:USGS-372000119290001,U.S. Geological Survey,groundwater_well,groundwater,,discrete,unknown,37.347639,-119.48775,18040006,Upper San Joaquin,180400061103,,,,,False,1,2006-05-25,2006-05-25,2006-05-25,20.3,False,major_ions,alkalinity,https://www.waterqualitydata.us/provider/USGS/USGS/USGS-372000119290001/
wqp:USGS-372000119280001,007S023E05Q001M,wqp,1,wqp:USGS-372000119280001,U.S. Geological Survey,groundwater_well,groundwater,,discrete,unknown,37.343917,-119.478917,18040006,Upper San Joaquin,180400061103,,,,,False,1,2006-05-25,2006-05-25,2006-05-25,20.3,False,extended_wq,phosphorus,https://www.waterqualitydata.us/provider/USGS/USGS/USGS-372000119280001/
wqp:USGS-371300119300001,008S022E24A001M,wqp,1,wqp:USGS-371300119300001,U.S. Geological Survey,groundwater_well,groundwater,,discrete,unknown,37.225694,-119.510528,18040006,Upper San Joaquin,180400061101,,,,,False,1,2006-05-11,2006-05-11,2006-05-11,20.4,False,extended_wq,dissolved_oxygen,https://www.waterqualitydata.us/provider/USGS/USGS/USGS-371300119300001/
wqp:USGS-371300119300002,008S023E19D001M,wqp,1,wqp:USGS-371300119300002,U.S. Geological Survey,groundwater_well,groundwater,,discrete,unknown,37.226889,-119.506278,18040006,Upper San Joaquin,180400061101,,,,,False,2,2006-05-22,2006-05-22,2006-05-22,20.3,False,"core,extended_wq","chloride,phosphorus",https://www.waterqualitydata.us/provider/USGS/USGS/USGS-371300119300002/
wqp:USGS-371300119280001,008S023E20F001M,wqp,1,wqp:USGS-371300119280001,U.S. Geological Survey,groundwater_well,groundwater,,discrete,unknown,37.222472,-119.48275,18040006,Upper San Joaquin,180400061103,,,,,False,2,2006-05-22,2006-05-22,2006-05-22,20.3,False,extended_wq,"dissolved_oxygen,nitrate",https://www.waterqualitydata.us/provider/USGS/USGS/USGS-371300119280001/
wqp:USGS-371100119270001,008S023E33C001M,wqp,1,wqp:USGS-371100119270001,U.S. Geological Survey,groundwater_well,groundwater,,discrete,unknown,37.194583,-119.465778,18040006,Upper San Joaquin,180400061102,,,,,False,1,2006-05-22,2006-05-22,2006-05-22,20.3,False,extended_wq,nitrate,https://www.waterqualitydata.us/provider/USGS/USGS/USGS-371100119270001/
wqp:11NPSWRD_WQX-DEPO_CAF&G_6,100M BELOW DEVILS POSTPILE NM RANGER STATION,wqp,1,wqp:11NPSWRD_WQX-DEPO_CAF&G_6,National Park Service Water Resources Division,discrete_grab,unknown,,discrete,irregular,37.629306,-119.084611,18040006,Upper San Joaquin,180400060402,,,San Joaquin River,453.4,False,4,1988-09-25,1997-10-01,1997-10-01,29.0,False,"core,extended_wq,major_ions","alkalinity,ph,specific_conductance,water_temperature",https://www.waterqualitydata.us/provider/STORET/11NPSWRD_WQX/11NPSWRD_WQX-DEPO_CAF&G_6/
wqp:11NPSWRD_WQX-DEPO_CAF&G_1,500 FT UPSTREAM FROM SODA SPRINGS BRIDGE,wqp,1,wqp:11NPSWRD_WQX-DEPO_CAF&G_1,National Park Service Water Resources Division,discrete_grab,unknown,,discrete,irregular,37.654889,-119.080167,18040006,Upper San Joaquin,180400060401,,,San Joaquin River,457.2,False,4,1986-11-09,1989-08-09,1989-08-09,37.1,False,"core,extended_wq,major_ions","alkalinity,ph,specific_conductance,water_temperature",https://www.waterqualitydata.us/provider/STORET/11NPSWRD_WQX/11NPSWRD_WQX-DEPO_CAF&G_1/
wqp:TABLEMOUNTAINRANCHERIA_WQX-PASW2,AREA A SURFACE WATER SAMPLING SITE 2,wqp,1,wqp:TABLEMOUNTAINRANCHERIA_WQX-PASW2,Table Mountain Rancheria of California (Tribal),discrete_grab,unknown,,discrete,quarterly,36.99194,-119.6399,18040006,Upper San Joaquin,180400061303,,,,,False,13,2016-02-29,2026-05-13,2026-05-13,0.4,True,"core,extended_wq,major_ions","calcium,chloride,magnesium,nitrate,ph,phosphorus,potassium,sodium,specific_conductance,sulfate,total_dissolved_solids,total_nitrogen,water_temperature",https://www.waterqualitydata.us/provider/STORET/TABLEMOUNTAINRANCHERIA_WQX/TABLEMOUNTAINRANCHERIA_WQX-PASW2/
usgs:USGS-11243400,BASS LK NR BASS LAKE CA,usgs,1,usgs:USGS-11243400,U.S. Geological Survey,reservoir,reservoir,,continuous,daily,37.293279,-119.52875,18040006,Upper San Joaquin,180400061101,,,,,False,1,1978-10-01,2025-09-30,2025-09-30,1.0,True,water_balance,reservoir_storage,https://waterdata.usgs.gov/monitoring-location/11243400
usgs:USGS-11230530,BEAR C BELOW DIV DAM NR LAKE THOMAS A EDISON CA,"ceden,usgs,wqp",3,ceden:540230530;usgs:USGS-11230530;wqp:CEDEN-540230530,U.S. Geological Survey,streamgage,natural,,continuous,daily,37.335498,-118.975673,18040006,Upper San Joaquin,180400060205,,,,,False,4,1986-10-01,2025-09-30,2025-09-30,1.0,True,"core,extended_wq,water_balance","chloride,discharge,stage,total_nitrogen",https://waterdata.usgs.gov/monitoring-location/11230530
usgs:USGS-11230520,BEAR C CONDUIT NR LAKE THOMAS A EDISON CA,usgs,1,usgs:USGS-11230520,U.S. Geological Survey,streamgage,conveyance,diversion,continuous,daily,37.336053,-118.975396,18040006,Upper San Joaquin,180400060205,,,,,False,1,1986-10-01,2025-09-30,2025-09-30,1.0,True,water_balance,discharge,https://waterdata.usgs.gov/monitoring-location/11230520
usgs:USGS-11230500,BEAR C NR LAKE THOMAS A EDISON CA,usgs,1,usgs:USGS-11230500,U.S. Geological Survey,streamgage,natural,,continuous,daily,37.339386,-118.973451,18040006,Upper San Joaquin,180400060205,,,,,False,2,1921-10-01,2025-09-30,2025-09-30,1.0,True,water_balance,"discharge,stage",https://waterdata.usgs.gov/monitoring-location/11230500
wqp:CEDEN-540230531,BEAR C UPSTRM DIV DAM NR LAKE THOMAS A EDISON CA,"ceden,wqp",2,ceden:540230531;wqp:CEDEN-540230531,California State Water Resources Control Board,discrete_grab,natural,,discrete,unknown,37.3399,-118.973,18040006,Upper San Joaquin,180400060205,,,,,False,2,2012-09-06,2012-09-06,2012-09-06,14.0,False,"core,extended_wq","chloride,total_nitrogen",https://www.waterqualitydata.us/provider/STORET/CEDEN/CEDEN-540230531/
usgs:USGS-11237000,BIG C BL HUNTINGTON LK CA,"ceden,usgs,wqp",3,ceden:540237000;usgs:USGS-11237000;wqp:CEDEN-540237000,U.S. Geological Survey,streamgage,natural,,continuous,daily,37.221334,-119.212622,18040006,Upper San Joaquin,180400060904,,,,,False,6,1925-06-09,2025-09-30,2025-09-30,1.0,True,"core,extended_wq,water_balance","chloride,discharge,phosphorus,stage,total_nitrogen,water_temperature",https://waterdata.usgs.gov/monitoring-location/11237000
usgs:USGS-11238500,BIG C NR MOUTH NR BIG CREEK CA,usgs,1,usgs:USGS-11238500,U.S. Geological Survey,streamgage,natural,,continuous,daily,37.207724,-119.321238,18040006,Upper San Joaquin,180400060904,,,,,False,2,1923-05-10,2025-09-30,2025-09-30,1.0,True,water_balance,"discharge,stage",https://waterdata.usgs.gov/monitoring-location/11238500
usgs:USGS-11238100,BIG C PH NO 1 AT BIG CREEK CA,usgs,1,usgs:USGS-11238100,U.S. Geological Survey,streamgage,conveyance,diversion,continuous,daily,37.204112,-119.239845,18040006,Upper San Joaquin,180400060904,,,,,False,1,1980-10-01,2025-09-30,2025-09-30,1.0,True,water_balance,discharge,https://waterdata.usgs.gov/monitoring-location/11238100
usgs:USGS-11238380,BIG C PH NO 2 NR BIG CREEK CA,usgs,1,usgs:USGS-11238380;usgs:USGS-11238400,U.S. Geological Survey,streamgage,conveyance,diversion,continuous,daily,37.198835,-119.306515,18040006,Upper San Joaquin,180400060904,,,,,False,1,1980-10-01,2025-09-30,2025-09-30,1.0,True,water_balance,discharge,https://waterdata.usgs.gov/monitoring-location/11238380
usgs:USGS-11241800,BIG C PH NO 3 NR SHAVER LK CA,usgs,1,usgs:USGS-11241800,U.S. Geological Survey,streamgage,conveyance,diversion,continuous,daily,37.148558,-119.386518,18040006,Upper San Joaquin,180400061004,,,San Joaquin River,375.5,False,1,1980-10-01,2025-09-30,2025-09-30,1.0,True,water_balance,discharge,https://waterdata.usgs.gov/monitoring-location/11241800
usgs:USGS-11246530,BIG C PH NO 4 NR AUBERRY CA,usgs,1,usgs:USGS-11246530,U.S. Geological Survey,streamgage,conveyance,diversion,continuous,daily,37.138837,-119.489857,18040006,Upper San Joaquin,180400061301,,,San Joaquin River,357.3,False,1,1980-10-01,2025-09-30,2025-09-30,1.0,True,water_balance,discharge,https://waterdata.usgs.gov/monitoring-location/11246530
usgs:USGS-11238550,BIG C PH NO 8 NR BIG CREEK CA,usgs,1,usgs:USGS-11238550,U.S. Geological Survey,streamgage,conveyance,diversion,continuous,daily,37.209668,-119.328738,18040006,Upper San Joaquin,180400060904,,,San Joaquin River,385.0,False,1,1980-10-01,2025-09-30,2025-09-30,1.0,True,water_balance,discharge,https://waterdata.usgs.gov/monitoring-location/11238550
usgs:USGS-11247500,BIG SANDY C NR AUBERRY CA,usgs,1,usgs:USGS-11247500,U.S. Geological Survey,streamgage,natural,,continuous,daily,37.052727,-119.542637,18040006,Upper San Joaquin,180400061302,,,,,False,2,1946-10-01,1951-09-29,1951-09-29,75.0,False,water_balance,"discharge,stage",https://waterdata.usgs.gov/monitoring-location/11247500
usgs:USGS-11247200,BIG SANDY C TRIB NR TOLLHOUSE CA,usgs,1,usgs:USGS-11247200,U.S. Geological Survey,streamgage,natural,,continuous,daily,37.031338,-119.448187,18040006,Upper San Joaquin,180400061302,,,,,False,2,1960-02-09,1973-01-16,1973-01-16,53.7,False,water_balance,"discharge,stage",https://waterdata.usgs.gov/monitoring-location/11247200
usgs:USGS-11230650,BOLSILLO C AB DIV DAM NR BIG CREEK CA,usgs,1,usgs:USGS-11230650,U.S. Geological Survey,streamgage,natural,,continuous,daily,37.309943,-119.039285,18040006,Upper San Joaquin,180400060206,,,,,False,1,1985-10-01,1995-09-29,1995-09-29,31.0,False,water_balance,discharge,https://waterdata.usgs.gov/monitoring-location/11230650
usgs:USGS-11230670,BOLSILLO C BL DIV DAM NR BIG CREEK CA,usgs,1,usgs:USGS-11230670,U.S. Geological Survey,streamgage,natural,,continuous,daily,37.311888,-119.040674,18040006,Upper San Joaquin,180400060206,,,,,False,1,1985-10-01,2005-07-21,2005-07-21,21.2,False,water_balance,discharge,https://waterdata.usgs.gov/monitoring-location/11230670
usgs:USGS-11243300,BROWNS C CN AT BASS LAKE CA,"cdec,usgs",2,cdec:BWD;usgs:USGS-11243300,U.S. Geological Survey,streamgage,conveyance,diversion,continuous,sub-daily,37.287446,-119.519583,18040006,Upper San Joaquin,180400061101,,,,,False,2,1986-10-01,2026-09-21,2026-09-21,0.0,True,water_balance,"discharge,stage",https://waterdata.usgs.gov/monitoring-location/11243300
cdec:BCO,BROWNS CREEK CONDUIT,cdec,1,cdec:BCO,Pacific Gas & Electric,daily_summary,conveyance,diversion,continuous,daily,37.28777,-119.51984,18040006,Upper San Joaquin,180400061101,SAN JOAQUIN RIVER,,,,False,2,2020-01-01,2026-09-21,2026-09-21,0.0,True,water_balance,"diversion,stage",https://cdec.water.ca.gov/dynamicapp/staMeta?station_id=BCO
esmr:639364,Balsam Meadows Hydro Project EFF-002,esmr,1,esmr:639364,Balsam Meadows Hydro Project,effluent,effluent,,discrete,quarterly,37.1353,-119.258931,18040006,Upper San Joaquin,180400061002,NA,,,,False,1,2025-09-30,2025-12-31,2025-12-31,0.7,True,water_balance,discharge,https://ciwqs.waterboards.ca.gov/ciwqs/readOnly/CiwqsReportServlet?inCommand=reset&reportName=esmrAnalyticalData
wqp:CEDEN-540PBL098,Bass Lake,"ceden,wqp",2,ceden:540PBL098;wqp:CEDEN-540PBL098,California State Water Resources Control Board,reservoir,reservoir,,discrete,unknown,37.3133,-119.551,18040006,Upper San Joaquin,180400061101,,,,,False,2,2014-09-17,2014-09-17,2014-09-17,12.0,False,"extended_wq,major_ions","organic_carbon,sulfate",https://www.waterqualitydata.us/provider/STORET/CEDEN/CEDEN-540PBL098/
wqp:CEDEN-540BSC296,Beasore Creek ~2.3mi below Beasore Rd.,"ceden,wqp",2,ceden:540BSC296;wqp:CEDEN-540BSC296,California State Water Resources Control Board,discrete_grab,natural,,discrete,annual,37.4459,-119.443,18040006,Upper San Joaquin,180400060702,,,,,False,12,2015-05-20,2021-06-23,2021-06-23,5.2,False,"core,extended_wq,major_ions","ammonia,calcium,chloride,magnesium,nitrate,organic_carbon,ph,phosphorus,sulfate,suspended_solids,total_nitrogen,water_temperature",https://www.waterqualitydata.us/provider/STORET/CEDEN/CEDEN-540BSC296/
ceden:540PS0008,Big Creek,ceden,1,ceden:540PS0008,CEDEN contributing programs,discrete_grab,natural,,discrete,unknown,37.2181,-119.21811,18040006,Upper San Joaquin,180400060904,,,,,False,4,2008-08-06,2008-08-06,2008-08-06,18.1,False,"core,extended_wq,major_ions","chloride,ph,sulfate,water_temperature",https://ceden.waterboards.ca.gov/AdvancedQueryTool
esmr:753824,Big Creek Powerhouse No 1 WWTF EFF-001,esmr,1,esmr:753824,Big Creek Powerhouse No 1 WWTF,effluent,effluent,,continuous,daily,37.202222,-119.243889,18040006,Upper San Joaquin,180400060904,NA,,,,False,9,2013-01-01,2016-07-31,2016-07-31,10.1,False,"core,extended_wq,major_ions,water_balance","ammonia,discharge,hardness,nitrate,ph,phosphorus,specific_conductance,suspended_solids,water_temperature",https://ciwqs.waterboards.ca.gov/ciwqs/readOnly/CiwqsReportServlet?inCommand=reset&reportName=esmrAnalyticalData
ceden:540BCA168,Big Creek ~1.9mi above Hwy 168,ceden,1,ceden:540BCA168,CEDEN contributing programs,discrete_grab,natural,,discrete,irregular,37.233813,-119.135838,18040006,Upper San Joaquin,180400060901,,,,,False,4,2010-08-09,2014-06-24,2014-06-24,12.2,False,"core,extended_wq,major_ions","chloride,ph,sulfate,water_temperature",https://ceden.waterboards.ca.gov/AdvancedQueryTool
wqp:CEDEN-540SED003,Boulder Creek 3,"ceden,wqp",2,ceden:540SED003;wqp:CEDEN-540SED003,California State Water Resources Control Board,discrete_grab,natural,,discrete,irregular,37.2425,-118.948,18040006,Upper San Joaquin,180400060204,,,,,False,7,2011-08-30,2025-08-19,2025-08-19,1.1,True,"core,extended_wq,major_ions","chloride,organic_carbon,ph,phosphorus,sulfate,total_nitrogen,water_temperature",https://www.waterqualitydata.us/provider/STORET/CEDEN/CEDEN-540SED003/
usgs:USGS-11230600,CAMP 62 C BL DIV DAM NR BIG C CA,usgs,1,usgs:USGS-11230600,U.S. Geological Survey,streamgage,natural,,continuous,daily,37.308832,-119.027895,18040006,Upper San Joaquin,180400060206,,,,,False,1,1987-04-16,2008-07-08,2008-07-08,18.2,False,water_balance,discharge,https://waterdata.usgs.gov/monitoring-location/11230600
cdec:W21,CHILKOOT LAKE,cdec,1,cdec:W21,Pacific Gas & Electric,reservoir,reservoir,,continuous,sub-daily,37.41152,-119.48464,18040006,Upper San Joaquin,180400061101,SAN JOAQUIN RIVER,,,,False,1,2020-07-16,2026-09-21,2026-09-21,0.0,True,water_balance,stage,https://cdec.water.ca.gov/dynamicapp/staMeta?station_id=W21
usgs:USGS-11230560,CHINQUAPIN C BL DIV DAM NR BIG C CA,usgs,1,usgs:USGS-11230560,U.S. Geological Survey,streamgage,natural,,continuous,daily,37.307166,-119.01984,18040006,Upper San Joaquin,180400060206,,,,,False,1,1987-04-17,2003-07-08,2003-07-08,23.2,False,water_balance,discharge,https://waterdata.usgs.gov/monitoring-location/11230560
usgs:USGS-11234500,CHIQUITO C NR BASS LAKE CA,usgs,1,usgs:USGS-11234500,U.S. Geological Survey,streamgage,natural,,continuous,daily,37.412998,-119.382077,18040006,Upper San Joaquin,180400060702,,,,,False,2,1921-10-01,1970-09-29,1970-09-29,56.0,False,water_balance,"discharge,stage",https://waterdata.usgs.gov/monitoring-location/11234500
cdec:CHO,CHIQUITO CREEK CANAL,cdec,1,cdec:CHO,Pacific Gas & Electric,continuous_sonde,conveyance,diversion,continuous,sub-daily,37.40855,-119.47937,18040006,Upper San Joaquin,180400060702,SAN JOAQUIN RIVER,,,,False,1,2020-07-16,2026-09-21,2026-09-21,0.0,True,water_balance,stage,https://cdec.water.ca.gov/dynamicapp/staMeta?station_id=CHO
cdec:CNV,CRANE VALLEY,cdec,1,cdec:CNV,Pacific Gas & Electric,reservoir,reservoir,,continuous,daily,37.283,-119.517,18040006,Upper San Joaquin,180400061103,SAN JOAQUIN RIVER,,,,False,2,1955-10-01,2026-09-21,2026-09-21,0.0,True,water_balance,"reservoir_storage,stage",https://cdec.water.ca.gov/dynamicapp/staMeta?station_id=CNV
wqp:CEDEN-540CQCBBR,Chiquito Creek ~0.7mi below Beasore Rd.,"ceden,wqp",2,ceden:540CQCBBR;wqp:CEDEN-540CQCBBR,California State Water Resources Control Board,discrete_grab,natural,,discrete,unknown,37.5127,-119.425,18040006,Upper San Joaquin,180400060701,,,,,False,8,2011-09-14,2011-09-14,2011-09-14,15.0,False,"core,extended_wq,major_ions","chloride,organic_carbon,ph,phosphorus,sulfate,suspended_solids,total_nitrogen,water_temperature",https://www.waterqualitydata.us/provider/STORET/CEDEN/CEDEN-540CQCBBR/
wqp:CEDEN-540CDC136,Cold Creek ~1.4mi above Lake Thomas Edison,"ceden,wqp",2,ceden:540CDC136;wqp:CEDEN-540CDC136,California State Water Resources Control Board,discrete_grab,natural,,discrete,unknown,37.3972,-119.001,18040006,Upper San Joaquin,180400060102,,,,,False,7,2013-07-24,2013-07-24,2013-07-24,13.2,False,"core,extended_wq,major_ions","chloride,organic_carbon,ph,sulfate,suspended_solids,total_nitrogen,water_temperature",https://www.waterqualitydata.us/provider/STORET/CEDEN/CEDEN-540CDC136/
wqp:11NPSWRD_WQX-DEPO_CAF&G_2,DEVILS POSTPILE NATIONAL MONUMENT PICNIC AREA,wqp,1,wqp:11NPSWRD_WQX-DEPO_CAF&G_2,National Park Service Water Resources Division,discrete_grab,unknown,,discrete,irregular,37.624778,-119.085056,18040006,Upper San Joaquin,180400060402,,,San Joaquin River,452.9,False,4,1986-09-22,1988-09-22,1988-09-22,38.0,False,"core,extended_wq,major_ions","alkalinity,ph,specific_conductance,water_temperature",https://www.waterqualitydata.us/provider/STORET/11NPSWRD_WQX/11NPSWRD_WQX-DEPO_CAF&G_2/
wqp:11NPSWRD_WQX-KICA_S013-OUT,Darwin Bench Outlet,wqp,1,wqp:11NPSWRD_WQX-KICA_S013-OUT,National Park Service Water Resources Division,discrete_grab,unknown,,discrete,irregular,37.1832,-118.705,18040006,Upper San Joaquin,180400060201,,,,,False,13,2008-09-23,2018-08-23,2018-08-23,8.1,False,"core,extended_wq,major_ions","calcium,chloride,dissolved_oxygen,dissolved_oxygen_saturation,magnesium,nitrate,ph,potassium,sodium,specific_conductance,sulfate,total_nitrogen,water_temperature",https://www.waterqualitydata.us/provider/STORET/11NPSWRD_WQX/11NPSWRD_WQX-KICA_S013-OUT/
wqp:CEDEN-540DTC352,Daulton Creek ~0.3mi below Stump Springs Rd.,"ceden,wqp",2,ceden:540DTC352;wqp:CEDEN-540DTC352,California State Water Resources Control Board,discrete_grab,natural,,discrete,irregular,37.322,-119.286,18040006,Upper San Joaquin,180400060804,,,,,False,7,2019-08-27,2022-09-07,2022-09-07,4.0,False,"core,extended_wq,major_ions","chloride,organic_carbon,ph,sulfate,suspended_solids,total_nitrogen,water_temperature",https://www.waterqualitydata.us/provider/STORET/CEDEN/CEDEN-540DTC352/
usgs:USGS-11238250,EASTWOOD PP AB SHAVER LK NR BIG CREEK CA,usgs,1,usgs:USGS-11238250,U.S. Geological Survey,streamgage,conveyance,diversion,continuous,daily,37.131891,-119.26179,18040006,Upper San Joaquin,180400061002,,,,,False,1,1987-10-01,2025-09-30,2025-09-30,1.0,True,water_balance,discharge,https://waterdata.usgs.gov/monitoring-location/11238250
usgs:USGS-11228000,EF GRANITE C NR CATTLE MOUNTAIN CA,usgs,1,usgs:USGS-11228000,U.S. Geological Survey,streamgage,natural,,continuous,daily,37.54994,-119.262074,18040006,Upper San Joaquin,180400060501,,,,,False,1,1921-10-01,1925-09-29,1925-09-29,101.0,False,water_balance,discharge,https://waterdata.usgs.gov/monitoring-location/11228000
wqp:11NPSWRD_WQX-KICA_S018-OUT,Evolution Basin Outlet,wqp,1,wqp:11NPSWRD_WQX-KICA_S018-OUT,National Park Service Water Resources Division,discrete_grab,unknown,,discrete,irregular,37.1367,-118.698,18040006,Upper San Joaquin,180400060201,,,,,False,12,2009-09-15,2019-09-07,2019-09-07,7.0,False,"core,extended_wq,major_ions","calcium,chloride,dissolved_oxygen,magnesium,nitrate,ph,potassium,sodium,specific_conductance,sulfate,total_nitrogen,water_temperature",https://www.waterqualitydata.us/provider/STORET/11NPSWRD_WQX/11NPSWRD_WQX-KICA_S018-OUT/
usgs:USGS-11248000,FINE GOLD C NR FRIANT CA,usgs,1,usgs:USGS-11248000,U.S. Geological Survey,streamgage,natural,,continuous,daily,37.066616,-119.648198,18040006,Upper San Joaquin,180400061202,,,,,False,2,1936-10-01,1958-09-29,1958-09-29,68.0,False,water_balance,"discharge,stage",https://waterdata.usgs.gov/monitoring-location/11248000
cdec:FLR,FLORENCE LAKE (SCE),cdec,1,cdec:FLR,"Southern California Edison Company, Big Creek",reservoir,reservoir,,continuous,daily,37.267,-118.967,18040006,Upper San Joaquin,180400060204,SAN JOAQUIN RIVER,,,,False,2,1926-11-01,2026-09-21,2026-09-21,0.0,True,water_balance,"reservoir_storage,stage",https://cdec.water.ca.gov/dynamicapp/staMeta?station_id=FLR
usgs:USGS-11229600,FLORENCE LK NR BIG C CA,usgs,1,usgs:USGS-11229600,U.S. Geological Survey,reservoir,reservoir,,continuous,daily,37.272165,-118.972338,18040006,Upper San Joaquin,180400060204,,,,,False,1,1925-11-02,2025-09-30,2025-09-30,1.0,True,water_balance,reservoir_storage,https://waterdata.usgs.gov/monitoring-location/11229600
usgs:USGS-11228500,GRANITE C NR CATTLE MOUNTAIN CA,usgs,1,usgs:USGS-11228500,U.S. Geological Survey,streamgage,natural,,continuous,daily,37.526608,-119.258739,18040006,Upper San Joaquin,180400060502,,,,,False,2,1921-10-01,1986-09-29,1986-09-29,40.0,False,water_balance,"discharge,stage",https://waterdata.usgs.gov/monitoring-location/11228500
wqp:11NPSWRD_WQX-KICA_S045-OUT,Goddard,wqp,1,wqp:11NPSWRD_WQX-KICA_S045-OUT,National Park Service Water Resources Division,discrete_grab,unknown,,discrete,unknown,37.1443,-118.758,18040006,Upper San Joaquin,180400060203,,,,,False,12,2016-09-25,2016-09-25,2016-09-25,10.0,False,"core,extended_wq,major_ions","calcium,chloride,dissolved_oxygen,magnesium,nitrate,ph,potassium,sodium,specific_conductance,sulfate,total_nitrogen,water_temperature",https://www.waterqualitydata.us/provider/STORET/11NPSWRD_WQX/11NPSWRD_WQX-KICA_S045-OUT/
ceden:540GNCBTC,"Granite Creek, WF ~0.6mi below Timber Cr.",ceden,1,ceden:540GNCBTC,CEDEN contributing programs,discrete_grab,natural,,discrete,unknown,37.564038,-119.315968,18040006,Upper San Joaquin,180400060501,,,,,False,4,2011-09-13,2011-09-13,2011-09-13,15.0,False,"core,extended_wq,major_ions","chloride,ph,sulfate,water_temperature",https://ceden.waterboards.ca.gov/AdvancedQueryTool
usgs:USGS-11230200,HOOPER C BL DIV DAM NR FLORENCE LAKE CA,usgs,1,usgs:USGS-11230200,U.S. Geological Survey,streamgage,natural,,continuous,daily,37.305775,-118.950672,18040006,Upper San Joaquin,180400060206,,,,,False,2,1986-10-01,2025-09-30,2025-09-30,1.0,True,water_balance,"discharge,stage",https://waterdata.usgs.gov/monitoring-location/11230200
cdec:HNT,HUNTINGTON LAKE (USBR),cdec,1,cdec:HNT,US Bureau of Reclamation,reservoir,reservoir,,continuous,daily,37.22757,-119.220482,18040006,Upper San Joaquin,180400060904,SAN JOAQUIN RIVER,,,,False,2,1926-10-01,2026-09-21,2026-09-21,0.0,True,water_balance,"reservoir_storage,stage",https://cdec.water.ca.gov/dynamicapp/staMeta?station_id=HNT
usgs:USGS-11236000,HUNTINGTON LK NR BIG CREEK CA,usgs,1,usgs:USGS-11236000,U.S. Geological Survey,reservoir,reservoir,,continuous,daily,37.23439,-119.213177,18040006,Upper San Joaquin,180400060902,,,,,False,1,1926-10-01,2025-09-30,2025-09-30,1.0,True,water_balance,reservoir_storage,https://waterdata.usgs.gov/monitoring-location/11236000
usgs:USGS-11236080,HUNTINGTON-SHAVER COND IT A HUNTINGTON LK CA,usgs,1,usgs:USGS-11236080,U.S. Geological Survey,streamgage,reservoir,,continuous,daily,37.21939,-119.2204,18040006,Upper San Joaquin,180400060904,,,,,False,1,1974-10-01,1983-09-29,1983-09-29,43.0,False,water_balance,discharge,https://waterdata.usgs.gov/monitoring-location/11236080
usgs:USGS-11239000,HUNTINGTON-SHAVER CONDUIT OTLT NR SHAVER LK CA,usgs,1,usgs:USGS-11239000,U.S. Geological Survey,streamgage,conveyance,diversion,continuous,daily,37.154946,-119.232344,18040006,Upper San Joaquin,180400061002,,,,,False,1,1928-10-19,1985-07-24,1985-07-24,41.2,False,water_balance,discharge,https://waterdata.usgs.gov/monitoring-location/11239000
wqp:CEDEN-540SED005,Home Camp Cr 5,"ceden,wqp",2,ceden:540SED005;wqp:CEDEN-540SED005,California State Water Resources Control Board,discrete_grab,natural,,discrete,unknown,37.2416,-119.243,18040006,Upper San Joaquin,180400060902,,,,,False,9,2015-05-26,2015-05-26,2015-05-26,11.3,False,"core,extended_wq,major_ions","ammonia,chloride,organic_carbon,ph,phosphorus,sulfate,suspended_solids,total_nitrogen,water_temperature",https://www.waterqualitydata.us/provider/STORET/CEDEN/CEDEN-540SED005/
cdec:SJK,J7 SAN JOAQUIN R AT KERCKHOFF 1 PH,cdec,1,cdec:SJK,Pacific Gas & Electric,continuous_sonde,natural,,continuous,sub-daily,37.102,-119.539,18040006,Upper San Joaquin,180400061303,SAN JOAQUIN RIVER,,San Joaquin River,340.9,False,1,2008-05-06,2026-09-21,2026-09-21,0.0,True,core,water_temperature,https://cdec.water.ca.gov/dynamicapp/staMeta?station_id=SJK
usgs:USGS-11232500,JACKASS C NR BASS LAKE CA,usgs,1,usgs:USGS-11232500,U.S. Geological Survey,streamgage,natural,,continuous,daily,37.488831,-119.30374,18040006,Upper San Joaquin,180400060802,,,,,False,2,1921-10-01,1968-09-29,1968-09-29,58.0,False,water_balance,"discharge,stage",https://waterdata.usgs.gov/monitoring-location/11232500
cdec:KRH,KERCKHOFF DAM,cdec,1,cdec:KRH,US Bureau of Reclamation,monthly_summary,reservoir,,discrete,monthly,37.128,-119.524,18040006,Upper San Joaquin,180400061301,SAN JOAQUIN RIVER,,San Joaquin River,352.0,False,1,1985-09-01,2001-01-01,2001-01-01,25.7,False,water_balance,reservoir_storage,https://cdec.water.ca.gov/dynamicapp/staMeta?station_id=KRH
usgs:USGS-11247050,KERCKHOFF PH NO 2 A MILLERTON LK NR AUBERRY CA,"usgs,wqp",2,usgs:USGS-11247050;wqp:CALWR_WQX-B7117000,U.S. Geological Survey,streamgage,conveyance,diversion,continuous,daily,37.072171,-119.557915,18040006,Upper San Joaquin,180400061303,,,San Joaquin River,336.3,False,4,1983-10-01,2025-09-30,2025-09-30,1.0,True,"core,extended_wq,water_balance","discharge,ph,specific_conductance,water_temperature",https://waterdata.usgs.gov/monitoring-location/11247050
usgs:USGS-11246950,KERCKHOFF PH NR AUBERRY CA,usgs,1,usgs:USGS-11246950,U.S. Geological Survey,streamgage,conveyance,diversion,continuous,daily,37.093282,-119.552638,18040006,Upper San Joaquin,180400061303,,,San Joaquin River,339.1,False,1,1978-10-01,2025-09-30,2025-09-30,1.0,True,water_balance,discharge,https://waterdata.usgs.gov/monitoring-location/11246950
usgs:USGS-11246650,KERCKHOFF RES NR AUBERRY CA,usgs,1,usgs:USGS-11246650,U.S. Geological Survey,reservoir,reservoir,,continuous,daily,37.127726,-119.524581,18040006,Upper San Joaquin,180400061301,,,San Joaquin River,351.9,False,1,1986-10-01,2025-09-30,2025-09-30,1.0,True,water_balance,reservoir_storage,https://waterdata.usgs.gov/monitoring-location/11246650
cdec:KKR,KERCKHOFF RESERVOIR,cdec,1,cdec:KKR,Pacific Gas & Electric,reservoir,reservoir,,continuous,daily,37.12811,-119.52553,18040006,Upper San Joaquin,180400061301,SAN JOAQUIN RIVER,,San Joaquin River,351.8,False,2,2020-03-04,2026-09-21,2026-09-21,0.0,True,water_balance,"reservoir_storage,stage",https://cdec.water.ca.gov/dynamicapp/staMeta?station_id=KKR
wqp:CEDEN-540KSR052,Kaiser Creek (USFS),"ceden,wqp",2,ceden:540KSR052;wqp:CEDEN-540KSR052,California State Water Resources Control Board,discrete_grab,natural,,discrete,irregular,37.3582,-119.244,18040006,Upper San Joaquin,180400060803,,,,,False,6,2010-08-11,2022-09-07,2022-09-07,4.0,False,"core,extended_wq,major_ions","ammonia,chloride,ph,sulfate,total_nitrogen,water_temperature",https://www.waterqualitydata.us/provider/STORET/CEDEN/CEDEN-540KSR052/
wqp:CEDEN-540L12108,Kerckhoff Lake,"ceden,wqp",2,ceden:540L12108;wqp:CEDEN-540L12108,California State Water Resources Control Board,reservoir,reservoir,,discrete,unknown,37.1455,-119.518,18040006,Upper San Joaquin,180400061301,,,San Joaquin River,354.0,False,13,2012-08-08,2012-08-08,2012-08-08,14.1,False,"core,extended_wq,major_ions","ammonia,calcium,chloride,chlorophyll_a,magnesium,nitrate,organic_carbon,phosphorus,potassium,sodium,sulfate,suspended_solids,total_nitrogen",https://www.waterqualitydata.us/provider/STORET/CEDEN/CEDEN-540L12108/
ceden:540MAD024,Kerckhoff Lake - Road 222 - Left,ceden,1,ceden:540MAD024;ceden:540MAD025,CEDEN contributing programs,discrete_grab,reservoir,,discrete,monthly,37.15136,-119.50925,18040006,Upper San Joaquin,180400061301,,,San Joaquin River,355.0,False,2,2015-08-19,2015-09-30,2015-09-30,11.0,False,"core,extended_wq","ph,water_temperature",https://ceden.waterboards.ca.gov/AdvancedQueryTool
ceden:540MAD021,Kerckhoff Lake Smalley Cove Campground-left,ceden,1,ceden:540MAD021;ceden:540MAD023,CEDEN contributing programs,discrete_grab,reservoir,,discrete,weekly,37.1492,-119.51284,18040006,Upper San Joaquin,180400061301,,,San Joaquin River,354.6,False,2,2015-07-01,2015-09-17,2015-09-17,11.0,False,"core,extended_wq","ph,water_temperature",https://ceden.waterboards.ca.gov/AdvancedQueryTool
usgs:USGS-11231000,LK THOMAS A. EDISON NR BIG C CA,usgs,1,usgs:USGS-11231000,U.S. Geological Survey,reservoir,reservoir,,continuous,daily,37.369109,-118.989008,18040006,Upper San Joaquin,180400060102,,,,,False,1,1954-10-12,2025-09-30,2025-09-30,1.0,True,water_balance,reservoir_storage,https://waterdata.usgs.gov/monitoring-location/11231000
wqp:11NPSWRD_WQX-KICA_S029-OUT,LeConte Divide Lake Outlet,wqp,1,wqp:11NPSWRD_WQX-KICA_S029-OUT,National Park Service Water Resources Division,discrete_grab,reservoir,,discrete,irregular,37.1618,-118.805,18040006,Upper San Joaquin,180400060203,,,,,False,13,2010-08-31,2015-09-12,2015-09-12,11.0,False,"core,extended_wq,major_ions","calcium,chloride,dissolved_oxygen,dissolved_oxygen_saturation,magnesium,nitrate,ph,potassium,sodium,specific_conductance,sulfate,total_nitrogen,water_temperature",https://www.waterqualitydata.us/provider/STORET/11NPSWRD_WQX/11NPSWRD_WQX-KICA_S029-OUT/
usgs:USGS-11249500,MADERA CN A FRIANT CA,usgs,1,usgs:USGS-11249500,U.S. Geological Survey,streamgage,conveyance,diversion,continuous,daily,37.002727,-119.706812,18040006,Upper San Joaquin,180400061303,,,San Joaquin River,311.8,False,2,1948-10-01,2023-09-30,2023-09-30,3.0,True,water_balance,"discharge,stage",https://waterdata.usgs.gov/monitoring-location/11249500
usgs:USGS-11234750,MAMMOTH POOL FISHWATER TURBINE NR BIG CREEK CA,usgs,1,usgs:USGS-11234750,U.S. Geological Survey,streamgage,reservoir,,continuous,daily,37.322167,-119.32485,18040006,Upper San Joaquin,180400061001,,,San Joaquin River,399.3,False,1,1977-10-01,2025-09-30,2025-09-30,1.0,True,water_balance,discharge,https://waterdata.usgs.gov/monitoring-location/11234750
usgs:USGS-11235100,MAMMOTH POOL PP NR BIG CREEK CA,usgs,1,usgs:USGS-11235100,U.S. Geological Survey,streamgage,conveyance,diversion,continuous,daily,37.224946,-119.337905,18040006,Upper San Joaquin,180400061001,,,San Joaquin River,387.2,False,1,1980-10-01,2025-09-30,2025-09-30,1.0,True,water_balance,discharge,https://waterdata.usgs.gov/monitoring-location/11235100
usgs:USGS-11234700,MAMMOTH POOL RE NR BIG CREEK CA,"cdec,usgs",2,cdec:MPL;usgs:USGS-11234700,U.S. Geological Survey,reservoir,reservoir,,continuous,daily,37.327722,-119.328184,18040006,Upper San Joaquin,180400060804,,,,,False,2,1959-10-01,2026-09-21,2026-09-21,0.0,True,water_balance,"reservoir_storage,stage",https://waterdata.usgs.gov/monitoring-location/11234700
usgs:USGS-11238270,MF BALSAM C BL BALSAM MDW FOREBAY NR BIG CREEK CA,usgs,1,usgs:USGS-11238270,U.S. Geological Survey,streamgage,natural,,continuous,daily,37.162724,-119.25429,18040006,Upper San Joaquin,180400060904,,,,,False,2,1989-01-24,2025-09-30,2025-09-30,1.0,True,water_balance,"discharge,stage",https://waterdata.usgs.gov/monitoring-location/11238270
usgs:USGS-11224000,MF SAN JOAQUIN R NR MAMMOTH LAKES CA,usgs,1,usgs:USGS-11224000,U.S. Geological Survey,streamgage,natural,,continuous,sub-daily,37.631944,-119.086389,18040006,Upper San Joaquin,180400060402,,,San Joaquin River,453.8,False,3,2009-10-27,2026-08-20,2026-08-20,0.1,True,"core,water_balance","discharge,stage,water_temperature",https://waterdata.usgs.gov/monitoring-location/11224000
wqp:11NPSWRD_WQX-DEPO_CAF&G_5,MIDDLE FORK OF THE SAN JOAQUIN R. AT MUIR TRAIL,wqp,1,wqp:11NPSWRD_WQX-DEPO_CAF&G_5,National Park Service Water Resources Division,discrete_grab,natural,,discrete,irregular,37.612194,-119.08275,18040006,Upper San Joaquin,180400060402,,,San Joaquin River,451.4,False,4,1987-09-26,1997-10-01,1997-10-01,29.0,False,"core,extended_wq,major_ions","alkalinity,ph,specific_conductance,water_temperature",https://www.waterqualitydata.us/provider/STORET/11NPSWRD_WQX/11NPSWRD_WQX-DEPO_CAF&G_5/
wqp:USGS-370025119414500,MILLERTON LK  SITE NO 2 NR FRIANT DAM CA,wqp,1,wqp:USGS-370025119414500,U.S. Geological Survey,discrete_grab,reservoir,,discrete,annual,37.006894,-119.696811,18040006,Upper San Joaquin,180400061303,,,San Joaquin River,312.7,False,1,1978-06-27,1980-08-21,1980-08-21,46.1,False,extended_wq,ph,https://www.waterqualitydata.us/provider/USGS/USGS/USGS-370025119414500/
wqp:USGS-370140119393000,MILLERTON LK  SITE NO 3 OP PINCUSHION MT CA,wqp,1,wqp:USGS-370140119393000,U.S. Geological Survey,discrete_grab,reservoir,,discrete,annual,37.027727,-119.65931,18040006,Upper San Joaquin,180400061303,,,San Joaquin River,318.0,False,2,1978-06-27,1980-08-21,1980-08-21,46.1,False,extended_wq,"dissolved_oxygen_saturation,ph",https://www.waterqualitydata.us/provider/USGS/USGS/USGS-370140119393000/
usgs:USGS-11250100,MILLERTON LK A FRIANT CA,"cdec,usbr_rise,usgs",3,cdec:MIL;usbr_rise:413;usgs:USGS-11250100,U.S. Geological Survey,reservoir,reservoir,,continuous,sub-daily,36.99995,-119.704589,18040006,Upper San Joaquin,180400061303,,,San Joaquin River,311.9,False,4,1941-10-01,2026-09-21,2026-09-21,0.0,True,water_balance,"computed_flow,discharge,reservoir_storage,stage",https://waterdata.usgs.gov/monitoring-location/11250100
usgs:USGS-11231551,MONO BEAR CONDUIT NR MONO HOT SPRINGS CA,usgs,1,usgs:USGS-11231551,U.S. Geological Survey,streamgage,conveyance,diversion,continuous,daily,37.313056,-119.024167,18040006,Upper San Joaquin,180400060206,,,,,False,1,2009-10-01,2025-09-30,2025-09-30,1.0,True,water_balance,discharge,https://waterdata.usgs.gov/monitoring-location/11231551
usgs:USGS-11231600,MONO C BL DIV DAM NR MONO HOT SPRINGS CA,usgs,1,usgs:USGS-11231600,U.S. Geological Survey,streamgage,natural,,continuous,daily,37.359942,-118.998452,18040006,Upper San Joaquin,180400060102,,,,,False,1,1970-10-01,2025-09-30,2025-09-30,1.0,True,water_balance,discharge,https://waterdata.usgs.gov/monitoring-location/11231600
usgs:USGS-11231500,MONO C BL LK THOMAS A EDISON CA,usgs,1,usgs:USGS-11231500,U.S. Geological Survey,streamgage,natural,,continuous,daily,37.361331,-118.992063,18040006,Upper San Joaquin,180400060102,,,,,False,2,1921-10-01,2025-09-30,2025-09-30,1.0,True,water_balance,"discharge,stage",https://waterdata.usgs.gov/monitoring-location/11231500
usgs:USGS-11231550,MONO C CONDUIT NR MONO HOT SPRINGS CA,usgs,1,usgs:USGS-11231550,U.S. Geological Survey,streamgage,conveyance,diversion,continuous,daily,37.359942,-118.998452,18040006,Upper San Joaquin,180400060102,,,,,False,1,1970-10-01,2025-09-30,2025-09-30,1.0,True,water_balance,discharge,https://waterdata.usgs.gov/monitoring-location/11231550
wqp:11NPSWRD_WQX-KICA_S002-OUT,McGee Outlet,wqp,1,wqp:11NPSWRD_WQX-KICA_S002-OUT,National Park Service Water Resources Division,reservoir,reservoir,,discrete,annual,37.1508,-118.726,18040006,Upper San Joaquin,180400060201,,,,,False,13,2008-09-24,2020-08-05,2020-08-05,6.1,False,"core,extended_wq,major_ions","calcium,chloride,dissolved_oxygen,dissolved_oxygen_saturation,magnesium,nitrate,ph,potassium,sodium,specific_conductance,sulfate,total_nitrogen,water_temperature",https://www.waterqualitydata.us/provider/STORET/11NPSWRD_WQX/11NPSWRD_WQX-KICA_S002-OUT/
ceden:540MAD011,Millerton Lake Meadows Boat Launch-left,ceden,1,ceden:540MAD011;ceden:540MAD012;ceden:540MAD013,CEDEN contributing programs,discrete_grab,reservoir,,discrete,monthly,37.01498,-119.66732,18040006,Upper San Joaquin,180400061303,,,San Joaquin River,315.7,False,2,2015-07-01,2015-09-30,2015-09-30,11.0,False,"core,extended_wq","ph,water_temperature",https://ceden.waterboards.ca.gov/AdvancedQueryTool
ceden:540FRE010,Millerton Lake at South Boat Ramp,ceden,1,ceden:540FRE010,CEDEN contributing programs,discrete_grab,reservoir,,discrete,monthly,36.989472,-119.682682,18040006,Upper San Joaquin,180400061303,,,,,False,2,2021-05-19,2026-06-01,2026-06-01,0.3,True,"core,extended_wq","ph,water_temperature",https://ceden.waterboards.ca.gov/AdvancedQueryTool
wqp:CEDEN-540MNCASJ,Minaret Creek ~0.4mi above San Joaquin River,"ceden,wqp",2,ceden:540MNCASJ;wqp:CEDEN-540MNCASJ,California State Water Resources Control Board,discrete_grab,natural,,discrete,unknown,37.6398,-119.088,18040006,Upper San Joaquin,180400060401,,,San Joaquin River,454.7,False,7,2010-08-24,2010-08-24,2010-08-24,16.1,False,"core,extended_wq,major_ions","chloride,ph,phosphorus,sulfate,suspended_solids,total_nitrogen,water_temperature",https://www.waterqualitydata.us/provider/STORET/CEDEN/CEDEN-540MNCASJ/
wqp:CEDEN-540MRC196,Minaret Creek ~0.8mi above MF San Joaquin R.,"ceden,wqp",2,ceden:540MRC196;wqp:CEDEN-540MRC196,California State Water Resources Control Board,discrete_grab,natural,,discrete,annual,37.6409,-119.095,18040006,Upper San Joaquin,180400060401,,,,,False,7,2014-08-26,2020-08-25,2020-08-25,6.1,False,"core,extended_wq,major_ions","chloride,nitrate,organic_carbon,ph,sulfate,total_nitrogen,water_temperature",https://www.waterqualitydata.us/provider/STORET/CEDEN/CEDEN-540MRC196/
ceden:540MNO024,Mono Creek (USFS),ceden,1,ceden:540MNO024,CEDEN contributing programs,discrete_grab,natural,,discrete,unknown,37.41471,-118.91689,18040006,Upper San Joaquin,180400060101,,,,,False,2,2010-08-10,2010-08-10,2010-08-10,16.1,False,"core,extended_wq","ph,water_temperature",https://ceden.waterboards.ca.gov/AdvancedQueryTool
wqp:CEDEN-540MNCANF,Mono Creek ~0.6mi above North Fork,"ceden,wqp",2,ceden:540MNCANF;wqp:CEDEN-540MNCANF,California State Water Resources Control Board,discrete_grab,natural,,discrete,unknown,37.413,-118.908,18040006,Upper San Joaquin,180400060101,,,,,False,8,2010-09-29,2010-09-29,2010-09-29,16.0,False,"core,extended_wq,major_ions","chloride,organic_carbon,ph,phosphorus,sulfate,suspended_solids,total_nitrogen,water_temperature",https://www.waterqualitydata.us/provider/STORET/CEDEN/CEDEN-540MNCANF/
cdec:NFW,N FK WILLOW CK NR SUGAR PINE,cdec,1,cdec:NFW,Madera Irrigation District,continuous_sonde,natural,,continuous,sub-daily,37.3978,-119.5592,18040006,Upper San Joaquin,180400061101,SAN JOAQUIN RIVER,,,,False,2,2009-10-15,2026-09-21,2026-09-21,0.0,True,water_balance,"discharge,stage",https://cdec.water.ca.gov/dynamicapp/staMeta?station_id=NFW
usgs:USGS-11226000,NF SAN JOAQUIN R BL IRON C CA,usgs,1,usgs:USGS-11226000,U.S. Geological Survey,streamgage,natural,,continuous,daily,37.613826,-119.234301,18040006,Upper San Joaquin,180400060403,,,,,False,2,1921-10-01,1969-09-30,1969-09-30,57.0,False,water_balance,"discharge,stage",https://waterdata.usgs.gov/monitoring-location/11226000
usgs:USGS-11239300,NF STEVENSON C A PERIMETER RD NR BIG C CA,usgs,1,usgs:USGS-11239300,U.S. Geological Survey,streamgage,natural,,continuous,daily,37.136891,-119.254567,18040006,Upper San Joaquin,180400061002,,,,,False,2,1989-01-25,2025-09-30,2025-09-30,1.0,True,water_balance,"discharge,stage",https://waterdata.usgs.gov/monitoring-location/11239300
usgs:USGS-11244050,NF WILLOW C BL MANZANITA LK DAM NR NORTH FORK CA,"cdec,usgs",2,cdec:NMD;usgs:USGS-11244050,U.S. Geological Survey,streamgage,natural,,continuous,sub-daily,37.244167,-119.516111,18040006,Upper San Joaquin,180400061101,,,,,False,2,2006-08-21,2026-09-21,2026-09-21,0.0,True,water_balance,"discharge,stage",https://waterdata.usgs.gov/monitoring-location/11244050
usgs:USGS-11244000,NF WILLOW C NR BASS LAKE CA,usgs,1,usgs:USGS-11244000,U.S. Geological Survey,streamgage,natural,,continuous,daily,37.288834,-119.530139,18040006,Upper San Joaquin,180400061101,,,,,False,2,1940-05-26,2025-09-30,2025-09-30,1.0,True,water_balance,"discharge,stage",https://waterdata.usgs.gov/monitoring-location/11244000
usgs:USGS-11242400,NF WILLOW C NR SUGAR PINE CA,usgs,1,usgs:USGS-11242400,U.S. Geological Survey,streamgage,natural,,continuous,sub-daily,37.39772,-119.566256,18040006,Upper San Joaquin,180400061101,,,,,False,2,1965-09-01,2009-10-14,2009-10-14,16.9,False,water_balance,"discharge,stage",https://waterdata.usgs.gov/monitoring-location/11242400
wqp:NARS_WQX-NLA_CA-10016,NLA_CA-10016,wqp,1,wqp:NARS_WQX-NLA_CA-10016,EPA National Aquatic Resources Survey (NARS),reservoir,reservoir,,discrete,irregular,37.147278,-119.51559,18040006,Upper San Joaquin,180400061301,,,San Joaquin River,354.3,False,16,2007-07-25,2012-08-08,2012-08-08,14.1,False,"core,extended_wq,major_ions","ammonia,calcium,chloride,chlorophyll_a,dissolved_oxygen,magnesium,nitrate,organic_carbon,ph,potassium,sodium,specific_conductance,sulfate,suspended_solids,turbidity,water_temperature",https://www.waterqualitydata.us/provider/STORET/NARS_WQX/NARS_WQX-NLA_CA-10016/
cdec:WCB,NO FK WILLOW CK BLW BASS LAKE,cdec,1,cdec:WCB,Pacific Gas & Electric,continuous_sonde,natural,,continuous,sub-daily,37.2933,-119.5278,18040006,Upper San Joaquin,180400061101,SAN JOAQUIN RIVER,,,,False,1,2009-01-09,2026-09-21,2026-09-21,0.0,True,water_balance,stage,https://cdec.water.ca.gov/dynamicapp/staMeta?station_id=WCB
wqp:NARS_WQX-NRS_CA-11225,NRS_CA-11225,wqp,1,wqp:NARS_WQX-NRS_CA-11225,EPA National Aquatic Resources Survey (NARS),discrete_grab,unknown,,discrete,unknown,37.201271,-119.303364,18040006,Upper San Joaquin,180400060904,,,,,False,14,2023-07-19,2023-07-19,2023-07-19,3.2,False,"core,extended_wq,major_ions","ammonia,calcium,chloride,chlorophyll_a,magnesium,nitrate,organic_carbon,ph,potassium,sodium,specific_conductance,sulfate,suspended_solids,turbidity",https://www.waterqualitydata.us/provider/STORET/NARS_WQX/NARS_WQX-NRS_CA-11225/
wqp:NARS_WQX-NRS_CA-11456,NRS_CA-11456,wqp,1,wqp:NARS_WQX-NRS_CA-11456,EPA National Aquatic Resources Survey (NARS),discrete_grab,unknown,,discrete,unknown,37.19788,-119.611115,18040006,Upper San Joaquin,180400061201,,,,,False,14,2023-07-18,2023-07-18,2023-07-18,3.2,False,"core,extended_wq,major_ions","ammonia,calcium,chloride,chlorophyll_a,magnesium,nitrate,organic_carbon,ph,potassium,sodium,specific_conductance,sulfate,suspended_solids,turbidity",https://www.waterqualitydata.us/provider/STORET/NARS_WQX/NARS_WQX-NRS_CA-11456/
usgs:USGS-11243500,PGE NO 3 CONDUIT NR BASS LAKE CA,"cdec,usgs",2,cdec:C3B;usgs:USGS-11243500,U.S. Geological Survey,streamgage,conveyance,diversion,continuous,sub-daily,37.289112,-119.529861,18040006,Upper San Joaquin,180400061101,,,,,False,2,1940-10-01,2026-09-21,2026-09-21,0.0,True,water_balance,"discharge,stage",https://waterdata.usgs.gov/monitoring-location/11243500
usgs:USGS-11238000,PITMAN C AT BIG CREEK CA,usgs,1,usgs:USGS-11238000,U.S. Geological Survey,streamgage,natural,,continuous,daily,37.202723,-119.234289,18040006,Upper San Joaquin,180400060903,,,,,False,2,1910-01-01,1927-11-10,1927-11-10,98.9,False,water_balance,"discharge,stage",https://waterdata.usgs.gov/monitoring-location/11238000
usgs:USGS-11237500,PITMAN C BL TAMARACK C CA,"ceden,usgs,wqp",3,ceden:540237500;usgs:USGS-11237500;usgs:USGS-11237600;wqp:CEDEN-540237500,U.S. Geological Survey,streamgage,natural,,continuous,daily,37.198557,-119.213733,18040006,Upper San Joaquin,180400060903,,,,,False,5,1927-12-01,2025-09-30,2025-09-30,1.0,True,"core,extended_wq,water_balance","chloride,discharge,phosphorus,stage,total_nitrogen",https://waterdata.usgs.gov/monitoring-location/11237500
usgs:USGS-11237700,PITMAN C NR TAMARACK MOUNTAIN CA,usgs,1,usgs:USGS-11237700,U.S. Geological Survey,streamgage,natural,,continuous,daily,37.199112,-119.215122,18040006,Upper San Joaquin,180400060903,,,,,False,1,1986-10-01,2025-09-30,2025-09-30,1.0,True,water_balance,discharge,https://waterdata.usgs.gov/monitoring-location/11237700
usgs:USGS-11235500,PORTAL POWERPLANT AT HUNTINGTON LAKE CA,usgs,1,usgs:USGS-11235500,U.S. Geological Survey,streamgage,reservoir,,continuous,daily,37.256889,-119.159287,18040006,Upper San Joaquin,180400060902,,,,,False,1,1927-10-01,2025-09-30,2025-09-30,1.0,True,water_balance,discharge,https://waterdata.usgs.gov/monitoring-location/11235500
ceden:540SED105,Pitman Cr 105,ceden,1,ceden:540SED105,CEDEN contributing programs,discrete_grab,natural,,discrete,unknown,37.194407,-119.2084,18040006,Upper San Joaquin,180400060903,,,,,False,4,2025-08-18,2025-08-18,2025-08-18,1.1,True,"core,extended_wq,major_ions","chloride,ph,sulfate,water_temperature",https://ceden.waterboards.ca.gov/AdvancedQueryTool
usgs:USGS-11235300,RANCHERIA C TRIB NR LAKESHORE CA,usgs,1,usgs:USGS-11235300,U.S. Geological Survey,streamgage,natural,,discrete,annual,37.277722,-119.110675,18040006,Upper San Joaquin,180400060902,,,,,False,2,1960-05-12,1973-05-18,1973-05-18,53.3,False,water_balance,"discharge,stage",https://waterdata.usgs.gov/monitoring-location/11235300
cdec:RDN,REDINGER LAKE,cdec,1,cdec:RDN,Southern California Edison Company,reservoir,reservoir,,continuous,daily,37.145,-119.449,18040006,Upper San Joaquin,180400061004,SAN JOAQUIN RIVER,,San Joaquin River,367.4,False,2,1965-10-01,2026-09-21,2026-09-21,0.0,True,water_balance,"reservoir_storage,stage",https://cdec.water.ca.gov/dynamicapp/staMeta?station_id=RDN
usgs:USGS-11241950,REDINGER LK NR AUBERRY CA,usgs,1,usgs:USGS-11241950,U.S. Geological Survey,reservoir,reservoir,,continuous,daily,37.144948,-119.45041,18040006,Upper San Joaquin,180400061004,,,San Joaquin River,367.2,False,1,1965-10-01,2025-09-30,2025-09-30,1.0,True,water_balance,reservoir_storage,https://waterdata.usgs.gov/monitoring-location/11241950
cdec:SWC,S. FK WILLOW CK BLW BROWN'S CK DIV DAM,cdec,1,cdec:SWC,Pacific Gas & Electric,continuous_sonde,natural,,continuous,sub-daily,37.2929,-119.5006,18040006,Upper San Joaquin,180400061103,SAN JOAQUIN RIVER,,,,False,1,2007-01-31,2026-09-21,2026-09-21,0.0,True,water_balance,stage,https://cdec.water.ca.gov/dynamicapp/staMeta?station_id=SWC
usgs:USGS-11246610,SAN JOAQUIN PH NO1 NR AUBERRY (WISHON PH) CA,usgs,1,usgs:USGS-11246610,U.S. Geological Survey,streamgage,conveyance,diversion,continuous,daily,37.153281,-119.505969,18040006,Upper San Joaquin,180400061301,,,San Joaquin River,355.2,False,1,1980-10-01,2025-09-30,2025-09-30,1.0,True,water_balance,discharge,https://waterdata.usgs.gov/monitoring-location/11246610
usgs:USGS-11246590,SAN JOAQUIN PH NO1A NR AUBERRY CA,usgs,1,usgs:USGS-11246590,U.S. Geological Survey,streamgage,conveyance,diversion,continuous,daily,37.158281,-119.427354,18040006,Upper San Joaquin,180400061004,,,San Joaquin River,369.9,False,1,1980-10-01,2025-09-30,2025-09-30,1.0,True,water_balance,discharge,https://waterdata.usgs.gov/monitoring-location/11246590
usgs:USGS-11246570,SAN JOAQUIN PH NO2 NR NORTH FORK CA,usgs,1,usgs:USGS-11246570,U.S. Geological Survey,streamgage,conveyance,diversion,continuous,daily,37.201614,-119.497635,18040006,Upper San Joaquin,180400061103,,,,,False,1,1980-10-01,2025-09-30,2025-09-30,1.0,True,water_balance,discharge,https://waterdata.usgs.gov/monitoring-location/11246570
usgs:USGS-11244100,SAN JOAQUIN PH NO3 NR NORTH FORK CA,usgs,1,usgs:USGS-11244100,U.S. Geological Survey,streamgage,conveyance,diversion,continuous,daily,37.254947,-119.519304,18040006,Upper San Joaquin,180400061101,,,,,False,1,1980-10-01,2025-09-30,2025-09-30,1.0,True,water_balance,discharge,https://waterdata.usgs.gov/monitoring-location/11244100
usgs:USGS-11226500,SAN JOAQUIN R A MILLER CROSSING CA,usgs,1,usgs:USGS-11226500,U.S. Geological Survey,streamgage,natural,,continuous,daily,37.510497,-119.197348,18040006,Upper San Joaquin,180400060801,,,San Joaquin River,430.3,False,2,1921-10-01,1991-09-30,1991-09-30,35.0,False,water_balance,"discharge,stage",https://waterdata.usgs.gov/monitoring-location/11226500
usgs:USGS-11235000,SAN JOAQUIN R AB BIG CREEK CA,usgs,1,usgs:USGS-11235000,U.S. Geological Survey,streamgage,natural,,continuous,daily,37.237446,-119.331516,18040006,Upper San Joaquin,180400061001,,,San Joaquin River,388.6,False,2,1912-10-01,1962-09-29,1962-09-29,64.0,False,water_balance,"discharge,stage",https://waterdata.usgs.gov/monitoring-location/11235000
usgs:USGS-11234760,SAN JOAQUIN R AB SHAKEFLAT C NR BIG CREEK CA,usgs,1,usgs:USGS-11234760,U.S. Geological Survey,streamgage,natural,,continuous,daily,37.316611,-119.329573,18040006,Upper San Joaquin,180400061001,,,San Joaquin River,398.6,False,2,1959-10-01,2025-09-30,2025-09-30,1.0,True,water_balance,"discharge,stage",https://waterdata.usgs.gov/monitoring-location/11234760
usgs:USGS-11238600,SAN JOAQUIN R AB STEVENSON C NR BIG CREEK CA,usgs,1,usgs:USGS-11238600,U.S. Geological Survey,streamgage,natural,,continuous,daily,37.207724,-119.329849,18040006,Upper San Joaquin,180400061004,,,San Joaquin River,384.7,False,2,1973-10-01,2025-09-30,2025-09-30,1.0,True,water_balance,"discharge,stage",https://waterdata.usgs.gov/monitoring-location/11238600
usgs:USGS-11242000,SAN JOAQUIN R AB WILLOW C NR AUBERRY CA,"usgs,wqp",2,usgs:USGS-11242000;wqp:CALWR_WQX-B7134000,U.S. Geological Survey,streamgage,natural,,continuous,daily,37.144392,-119.454577,18040006,Upper San Joaquin,180400061301,,,San Joaquin River,366.9,False,5,1950-11-18,2025-09-30,2025-09-30,1.0,True,"core,extended_wq,water_balance","discharge,ph,specific_conductance,stage,water_temperature",https://waterdata.usgs.gov/monitoring-location/11242000
usgs:USGS-11247000,SAN JOAQUIN R BL KERCKHOFF PH NR PRATHER CA,"usgs,wqp",2,usgs:USGS-11247000;wqp:USGS-11247000,U.S. Geological Survey,streamgage,natural,,continuous,daily,37.079116,-119.560971,18040006,Upper San Joaquin,180400061303,,,San Joaquin River,337.3,False,3,1910-04-01,1981-09-29,1981-09-29,45.0,False,"core,water_balance","discharge,stage,water_temperature",https://waterdata.usgs.gov/monitoring-location/11247000
wqp:CALWR_WQX-B7153250,SAN JOAQUIN R BL SHAKEFLAT C,wqp,1,wqp:CALWR_WQX-B7153250,California Department Of Water Resources,discrete_grab,natural,,discrete,annual,37.3133,-119.3343,18040006,Upper San Joaquin,180400061001,,,San Joaquin River,398.0,False,3,2001-04-25,2006-08-16,2006-08-16,20.1,False,"core,extended_wq","ph,specific_conductance,water_temperature",https://www.waterqualitydata.us/provider/STORET/CALWR_WQX/CALWR_WQX-B7153250/
usgs:USGS-11246700,SAN JOAQUIN R NR AUBERRY CA,"cdec,usgs",2,cdec:SJA;usgs:USGS-11246700,U.S. Geological Survey,streamgage,natural,,continuous,sub-daily,37.132171,-119.531526,18040006,Upper San Joaquin,180400061303,,,San Joaquin River,351.1,False,3,1986-10-01,2026-09-21,2026-09-21,0.0,True,"core,water_balance","discharge,stage,water_temperature",https://waterdata.usgs.gov/monitoring-location/11246700
wqp:CALWR_WQX-B7425050,SAN JOAQUIN R SF A MONO HOT SPR,wqp,1,wqp:CALWR_WQX-B7425050;wqp:USGS-11230540,California Department Of Water Resources,discrete_grab,natural,,discrete,annual,37.3266,-119.0143,18040006,Upper San Joaquin,180400060206,,,,,False,3,1998-10-14,2008-10-06,2008-10-06,18.0,False,"core,extended_wq","ph,specific_conductance,water_temperature",https://www.waterqualitydata.us/provider/STORET/CALWR_WQX/CALWR_WQX-B7425050/
usgs:USGS-11230070,SF SAN JOAQUIN R AB HOOPER C NR FLORENCE LAKE CA,usgs,1,usgs:USGS-11230070,U.S. Geological Survey,streamgage,natural,,continuous,daily,37.291331,-118.957339,18040006,Upper San Joaquin,180400060206,,,,,False,2,2009-10-01,2025-09-30,2025-09-30,1.0,True,water_balance,"discharge,stage",https://waterdata.usgs.gov/monitoring-location/11230070
usgs:USGS-11230215,SF SAN JOAQUIN R BL HOOPER C NR FLORENCE LAKE CA,usgs,1,usgs:USGS-11230215,U.S. Geological Survey,streamgage,natural,,continuous,daily,37.309664,-118.962061,18040006,Upper San Joaquin,180400060206,,,,,False,2,1975-10-01,2025-09-30,2025-09-30,1.0,True,water_balance,"discharge,stage",https://waterdata.usgs.gov/monitoring-location/11230215
usgs:USGS-11230000,SF SAN JOAQUIN R NR FLORENCE LK CA,usgs,1,usgs:USGS-11230000,U.S. Geological Survey,streamgage,natural,,continuous,daily,37.273276,-118.965949,18040006,Upper San Joaquin,180400060206,,,,,False,2,1921-10-01,1980-09-29,1980-09-29,46.0,False,water_balance,"discharge,stage",https://waterdata.usgs.gov/monitoring-location/11230000
usgs:USGS-11232000,SF SAN JOAQUIN R NR HOFFMAN MDW CA,usgs,1,usgs:USGS-11232000,U.S. Geological Survey,streamgage,natural,,continuous,daily,37.416609,-119.1454,18040006,Upper San Joaquin,180400060602,,,,,False,2,1921-10-01,1928-09-29,1928-09-29,98.0,False,water_balance,"discharge,stage",https://waterdata.usgs.gov/monitoring-location/11232000
usgs:USGS-11237200,SF TAMARACK C TRIB NR BIG CREEK CA,usgs,1,usgs:USGS-11237200,U.S. Geological Survey,streamgage,natural,,discrete,annual,37.177723,-119.203732,18040006,Upper San Joaquin,180400060903,,,,,False,2,1960-05-12,1973-05-18,1973-05-18,53.3,False,water_balance,"discharge,stage",https://waterdata.usgs.gov/monitoring-location/11237200
usgs:USGS-11243405,SF WILLOW C NR BASS LAKE CA,usgs,1,usgs:USGS-11243405,U.S. Geological Survey,streamgage,natural,,continuous,daily,37.293889,-119.500278,18040006,Upper San Joaquin,180400061103,,,,,False,1,2009-10-01,2025-09-30,2025-09-30,1.0,True,water_balance,discharge,https://waterdata.usgs.gov/monitoring-location/11243405
usgs:USGS-11245000,SF WILLOW C NR NORTH FORK CA,usgs,1,usgs:USGS-11245000,U.S. Geological Survey,streamgage,natural,,continuous,daily,37.213836,-119.492635,18040006,Upper San Joaquin,180400061103,,,,,False,1,1910-04-01,1917-09-29,1917-09-29,109.0,False,water_balance,discharge,https://waterdata.usgs.gov/monitoring-location/11245000
cdec:W12,SF WILLOW CREEK DIVERSION TO CONDUIT 1,cdec,1,cdec:W12,Pacific Gas & Electric,daily_summary,conveyance,diversion,continuous,daily,37.29631,-119.49707,18040006,Upper San Joaquin,180400061103,SAN JOAQUIN RIVER,,,,False,2,2020-01-01,2026-09-21,2026-09-21,0.0,True,water_balance,"diversion,stage",https://cdec.water.ca.gov/dynamicapp/staMeta?station_id=W12
cdec:SHV,SHAVER LAKE,cdec,1,cdec:SHV,Southern California Edison Company,reservoir,reservoir,,continuous,daily,37.145,-119.302,18040006,Upper San Joaquin,180400061002,SAN JOAQUIN RIVER,,,,False,2,1927-01-01,2026-09-21,2026-09-21,0.0,True,water_balance,"reservoir_storage,stage",https://cdec.water.ca.gov/dynamicapp/staMeta?station_id=SHV
usgs:USGS-11239500,SHAVER LK NR BIG C CA,usgs,1,usgs:USGS-11239500,U.S. Geological Survey,reservoir,reservoir,,continuous,daily,37.144669,-119.302625,18040006,Upper San Joaquin,180400061002,,,,,False,1,1927-01-11,2025-09-30,2025-09-30,1.0,True,water_balance,reservoir_storage,https://waterdata.usgs.gov/monitoring-location/11239500
usgs:USGS-11242350,SOQUEL DIV NR SUGAR PINE CA,usgs,1,usgs:USGS-11242350,U.S. Geological Survey,streamgage,conveyance,diversion,continuous,daily,37.425496,-119.549034,18040006,Upper San Joaquin,180400061101,,,,,False,1,1969-10-01,1977-06-30,1977-06-30,49.2,False,water_balance,discharge,https://waterdata.usgs.gov/monitoring-location/11242350
usgs:USGS-11241500,STEVENSON C A SHAVER LK CA,usgs,1,usgs:USGS-11241500,U.S. Geological Survey,streamgage,natural,,continuous,daily,37.144669,-119.308459,18040006,Upper San Joaquin,180400061002,,,,,False,2,1916-10-01,2025-09-30,2025-09-30,1.0,True,water_balance,"discharge,stage",https://waterdata.usgs.gov/monitoring-location/11241500
wqp:CEDEN-540MSJ132,"San Joaquin River, MF ~0.5mi below Kings Cr.","ceden,wqp",2,ceden:540MSJ132;wqp:CEDEN-540MSJ132,California State Water Resources Control Board,discrete_grab,natural,,discrete,annual,37.596,-119.092,18040006,Upper San Joaquin,180400060402,,,San Joaquin River,448.4,False,8,2012-08-18,2013-07-18,2013-07-18,13.2,False,"core,extended_wq,major_ions","ammonia,chloride,ph,phosphorus,sulfate,suspended_solids,total_nitrogen,water_temperature",https://www.waterqualitydata.us/provider/STORET/CEDEN/CEDEN-540MSJ132/
wqp:CEDEN-540SJRMFA,"San Joaquin River, Middle Fork near Agnew Meadows",wqp,1,wqp:CEDEN-540SJRMFA,California State Water Resources Control Board,discrete_grab,natural,,discrete,unknown,37.6503,-119.075,18040006,Upper San Joaquin,180400060401,,,San Joaquin River,456.5,False,2,2011-08-11,2011-08-11,2011-08-11,15.1,False,extended_wq,"chlorophyll_a,suspended_solids",https://www.waterqualitydata.us/provider/STORET/CEDEN/CEDEN-540SJRMFA/
ceden:540SJRUPx,"San Joaquin River, SF Above Florence Lake",ceden,1,ceden:540SJRUPx,CEDEN contributing programs,discrete_grab,natural,,discrete,unknown,37.24207,-118.94267,18040006,Upper San Joaquin,180400060204,,,,,False,4,2025-08-19,2025-08-19,2025-08-19,1.1,True,"core,extended_wq,major_ions","chloride,ph,sulfate,water_temperature",https://ceden.waterboards.ca.gov/AdvancedQueryTool
ceden:540SSJ200,"San Joaquin River, SF ~0.2mi below Mono Hot Springs Rd",ceden,1,ceden:540SSJ200,CEDEN contributing programs,discrete_grab,natural,,discrete,unknown,37.32603,-119.01636,18040006,Upper San Joaquin,180400060206,,,,,False,4,2014-06-24,2014-06-24,2014-06-24,12.2,False,"core,extended_wq,major_ions","chloride,ph,sulfate,water_temperature",https://ceden.waterboards.ca.gov/AdvancedQueryTool
wqp:CEDEN-540SDC212,Sand Creek ~0.7mi above Timber Cr.,"ceden,wqp",2,ceden:540SDC212;wqp:CEDEN-540SDC212,California State Water Resources Control Board,discrete_grab,natural,,discrete,irregular,37.3211,-119.492,18040006,Upper San Joaquin,180400061103,,,,,False,5,2014-06-16,2023-08-22,2023-08-22,3.1,False,"core,extended_wq,major_ions","chloride,ph,phosphorus,sulfate,water_temperature",https://www.waterqualitydata.us/provider/STORET/CEDEN/CEDEN-540SDC212/
ceden:540FRE001,Shaver Lake Watersports-left,ceden,1,ceden:540FRE001;ceden:540FRE002;ceden:540FRE003,CEDEN contributing programs,discrete_grab,reservoir,,discrete,weekly,37.13654,-119.30887,18040006,Upper San Joaquin,180400061002,,,,,False,2,2015-07-02,2015-09-10,2015-09-10,11.0,False,"core,extended_wq","ph,water_temperature",https://ceden.waterboards.ca.gov/AdvancedQueryTool
wqp:CEDEN-540PS0258,Stevenson Creek ~0.6mi above San Joaquin River,"ceden,wqp",2,ceden:540PS0258;wqp:CEDEN-540PS0258,California State Water Resources Control Board,discrete_grab,natural,,discrete,unknown,37.1651,-119.353,18040006,Upper San Joaquin,180400061002,,,,,False,8,2011-08-31,2011-08-31,2011-08-31,15.1,False,"core,extended_wq,major_ions","chloride,organic_carbon,ph,phosphorus,sulfate,suspended_solids,total_nitrogen,water_temperature",https://www.waterqualitydata.us/provider/STORET/CEDEN/CEDEN-540PS0258/
cdec:TAE,THOMAS A EDISON,cdec,1,cdec:TAE,"Southern California Edison Company, Big Creek",reservoir,reservoir,,continuous,daily,37.37,-118.987,18040006,Upper San Joaquin,180400060102,SAN JOAQUIN RIVER,,,,False,2,1954-10-01,2026-09-21,2026-09-21,0.0,True,water_balance,"reservoir_storage,stage",https://cdec.water.ca.gov/dynamicapp/staMeta?station_id=TAE
ceden:540CE0078,Unnamed Creek ~0.35mi above San Joaquin River SF,ceden,1,ceden:540CE0078,CEDEN contributing programs,discrete_grab,natural,,discrete,unknown,37.219167,-118.861111,18040006,Upper San Joaquin,180400060204,,,,,False,2,2004-08-17,2004-08-17,2004-08-17,22.1,False,"core,extended_wq","ph,water_temperature",https://ceden.waterboards.ca.gov/AdvancedQueryTool
cdec:VLC,VOLCANIC KNOB,cdec,1,cdec:VLC,US Bureau of Reclamation,continuous_sonde,unknown,,continuous,sub-daily,37.387859,-118.905037,18040006,Upper San Joaquin,180400060101,SAN JOAQUIN RIVER,,,,False,1,1992-11-01,2007-01-01,2007-01-01,19.7,False,core,water_temperature,https://cdec.water.ca.gov/dynamicapp/staMeta?station_id=VLC
cdec:WCR,W-26 WILLOW CREEK AT REX RANCH,cdec,1,cdec:WCR,"Pacific Gas and Electric Company, Auberry",continuous_sonde,natural,,continuous,sub-daily,37.1919,-119.493,18040006,Upper San Joaquin,180400061103,SAN JOAQUIN RIVER,,,,False,1,2007-10-17,2026-09-21,2026-09-21,0.0,True,water_balance,stage,https://cdec.water.ca.gov/dynamicapp/staMeta?station_id=WCR
cdec:W14,W14 WILLOW CK DIV TO NO. 1 CONDUIT,cdec,1,cdec:W14,"Pacific Gas and Electric Company, Auberry",continuous_sonde,conveyance,diversion,continuous,sub-daily,37.2073,-119.4973,18040006,Upper San Joaquin,180400061103,SAN JOAQUIN RIVER,,,,False,2,2009-12-31,2026-09-21,2026-09-21,0.0,True,water_balance,"diversion,stage",https://cdec.water.ca.gov/dynamicapp/staMeta?station_id=W14
usgs:USGS-11229500,WARD TUNNEL A INTAKE A FLORENCE LAKE CA,usgs,1,usgs:USGS-11229500,U.S. Geological Survey,streamgage,conveyance,diversion,continuous,daily,37.272165,-118.972338,18040006,Upper San Joaquin,180400060204,,,,,False,1,1925-05-01,2025-09-30,2025-09-30,1.0,True,water_balance,discharge,https://waterdata.usgs.gov/monitoring-location/11229500
usgs:USGS-11231700,WARM C BL DIV DAM NR LK THOMAS A EDISON CA,usgs,1,usgs:USGS-11231700,U.S. Geological Survey,streamgage,natural,,continuous,daily,37.391887,-119.028453,18040006,Upper San Joaquin,180400060102,,,,,False,1,1986-10-01,2016-09-30,2016-09-30,10.0,False,water_balance,discharge,https://waterdata.usgs.gov/monitoring-location/11231700
usgs:USGS-11227000,WF GRANITE C NR TIMBER KNOB CA,usgs,1,usgs:USGS-11227000,U.S. Geological Survey,streamgage,natural,,continuous,daily,37.544384,-119.284298,18040006,Upper San Joaquin,180400060501,,,,,False,2,1921-10-01,1925-09-29,1925-09-29,101.0,False,water_balance,"discharge,stage",https://waterdata.usgs.gov/monitoring-location/11227000
usgs:USGS-11245500,WHISKEY C NR NORTH FORK CA,usgs,1,usgs:USGS-11245500,U.S. Geological Survey,streamgage,natural,,continuous,daily,37.224947,-119.456522,18040006,Upper San Joaquin,180400061102,,,,,False,1,1910-10-01,1916-09-29,1916-09-29,110.0,False,water_balance,discharge,https://waterdata.usgs.gov/monitoring-location/11245500
usgs:USGS-11246500,WILLOW C A MOUTH NR AUBERRY CA,usgs,1,usgs:USGS-11246500,U.S. Geological Survey,streamgage,natural,,continuous,daily,37.150781,-119.460411,18040006,Upper San Joaquin,180400061103,,,,,False,3,1950-11-18,2025-09-30,2025-09-30,1.0,True,"core,water_balance","discharge,stage,water_temperature",https://waterdata.usgs.gov/monitoring-location/11246500
usgs:USGS-11245300,WILLOW C NR NORTH FORK CA,usgs,1,usgs:USGS-11245300,U.S. Geological Survey,streamgage,natural,,continuous,daily,37.191667,-119.493056,18040006,Upper San Joaquin,180400061103,,,,,False,2,2009-10-01,2025-09-18,2025-09-18,1.0,True,water_balance,"discharge,stage",https://waterdata.usgs.gov/monitoring-location/11245300
wqp:CEDEN-540SED114,Willow Creek (North Fork) 114,"ceden,wqp",2,ceden:540SED114;wqp:CEDEN-540SED114,California State Water Resources Control Board,discrete_grab,natural,,discrete,unknown,37.4007,-119.567,18040006,Upper San Joaquin,180400061101,,,,,False,9,2021-06-22,2021-06-22,2021-06-22,5.2,False,"core,extended_wq,major_ions","calcium,chloride,magnesium,ph,phosphorus,sulfate,suspended_solids,total_nitrogen,water_temperature",https://www.waterqualitydata.us/provider/STORET/CEDEN/CEDEN-540SED114/
ceden:540CE0590,"Willow Creek, SF ~0.5mi below Peckinpah Creek",ceden,1,ceden:540CE0590,CEDEN contributing programs,discrete_grab,natural,,discrete,unknown,37.22973,-119.49802,18040006,Upper San Joaquin,180400061103,,,,,False,2,2006-08-08,2006-08-08,2006-08-08,20.1,False,"core,extended_wq","ph,water_temperature",https://ceden.waterboards.ca.gov/AdvancedQueryTool
ceden:540WLW100,"Willow Creek, Stanislaus NF (USFS)",ceden,1,ceden:540WLW100,CEDEN contributing programs,discrete_grab,natural,,discrete,unknown,37.17178,-119.47849,18040006,Upper San Joaquin,180400061103,,,,,False,2,2012-08-28,2012-08-28,2012-08-28,14.1,False,"core,extended_wq","ph,water_temperature",https://ceden.waterboards.ca.gov/AdvancedQueryTool
wqp:USGS-372500119430001,006S020E13B001M,wqp,1,wqp:USGS-372500119430001,U.S. Geological Survey,groundwater_well,groundwater,,discrete,unknown,37.414444,-119.730556,18040007,Fresno River,180400070102,,,,,False,1,2006-05-15,2006-05-15,2006-05-15,20.4,False,extended_wq,ph,https://www.waterqualitydata.us/provider/USGS/USGS/USGS-372500119430001/
wqp:USGS-372500119360001,006S022E07Q001M,wqp,1,wqp:USGS-372500119360001,U.S. Geological Survey,groundwater_well,groundwater,,discrete,unknown,37.419389,-119.605194,18040007,Fresno River,180400070101,,,,,False,3,2010-05-25,2021-05-11,2021-05-11,5.4,False,extended_wq,"nitrate,phosphorus,total_nitrogen",https://www.waterqualitydata.us/provider/USGS/USGS/USGS-372500119360001/
wqp:USGS-372100119410001,007S021E04E001M,wqp,1,wqp:USGS-372100119410001,U.S. Geological Survey,groundwater_well,groundwater,,discrete,unknown,37.354167,-119.687917,18040007,Fresno River,180400070102,,,,,False,5,2006-05-10,2007-01-10,2007-01-10,19.7,False,"core,extended_wq","chloride,dissolved_oxygen,ph,selenium,total_dissolved_solids",https://www.waterqualitydata.us/provider/USGS/USGS/USGS-372100119410001/
wqp:USGS-372100119430001,007S021E06D001M,wqp,1,wqp:USGS-372100119430001,U.S. Geological Survey,groundwater_well,groundwater,,discrete,unknown,37.357639,-119.721361,18040007,Fresno River,180400070102,,,,,False,3,2006-05-12,2006-05-12,2006-05-12,20.4,False,"core,extended_wq,major_ions","boron,dissolved_oxygen_saturation,specific_conductance",https://www.waterqualitydata.us/provider/USGS/USGS/USGS-372100119430001/
wqp:USGS-371900119380001,007S021E14A001M,wqp,1,wqp:USGS-371900119380001,U.S. Geological Survey,groundwater_well,groundwater,,discrete,unknown,37.329417,-119.636056,18040007,Fresno River,180400070103,,,,,False,2,2006-05-16,2006-05-16,2006-05-16,20.4,False,"core,major_ions","alkalinity,total_dissolved_solids",https://www.waterqualitydata.us/provider/USGS/USGS/USGS-371900119380001/
wqp:USGS-371600119370001,007S021E36K001M,wqp,1,wqp:USGS-371600119370001,U.S. Geological Survey,groundwater_well,groundwater,,discrete,unknown,37.277833,-119.623167,18040007,Fresno River,180400070201,,,,,False,1,2006-05-18,2006-05-18,2006-05-18,20.3,False,extended_wq,dissolved_oxygen,https://www.waterqualitydata.us/provider/USGS/USGS/USGS-371600119370001/
wqp:USGS-371600119370002,007S021E36R001M,wqp,1,wqp:USGS-371600119370002,U.S. Geological Survey,groundwater_well,groundwater,,discrete,unknown,37.273611,-119.620194,18040007,Fresno River,180400070201,,,,,False,3,2008-07-22,2008-07-22,2008-07-22,18.2,False,"core,major_ions","sulfate,total_dissolved_solids,water_temperature",https://www.waterqualitydata.us/provider/USGS/USGS/USGS-371600119370002/
wqp:USGS-371500119470001,008S020E09F001M,wqp,1,wqp:USGS-371500119470001,U.S. Geological Survey,groundwater_well,groundwater,,discrete,unknown,37.251861,-119.792139,18040007,Fresno River,180400070301,,,,,False,1,2006-05-25,2006-05-25,2006-05-25,20.3,False,major_ions,sulfate,https://www.waterqualitydata.us/provider/USGS/USGS/USGS-371500119470001/
wqp:USGS-371200119460001,008S020E28H001M,wqp,1,wqp:USGS-371200119460001,U.S. Geological Survey,groundwater_well,groundwater,,discrete,unknown,37.208833,-119.780722,18040007,Fresno River,180400070301,,,,,False,4,2006-05-23,2021-05-13,2021-05-13,5.4,False,"extended_wq,major_ions","ammonia,calcium,nitrate,phosphorus",https://www.waterqualitydata.us/provider/USGS/USGS/USGS-371200119460001/
wqp:USGS-371100119460001,008S020E34C001M,wqp,1,wqp:USGS-371100119460001,U.S. Geological Survey,groundwater_well,groundwater,,discrete,unknown,37.19875,-119.772611,18040007,Fresno River,180400070202,,,,,False,1,2006-05-24,2006-05-24,2006-05-24,20.3,False,extended_wq,ammonia,https://www.waterqualitydata.us/provider/USGS/USGS/USGS-371100119460001/
wqp:USGS-371500119430001,008S021E07B001M,wqp,1,wqp:USGS-371500119430001,U.S. Geological Survey,groundwater_well,groundwater,,discrete,unknown,37.256278,-119.716861,18040007,Fresno River,180400070201,,,,,False,2,2006-05-23,2006-05-23,2006-05-23,20.3,False,"core,major_ions","magnesium,total_dissolved_solids",https://www.waterqualitydata.us/provider/USGS/USGS/USGS-371500119430001/
wqp:USGS-371200119400001,008S021E28C001M,wqp,1,wqp:USGS-371200119400001,U.S. Geological Survey,groundwater_well,groundwater,,discrete,unknown,37.213444,-119.681639,18040007,Fresno River,180400070201,,,,,False,2,2006-05-09,2016-05-17,2016-05-17,10.3,False,"core,major_ions","boron,total_dissolved_solids",https://www.waterqualitydata.us/provider/USGS/USGS/USGS-371200119400001/
wqp:USGS-370844120085001,009S017E18J001M,wqp,1,wqp:USGS-370844120085001,U.S. Geological Survey,groundwater_well,groundwater,,discrete,unknown,37.145361,-120.14825,18040007,Fresno River,180400070503,,,,,False,2,2008-05-21,2008-05-21,2008-05-21,18.3,False,extended_wq,"dissolved_oxygen,selenium",https://www.waterqualitydata.us/provider/USGS/USGS/USGS-370844120085001/
wqp:USGS-370700120030001,009S017E24K002M,wqp,1,wqp:USGS-370700120030001;wqp:USGS-370757120033801,U.S. Geological Survey,groundwater_well,groundwater,,discrete,unknown,37.132472,-120.061917,18040007,Fresno River,180400070501,,,,,False,3,2008-04-21,2008-04-21,2008-04-21,18.4,False,"extended_wq,major_ions","ammonia,sodium,turbidity",https://www.waterqualitydata.us/provider/USGS/USGS/USGS-370700120030001/
wqp:USGS-370700120040001,009S017E26A001M,wqp,1,wqp:USGS-370700120040001,U.S. Geological Survey,groundwater_well,groundwater,,discrete,unknown,37.12575,-120.075778,18040007,Fresno River,180400070502,,,,,False,1,2019-02-04,2019-02-04,2019-02-04,7.6,False,extended_wq,ph,https://www.waterqualitydata.us/provider/USGS/USGS/USGS-370700120040001/
wqp:USGS-370600120090001,009S017E31K001M,wqp,1,wqp:USGS-370600120090001,U.S. Geological Survey,groundwater_well,groundwater,,discrete,unknown,37.103194,-120.15175,18040007,Fresno River,180400070502,,,,,False,1,2008-04-22,2008-04-22,2008-04-22,18.4,False,major_ions,alkalinity,https://www.waterqualitydata.us/provider/USGS/USGS/USGS-370600120090001/
wqp:USGS-370900119500001,009S019E12K001M,wqp,1,wqp:USGS-370900119500001,U.S. Geological Survey,groundwater_well,groundwater,,discrete,unknown,37.159611,-119.846917,18040007,Fresno River,180400070303,,,,,False,1,2006-05-08,2006-05-08,2006-05-08,20.4,False,extended_wq,ph,https://www.waterqualitydata.us/provider/USGS/USGS/USGS-370900119500001/
wqp:USGS-370700119520001,009S019E26D001M,wqp,1,wqp:USGS-370700119520001,U.S. Geological Survey,groundwater_well,groundwater,,discrete,unknown,37.123528,-119.873833,18040007,Fresno River,180400070303,,,,,False,1,2006-05-17,2006-05-17,2006-05-17,20.3,False,major_ions,sulfate,https://www.waterqualitydata.us/provider/USGS/USGS/USGS-370700119520001/
wqp:USGS-370200120280001,010S014E20E001M,wqp,1,wqp:USGS-370200120280001,U.S. Geological Survey,groundwater_well,groundwater,,discrete,unknown,37.049333,-120.472194,18040007,Fresno River,180400070505,,,,,False,1,2013-11-20,2013-11-20,2013-11-20,12.8,False,core,total_dissolved_solids,https://www.waterqualitydata.us/provider/USGS/USGS/USGS-370200120280001/
wqp:USGS-370500120190001,010S015E03K001M,wqp,1,wqp:USGS-370500120190001,U.S. Geological Survey,groundwater_well,groundwater,,discrete,unknown,37.089778,-120.317667,18040007,Fresno River,180400070505,,,,,False,2,2013-11-18,2013-11-18,2013-11-18,12.8,False,"extended_wq,major_ions","ammonia,sulfate",https://www.waterqualitydata.us/provider/USGS/USGS/USGS-370500120190001/
wqp:USGS-370400120190001,010S015E09J001M,wqp,1,wqp:USGS-370400120190001,U.S. Geological Survey,groundwater_well,groundwater,,discrete,unknown,37.072611,-120.329306,18040007,Fresno River,180400070505,,,,,False,2,2013-11-20,2013-11-20,2013-11-20,12.8,False,"core,extended_wq","phosphorus,total_dissolved_solids",https://www.waterqualitydata.us/provider/USGS/USGS/USGS-370400120190001/
wqp:USGS-370100120210001,010S015E29M001M,wqp,1,wqp:USGS-370100120210001,U.S. Geological Survey,groundwater_well,groundwater,,discrete,unknown,37.032333,-120.361222,18040007,Fresno River,180400070505,,,,,False,2,2008-05-19,2011-03-16,2011-03-16,15.5,False,"core,extended_wq","ph,water_temperature",https://www.waterqualitydata.us/provider/USGS/USGS/USGS-370100120210001/
wqp:USGS-370056120200601,010S015E33Q001M,wqp,1,wqp:USGS-370056120200601,U.S. Geological Survey,groundwater_well,groundwater,,discrete,unknown,37.011389,-120.336167,18040007,Fresno River,180400070505,,,,,False,2,2008-05-13,2011-03-16,2011-03-16,15.5,False,"extended_wq,major_ions","nitrate,sulfate",https://www.waterqualitydata.us/provider/USGS/USGS/USGS-370056120200601/
wqp:USGS-370400120100001,010S016E13D001M,wqp,1,wqp:USGS-370400120100001,U.S. Geological Survey,groundwater_well,groundwater,,discrete,unknown,37.068778,-120.18225,18040007,Fresno River,180400070502,,,,,False,1,2013-11-18,2013-11-18,2013-11-18,12.8,False,extended_wq,phosphorus,https://www.waterqualitydata.us/provider/USGS/USGS/USGS-370400120100001/
wqp:USGS-370500120080001,010S017E06H001M,wqp,1,wqp:USGS-370500120080001,U.S. Geological Survey,groundwater_well,groundwater,,discrete,unknown,37.094778,-120.147472,18040007,Fresno River,180400070502,,,,,False,1,2008-04-24,2008-04-24,2008-04-24,18.4,False,extended_wq,phosphorus,https://www.waterqualitydata.us/provider/USGS/USGS/USGS-370500120080001/
wqp:USGS-370300119590001,010S018E15R001M,wqp,1,wqp:USGS-370300119590001,U.S. Geological Survey,groundwater_well,groundwater,,discrete,unknown,37.05575,-119.984944,18040007,Fresno River,180400070402,,,,,False,5,2011-03-15,2023-05-08,2023-05-08,3.4,False,"core,extended_wq,major_ions","dissolved_oxygen_saturation,ph,potassium,specific_conductance,total_dissolved_solids",https://www.waterqualitydata.us/provider/USGS/USGS/USGS-370300119590001/
wqp:USGS-370200119590001,010S018E22J001M,wqp,1,wqp:USGS-370200119590001,U.S. Geological Survey,groundwater_well,groundwater,,discrete,unknown,37.044194,-119.984472,18040007,Fresno River,180400070402,,,,,False,1,2013-12-10,2013-12-10,2013-12-10,12.8,False,core,total_dissolved_solids,https://www.waterqualitydata.us/provider/USGS/USGS/USGS-370200119590001/
wqp:USGS-365900120140001,011S016E08A002M,wqp,1,wqp:USGS-365900120140001,U.S. Geological Survey,groundwater_well,groundwater,,discrete,unknown,36.99575,-120.242528,18040007,Fresno River,180400070504,,,,,False,2,2013-11-21,2019-02-06,2019-02-06,7.6,False,extended_wq,"ammonia,selenium",https://www.waterqualitydata.us/provider/USGS/USGS/USGS-365900120140001/
wqp:USGS-370039120053102,011S017E03A002M,wqp,1,wqp:USGS-370039120053102,U.S. Geological Survey,groundwater_well,groundwater,,discrete,unknown,37.01078,-120.092942,18040007,Fresno River,180400070403,,,,,False,1,2002-09-05,2002-09-05,2002-09-05,24.0,False,core,total_dissolved_solids,https://www.waterqualitydata.us/provider/USGS/USGS/USGS-370039120053102/
wqp:USGS-365900120040001,011S017E11R001M,wqp,1,wqp:USGS-365900120040001,U.S. Geological Survey,groundwater_well,groundwater,,discrete,unknown,36.985417,-120.076306,18040007,Fresno River,180400070304,,,,,False,1,2013-12-04,2013-12-04,2013-12-04,12.8,False,major_ions,boron,https://www.waterqualitydata.us/provider/USGS/USGS/USGS-365900120040001/
wqp:CALWR_WQX-10S09E25A001M,10S09E25A001M,wqp,1,wqp:CALWR_WQX-10S09E25A001M,California Department Of Water Resources,discrete_grab,groundwater,,discrete,unknown,37.038422,-119.931108,18040007,Fresno River,180400070304,,,,,False,3,2000-08-16,2000-08-16,2000-08-16,26.1,False,"core,extended_wq","ph,specific_conductance,water_temperature",https://www.waterqualitydata.us/provider/STORET/CALWR_WQX/CALWR_WQX-10S09E25A001M/
cdec:ACB,ASH SLOUGH ABOVE CHOWCHILLA BYPASS,"cdec,dwr_wdl",2,cdec:ACB;dwr_wdl:B64101,CA Dept of Water Resources,continuous_sonde,natural,,continuous,sub-daily,37.04237,-120.43584,18040007,Fresno River,180400070505,SAN JOAQUIN RIVER,,,,False,1,2025-05-28,2026-09-21,2026-09-21,0.0,True,water_balance,stage,https://cdec.water.ca.gov/dynamicapp/staMeta?station_id=ACB
wqp:CEDEN-545XASAAT,Ash Slough @ Ave 21,"ceden,wqp",2,ceden:545XASAAT;wqp:CEDEN-545XASAAT,California State Water Resources Control Board,discrete_grab,natural,,discrete,monthly,37.0545,-120.416,18040007,Fresno River,180400070505,,,,,False,14,2005-06-14,2025-07-09,2025-07-09,1.2,True,"core,extended_wq,major_ions","alkalinity,ammonia,boron,dissolved_oxygen,nitrate,organic_carbon,ph,phosphorus,selenium,specific_conductance,total_dissolved_solids,total_nitrogen,turbidity,water_temperature",https://www.waterqualitydata.us/provider/STORET/CEDEN/CEDEN-545XASAAT/
cdec:BSC,BERENDA SLOUGH @ ROAD 9 ABOVE CHOWCHILLA,cdec,1,cdec:BSC,CA Dept of Water Resources,continuous_sonde,natural,,continuous,sub-daily,36.99614,-120.38329,18040007,Fresno River,180400070503,SAN JOAQUIN RIVER,,,,False,1,2025-05-28,2026-09-21,2026-09-21,0.0,True,water_balance,stage,https://cdec.water.ca.gov/dynamicapp/staMeta?station_id=BSC
wqp:CEDEN-545XSSJ03,Berenda Creek at Ave 17.5 west of Madera,"ceden,wqp",2,ceden:545XSSJ03;wqp:CEDEN-545XSSJ03,California State Water Resources Control Board,discrete_grab,natural,,discrete,daily,37.0045,-120.237,18040007,Fresno River,180400070501,,,,,False,12,2005-01-27,2005-08-20,2005-08-20,21.1,False,"core,extended_wq,major_ions","alkalinity,ammonia,boron,dissolved_oxygen,organic_carbon,ph,phosphorus,selenium,specific_conductance,total_dissolved_solids,turbidity,water_temperature",https://www.waterqualitydata.us/provider/STORET/CEDEN/CEDEN-545XSSJ03/
ceden:545XBSARN,Berenda Slough @ Rd 19,ceden,1,ceden:545XBSARN,CEDEN contributing programs,discrete_grab,natural,,discrete,monthly,37.1214,-120.20206,18040007,Fresno River,180400070503,,,,,False,2,2008-05-27,2008-09-30,2008-09-30,18.0,False,"core,extended_wq","ph,water_temperature",https://ceden.waterboards.ca.gov/AdvancedQueryTool
wqp:CEDEN-545XBSAAE,Berenda Slough along Ave 18 1/2,"ceden,wqp",2,ceden:545XBSAAE;wqp:CEDEN-545XBSAAE,California State Water Resources Control Board,discrete_grab,natural,,discrete,monthly,37.0182,-120.327,18040007,Fresno River,180400070503,,,,,False,14,2006-05-16,2025-08-13,2025-08-13,1.1,True,"core,extended_wq,major_ions","alkalinity,ammonia,boron,dissolved_oxygen,organic_carbon,ph,phosphorus,selenium,specific_conductance,suspended_solids,total_dissolved_solids,total_nitrogen,turbidity,water_temperature",https://www.waterqualitydata.us/provider/STORET/CEDEN/CEDEN-545XBSAAE/
cdec:CBF,CHOWCHILLA BYPASS @ ROAD 9 BELOW FRESNO,"cdec,dwr_wdl",2,cdec:CBF;dwr_wdl:B00455,CA Dept of Water Resources,continuous_sonde,natural,,continuous,sub-daily,36.97532,-120.382063,18040007,Fresno River,180400070504,SAN JOAQUIN RIVER,,,,False,1,2025-05-28,2026-09-21,2026-09-21,0.0,True,water_balance,stage,https://cdec.water.ca.gov/dynamicapp/staMeta?station_id=CBF
ceden:539CGC010,Coarse Gold Creek - Highway 41 bridge,ceden,1,ceden:539CGC010,CEDEN contributing programs,discrete_grab,natural,,discrete,unknown,37.25992,-119.70231,18040007,Fresno River,180400070201,,,,,False,2,2001-12-13,2001-12-13,2001-12-13,24.8,False,"core,extended_wq","ph,water_temperature",https://ceden.waterboards.ca.gov/AdvancedQueryTool
ceden:539CGC020,Coarse Gold Creek - Meadow Ridge Lane,ceden,1,ceden:539CGC020,CEDEN contributing programs,discrete_grab,natural,,discrete,unknown,37.21852,-119.71002,18040007,Fresno River,180400070202,,,,,False,2,2001-12-13,2001-12-13,2001-12-13,24.8,False,"core,extended_wq","ph,water_temperature",https://ceden.waterboards.ca.gov/AdvancedQueryTool
ceden:539CGC030,Coarse Gold Creek - Yosemite Springs Parkway,ceden,1,ceden:539CGC030,CEDEN contributing programs,discrete_grab,natural,,discrete,unknown,37.15613,-119.73751,18040007,Fresno River,180400070202,,,,,False,2,2001-12-13,2001-12-13,2001-12-13,24.8,False,"core,extended_wq","ph,water_temperature",https://ceden.waterboards.ca.gov/AdvancedQueryTool
ceden:539CRC010,Crooks Creek - Poison Switch Marker,ceden,1,ceden:539CRC010,CEDEN contributing programs,discrete_grab,natural,,discrete,unknown,37.35184,-119.74391,18040007,Fresno River,180400070103,,,,,False,2,2001-12-13,2001-12-13,2001-12-13,24.8,False,"core,extended_wq","ph,water_temperature",https://ceden.waterboards.ca.gov/AdvancedQueryTool
wqp:CEDEN-545XDCARE,Dry Creek @ Rd 18,"ceden,wqp",2,ceden:545XDCARE;wqp:CEDEN-545XDCARE,California State Water Resources Control Board,discrete_grab,natural,,discrete,monthly,36.9818,-120.221,18040007,Fresno River,180400070403,,,,,False,15,2005-08-16,2025-09-10,2025-09-10,1.0,True,"core,extended_wq,major_ions","alkalinity,ammonia,boron,dissolved_oxygen,nitrate,organic_carbon,ph,phosphorus,selenium,specific_conductance,suspended_solids,total_dissolved_solids,total_nitrogen,turbidity,water_temperature",https://www.waterqualitydata.us/provider/STORET/CEDEN/CEDEN-545XDCARE/
ceden:545XDCATE,Dry Creek @ Rd 28 1/2,ceden,1,ceden:545XDCATE,CEDEN contributing programs,discrete_grab,natural,,discrete,monthly,37.06785,-120.0292,18040007,Fresno River,180400070402,,,,,False,2,2008-07-29,2008-09-30,2008-09-30,18.0,False,"core,extended_wq","ph,water_temperature",https://ceden.waterboards.ca.gov/AdvancedQueryTool
wqp:CEDEN-545XDCART,Dry Creek at Road 22,"ceden,wqp",2,ceden:545XDCART;wqp:CEDEN-545XDCART,California State Water Resources Control Board,discrete_grab,natural,,discrete,monthly,37.0057,-120.147,18040007,Fresno River,180400070403,,,,,False,4,2008-04-29,2008-09-30,2008-09-30,18.0,False,"core,extended_wq,major_ions","boron,ph,selenium,water_temperature",https://www.waterqualitydata.us/provider/STORET/CEDEN/CEDEN-545XDCART/
wqp:CEDEN-545MRDECC,El Nido Canal Spill to Chowchilla Slough,"ceden,wqp",2,ceden:545MRDECC;wqp:CEDEN-545MRDECC,California State Water Resources Control Board,discrete_grab,conveyance,return,discrete,quarterly,37.06,-120.28,18040007,Fresno River,180400070503,,,,,False,7,2004-07-15,2008-09-16,2008-09-16,18.0,False,"core,extended_wq,major_ions","organic_carbon,ph,phosphorus,potassium,total_dissolved_solids,total_nitrogen,water_temperature",https://www.waterqualitydata.us/provider/STORET/CEDEN/CEDEN-545MRDECC/
cdec:FHL,FRESNO R ABV HENLEY LAKE,cdec,1,cdec:FHL,US Army Corps of Engineers,continuous_sonde,natural,,continuous,sub-daily,37.1506,-119.8561,18040007,Fresno River,180400070303,FRESNO RIVER,,,,False,2,2009-02-26,2026-09-21,2026-09-21,0.0,True,water_balance,"discharge,stage",https://cdec.water.ca.gov/dynamicapp/staMeta?station_id=FHL
usgs:USGS-11258000,FRESNO R BL HIDDEN DAM NR DAULTON CA,"usgs,wqp",2,usgs:USGS-11258000;wqp:USGS-11258000,U.S. Geological Survey,streamgage,natural,,continuous,daily,37.097447,-119.889601,18040007,Fresno River,180400070303,,,,,False,3,1938-03-03,1990-09-29,1990-09-29,36.0,False,"core,water_balance","discharge,stage,water_temperature",https://waterdata.usgs.gov/monitoring-location/11258000
wqp:CALWR_WQX-B6715000,FRESNO R BL HIDDEN DM NR DAULTON,wqp,1,wqp:CALWR_WQX-B6715000,California Department Of Water Resources,discrete_grab,natural,,discrete,annual,37.1044,-119.8879,18040007,Fresno River,180400070303,,,,,False,3,1998-08-11,2008-08-11,2008-08-11,18.1,False,"core,extended_wq","ph,specific_conductance,water_temperature",https://www.waterqualitydata.us/provider/STORET/CALWR_WQX/CALWR_WQX-B6715000/
wqp:CALWR_WQX-B6728390,FRESNO R BL OAKHURST,wqp,1,wqp:CALWR_WQX-B6728390,California Department Of Water Resources,discrete_grab,natural,,discrete,annual,37.3494,-119.7468,18040007,Fresno River,180400070301,,,,,False,3,1998-08-11,2008-08-13,2008-08-13,18.1,False,"core,extended_wq","ph,specific_conductance,water_temperature",https://www.waterqualitydata.us/provider/STORET/CALWR_WQX/CALWR_WQX-B6728390/
cdec:HIQ,FRESNO R BLW HIDDEN DAM,cdec,1,cdec:HIQ,US Army Corps of Engineers,continuous_sonde,natural,,continuous,sub-daily,37.1044,-119.8869,18040007,Fresno River,180400070303,FRESNO RIVER,,,,False,2,2010-01-20,2026-09-21,2026-09-21,0.0,True,"core,water_balance","stage,water_temperature",https://cdec.water.ca.gov/dynamicapp/staMeta?station_id=HIQ
usgs:USGS-11257500,FRESNO R NR KNOWLES CA,usgs,1,usgs:USGS-11257500,U.S. Geological Survey,streamgage,natural,,continuous,daily,37.237169,-119.774876,18040007,Fresno River,180400070301,,,,,False,3,1911-10-01,1990-09-30,1990-09-30,36.0,False,"core,water_balance","discharge,stage,water_temperature",https://waterdata.usgs.gov/monitoring-location/11257500
usgs:USGS-11257800,FRESNO R TRIB NR RAYMOND CA,usgs,1,usgs:USGS-11257800,U.S. Geological Survey,streamgage,natural,,discrete,annual,37.149947,-119.852378,18040007,Fresno River,180400070303,,,,,False,2,1960-01-01,1969-02-24,1969-02-24,57.6,False,water_balance,"discharge,stage",https://waterdata.usgs.gov/monitoring-location/11257800
cdec:FCB,FRESNO RIVER ABOVE CHOWCHILLA BYPASS,cdec,1,cdec:FCB,CA Dept of Water Resources,continuous_sonde,natural,,continuous,sub-daily,36.96793,-120.34064,18040007,Fresno River,180400070504,SAN JOAQUIN RIVER,,,,False,1,2025-05-28,2026-09-21,2026-09-21,0.0,True,water_balance,stage,https://cdec.water.ca.gov/dynamicapp/staMeta?station_id=FCB
ceden:539FRR080,Fresno River - Awanhnee,ceden,1,ceden:539FRR080,CEDEN contributing programs,discrete_grab,natural,,discrete,quarterly,37.3498,-119.7451,18040007,Fresno River,180400070103,,,,,False,2,2001-08-20,2002-06-25,2002-06-25,24.2,False,"core,extended_wq","ph,water_temperature",https://ceden.waterboards.ca.gov/AdvancedQueryTool
ceden:539FRR090,Fresno River - Spangle Gold Creek,ceden,1,ceden:539FRR090,CEDEN contributing programs,discrete_grab,natural,,discrete,quarterly,37.23705,-119.7744,18040007,Fresno River,180400070301,,,,,False,2,2001-08-21,2002-06-27,2002-06-27,24.2,False,"core,extended_wq","ph,water_temperature",https://ceden.waterboards.ca.gov/AdvancedQueryTool
wqp:CEDEN-539MAD003,Fresno River at Hensley Lake,"ceden,wqp",2,ceden:539MAD003;wqp:CEDEN-539MAD003,California State Water Resources Control Board,reservoir,reservoir,,discrete,quarterly,37.1428,-119.863,18040007,Fresno River,180400070303,,,,,False,3,2021-05-17,2022-05-31,2022-05-31,4.3,False,"core,extended_wq,major_ions","alkalinity,ph,water_temperature",https://www.waterqualitydata.us/provider/STORET/CEDEN/CEDEN-539MAD003/
ceden:539FRR060,Fresno River downstream of Oakhurst WWTF,ceden,1,ceden:539FRR060,CEDEN contributing programs,discrete_grab,natural,,discrete,quarterly,37.33674,-119.68389,18040007,Fresno River,180400070103,,,,,False,2,2001-08-20,2002-06-25,2002-06-25,24.2,False,"core,extended_wq","ph,water_temperature",https://ceden.waterboards.ca.gov/AdvancedQueryTool
ceden:539FRR050,Fresno River upstream of Oakhurst WWTF,ceden,1,ceden:539FRR050,CEDEN contributing programs,discrete_grab,natural,,discrete,quarterly,37.33026,-119.66315,18040007,Fresno River,180400070103,,,,,False,2,2001-08-20,2002-06-25,2002-06-25,24.2,False,"core,extended_wq","ph,water_temperature",https://ceden.waterboards.ca.gov/AdvancedQueryTool
wqp:CEDEN-545PS0335,Fresno River ~1.7mi above E. Cleveland Ave.,"ceden,wqp",2,ceden:545PS0335;wqp:CEDEN-545PS0335,California State Water Resources Control Board,discrete_grab,natural,,discrete,unknown,36.9887,-120.021,18040007,Fresno River,180400070304,,,,,False,9,2010-07-26,2010-07-26,2010-07-26,16.2,False,"core,extended_wq,major_ions","ammonia,chloride,organic_carbon,ph,phosphorus,sulfate,suspended_solids,total_nitrogen,water_temperature",https://www.waterqualitydata.us/provider/STORET/CEDEN/CEDEN-545PS0335/
wqp:CEDEN-539PS0146,Fresno River ~2.6mi above Coarse Gold Cr.,"ceden,wqp",2,ceden:539PS0146;wqp:CEDEN-539PS0146,California State Water Resources Control Board,discrete_grab,natural,,discrete,unknown,37.1931,-119.817,18040007,Fresno River,180400070301,,,,,False,9,2010-07-27,2010-07-27,2010-07-27,16.2,False,"core,extended_wq,major_ions","ammonia,chloride,organic_carbon,ph,phosphorus,sulfate,suspended_solids,total_nitrogen,water_temperature",https://www.waterqualitydata.us/provider/STORET/CEDEN/CEDEN-539PS0146/
usgs:USGS-11257950,HENSLEY LK NR DAULTON CA,usgs,1,usgs:USGS-11257950,U.S. Geological Survey,reservoir,reservoir,,continuous,daily,37.109392,-119.885157,18040007,Fresno River,180400070303,,,,,False,1,1975-10-01,1990-09-29,1990-09-29,36.0,False,water_balance,reservoir_storage,https://waterdata.usgs.gov/monitoring-location/11257950
cdec:HID,HIDDEN DAM (HENSLEY),cdec,1,cdec:HID,US Army Corps of Engineers,reservoir,reservoir,,continuous,sub-daily,37.109559,-119.885255,18040007,Fresno River,180400070303,FRESNO RIVER,,,,False,4,1975-10-01,2026-09-21,2026-09-21,0.0,True,water_balance,"computed_flow,discharge,reservoir_storage,stage",https://cdec.water.ca.gov/dynamicapp/staMeta?station_id=HID
wqp:USACESPK-HE-B,Hensley Bottom,wqp,1,wqp:USACESPK-HE-B;wqp:USACESPK-HE-S,U.S. Army Corps of Engineers Sacramento District,reservoir,reservoir,,discrete,unknown,37.1121,-119.8846,18040007,Fresno River,180400070303,,,,,False,14,2007-06-06,2007-06-06,2007-06-06,19.3,False,"core,extended_wq,major_ions","alkalinity,calcium,chloride,magnesium,nitrate,organic_carbon,phosphorus,potassium,selenium,sodium,sulfate,suspended_solids,total_dissolved_solids,total_nitrogen",https://www.waterqualitydata.us/provider/STORET/USACESPK/USACESPK-HE-B/
wqp:USACESPK-HE-I-1,Hensley Inflow 1: Fresno River,wqp,1,wqp:USACESPK-HE-I-1,U.S. Army Corps of Engineers Sacramento District,reservoir,reservoir,,discrete,unknown,37.146967,-119.859783,18040007,Fresno River,180400070303,,,,,False,13,2007-06-06,2007-06-06,2007-06-06,19.3,False,"core,extended_wq,major_ions","alkalinity,calcium,chloride,magnesium,nitrate,phosphorus,potassium,selenium,sodium,sulfate,suspended_solids,total_dissolved_solids,total_nitrogen",https://www.waterqualitydata.us/provider/STORET/USACESPK/USACESPK-HE-I-1/
ceden:539HEL030,Hensley Lake - Andy's Cove,ceden,1,ceden:539HEL030,CEDEN contributing programs,discrete_grab,reservoir,,discrete,quarterly,37.10817,-119.86976,18040007,Fresno River,180400070303,,,,,False,2,2001-08-21,2002-06-27,2002-06-27,24.2,False,"core,extended_wq","ph,water_temperature",https://ceden.waterboards.ca.gov/AdvancedQueryTool
ceden:539HEL035,Hensley Lake - North end of Andy's Cove,ceden,1,ceden:539HEL035,CEDEN contributing programs,discrete_grab,reservoir,,discrete,unknown,37.10797,-119.86976,18040007,Fresno River,180400070303,,,,,False,2,2002-06-27,2002-06-27,2002-06-27,24.2,False,"core,extended_wq","ph,water_temperature",https://ceden.waterboards.ca.gov/AdvancedQueryTool
ceden:539HEL020,Hensley Lake - Restroom #7 to east,ceden,1,ceden:539HEL020,CEDEN contributing programs,discrete_grab,reservoir,,discrete,quarterly,37.12731,-119.87725,18040007,Fresno River,180400070303,,,,,False,2,2001-08-21,2002-06-27,2002-06-27,24.2,False,"core,extended_wq","ph,water_temperature",https://ceden.waterboards.ca.gov/AdvancedQueryTool
ceden:539HEL010,Hensley Lake - inflow,ceden,1,ceden:539HEL010,CEDEN contributing programs,discrete_grab,reservoir,,discrete,quarterly,37.13824,-119.87113,18040007,Fresno River,180400070303,,,,,False,2,2001-08-21,2002-06-27,2002-06-27,24.2,False,"core,extended_wq","ph,water_temperature",https://ceden.waterboards.ca.gov/AdvancedQueryTool
ceden:539HEL040,Hensley Lake - outflow,ceden,1,ceden:539HEL040,CEDEN contributing programs,discrete_grab,reservoir,,discrete,quarterly,37.112,-119.884,18040007,Fresno River,180400070303,,,,,False,2,2001-08-21,2002-06-27,2002-06-27,24.2,False,"core,extended_wq","ph,water_temperature",https://ceden.waterboards.ca.gov/AdvancedQueryTool
wqp:CEDEN-539MAD002,Hensley Lake at East Floating Dock,"ceden,wqp",2,ceden:539MAD002;wqp:CEDEN-539MAD002,California State Water Resources Control Board,reservoir,reservoir,,discrete,quarterly,37.1202,-119.877,18040007,Fresno River,180400070303,,,,,False,3,2021-05-26,2022-05-31,2022-05-31,4.3,False,"core,extended_wq,major_ions","alkalinity,ph,water_temperature",https://www.waterqualitydata.us/provider/STORET/CEDEN/CEDEN-539MAD002/
wqp:CEDEN-539MAD001,Hensley Lake at West Floating Dock,"ceden,wqp",2,ceden:539MAD001;wqp:CEDEN-539MAD001,California State Water Resources Control Board,reservoir,reservoir,,discrete,weekly,37.1213,-119.885,18040007,Fresno River,180400070303,,,,,False,4,2021-05-17,2022-05-31,2022-05-31,4.3,False,"core,extended_wq,major_ions","alkalinity,ph,phosphorus,water_temperature",https://www.waterqualitydata.us/provider/STORET/CEDEN/CEDEN-539MAD001/
usgs:USGS-11257040,LEWIS FORK FRESNO R NR OAKHURST CA,"cdec,dwr_wdl,usgs,wqp",4,cdec:FRU;dwr_wdl:B67325;usgs:USGS-11257040;wqp:CALWR_WQX-B6732500,U.S. Geological Survey,streamgage,natural,,continuous,sub-daily,37.344943,-119.639315,18040007,Fresno River,180400070103,,,,,False,5,1960-10-01,2026-09-21,2026-09-21,0.0,True,"core,extended_wq,water_balance","discharge,ph,specific_conductance,stage,water_temperature",https://waterdata.usgs.gov/monitoring-location/11257040
ceden:539FRR020,Lewis Fork - Cedar Valley,ceden,1,ceden:539FRR020,CEDEN contributing programs,discrete_grab,natural,,discrete,quarterly,37.39615,-119.62765,18040007,Fresno River,180400070101,,,,,False,2,2001-08-20,2002-06-25,2002-06-25,24.2,False,"core,extended_wq","ph,water_temperature",https://ceden.waterboards.ca.gov/AdvancedQueryTool
ceden:539FRR030,Lewis Fork - Sky Ranch Road,ceden,1,ceden:539FRR030,CEDEN contributing programs,discrete_grab,natural,,discrete,unknown,37.37664,-119.62233,18040007,Fresno River,180400070101,,,,,False,2,2002-06-25,2002-06-25,2002-06-25,24.2,False,"core,extended_wq","ph,water_temperature",https://ceden.waterboards.ca.gov/AdvancedQueryTool
ceden:539FRR010,Lewis Fork - Sugar Pine,ceden,1,ceden:539FRR010,CEDEN contributing programs,discrete_grab,natural,,discrete,quarterly,37.43992,-119.63267,18040007,Fresno River,180400070101,,,,,False,2,2001-08-20,2002-06-25,2002-06-25,24.2,False,"core,extended_wq","ph,water_temperature",https://ceden.waterboards.ca.gov/AdvancedQueryTool
ceden:539CE0110,Lewis Fork above Sky Ranch Road,ceden,1,ceden:539CE0110,CEDEN contributing programs,discrete_grab,natural,,discrete,unknown,37.377222,-119.622222,18040007,Fresno River,180400070101,,,,,False,2,2005-08-16,2005-08-16,2005-08-16,21.1,False,"core,extended_wq","ph,water_temperature",https://ceden.waterboards.ca.gov/AdvancedQueryTool
usgs:USGS-11257100,MIAMI C NR OAKHURST CA,"dwr_wdl,usgs",2,dwr_wdl:B67300;usgs:USGS-11257100,U.S. Geological Survey,streamgage,natural,,continuous,sub-daily,37.393553,-119.654318,18040007,Fresno River,180400070102,,,,,False,2,1960-10-01,1989-10-01,1989-10-01,37.0,False,water_balance,"discharge,stage",https://waterdata.usgs.gov/monitoring-location/11257100
ceden:539MIC010,Miami Creek,ceden,1,ceden:539MIC010,CEDEN contributing programs,discrete_grab,natural,,discrete,unknown,37.34677,-119.71778,18040007,Fresno River,180400070102,,,,,False,2,2001-12-13,2001-12-13,2001-12-13,24.8,False,"core,extended_wq","ph,water_temperature",https://ceden.waterboards.ca.gov/AdvancedQueryTool
dwr_wdl:B67285,Miami Creek at Highway 49 near Ahwanee,"dwr_wdl,wqp",2,dwr_wdl:B67285;wqp:CALWR_WQX-B6728500,California Department of Water Resources,continuous_sonde,natural,,continuous,sub-daily,37.348276,-119.717655,18040007,Fresno River,180400070102,,NAD83,,,False,5,1970-10-01,2006-08-16,2006-08-16,20.1,False,"core,extended_wq,water_balance","discharge,ph,specific_conductance,stage,water_temperature",https://wdl.water.ca.gov/WaterDataLibrary/StationDetails.aspx?Station=B67285
wqp:CEDEN-539PS0127,Miami Creek ~1.2mi below Miami Mtn. Rd.,"ceden,wqp",2,ceden:539PS0127;wqp:CEDEN-539PS0127,California State Water Resources Control Board,discrete_grab,natural,,discrete,unknown,37.4279,-119.661,18040007,Fresno River,180400070102,,,,,False,9,2013-05-27,2013-05-27,2013-05-27,13.3,False,"core,extended_wq,major_ions","ammonia,chloride,organic_carbon,ph,phosphorus,sulfate,suspended_solids,total_nitrogen,water_temperature",https://www.waterqualitydata.us/provider/STORET/CEDEN/CEDEN-539PS0127/
wqp:CEDEN-539SED010,Nedler Cr 10,"ceden,wqp",2,ceden:539SED010;wqp:CEDEN-539SED010,California State Water Resources Control Board,discrete_grab,natural,,discrete,unknown,37.411,-119.595,18040007,Fresno River,180400070101,,,,,False,4,2021-06-22,2021-06-22,2021-06-22,5.2,False,"core,extended_wq,major_ions","chloride,ph,sulfate,water_temperature",https://www.waterqualitydata.us/provider/STORET/CEDEN/CEDEN-539SED010/
ceden:539NEC010,Nelder Creek - Lewis Fork,ceden,1,ceden:539NEC010,CEDEN contributing programs,discrete_grab,natural,,discrete,quarterly,37.36268,-119.62228,18040007,Fresno River,180400070101,,,,,False,2,2001-08-20,2002-06-25,2002-06-25,24.2,False,"core,extended_wq","ph,water_temperature",https://ceden.waterboards.ca.gov/AdvancedQueryTool
wqp:CEDEN-539NDCACC,Nelder Creek ~1mi above California Cr.,"ceden,wqp",2,ceden:539NDCACC;wqp:CEDEN-539NDCACC,California State Water Resources Control Board,discrete_grab,natural,,discrete,monthly,37.4249,-119.596,18040007,Fresno River,180400070101,,,,,False,8,2009-05-05,2023-06-01,2023-06-01,3.3,False,"core,extended_wq,major_ions","chloride,organic_carbon,ph,phosphorus,sulfate,suspended_solids,total_nitrogen,water_temperature",https://www.waterqualitydata.us/provider/STORET/CEDEN/CEDEN-539NDCACC/
usgs:USGS-11257700,PICAYUNE C NR COARSEGOLD CA,usgs,1,usgs:USGS-11257700,U.S. Geological Survey,streamgage,natural,,continuous,daily,37.220781,-119.707927,18040007,Fresno River,180400070201,,,,,False,2,1960-03-28,1973-02-11,1973-02-11,53.6,False,water_balance,"discharge,stage",https://waterdata.usgs.gov/monitoring-location/11257700
ceden:539PEC010,Peterson Creek,ceden,1,ceden:539PEC010,CEDEN contributing programs,discrete_grab,natural,,discrete,unknown,37.37373,-119.72314,18040007,Fresno River,180400070102,,,,,False,2,2001-12-13,2001-12-13,2001-12-13,24.8,False,"core,extended_wq","ph,water_temperature",https://ceden.waterboards.ca.gov/AdvancedQueryTool
cdec:S1C,SAN JOAQUIN NO. 1 CONDUIT,cdec,1,cdec:S1C,"Pacific Gas and Electric Company, Auberry",continuous_sonde,conveyance,diversion,continuous,sub-daily,37.2831,-119.815,18040007,Fresno River,180400070301,SAN JOAQUIN RIVER,,,,False,1,2009-02-08,2026-09-21,2026-09-21,0.0,True,water_balance,stage,https://cdec.water.ca.gov/dynamicapp/staMeta?station_id=S1C
cdec:W89,SAN JOAQUIN R - MONITORING WELL #89,cdec,1,cdec:W89,US Bureau of Reclamation,continuous_sonde,groundwater,,continuous,sub-daily,37.028,-120.5444,18040007,Fresno River,180400070505,SAN JOAQUIN RIVER,,San Joaquin River,168.0,False,2,2010-05-12,2026-09-21,2026-09-21,0.0,True,core,"specific_conductance,water_temperature",https://cdec.water.ca.gov/dynamicapp/staMeta?station_id=W89
wqp:USGS-374900120030001,001S017E36C001M,wqp,1,wqp:USGS-374900120030001,U.S. Geological Survey,groundwater_well,groundwater,,discrete,unknown,37.818111,-120.058667,18040008,Upper Merced,180400080401,,,,,False,1,2008-08-13,2008-08-13,2008-08-13,18.1,False,extended_wq,phosphorus,https://www.waterqualitydata.us/provider/USGS/USGS/USGS-374900120030001/
wqp:USGS-372312120481080,006S011E30B027M,wqp,1,wqp:USGS-372312120481080,U.S. Geological Survey,discrete_grab,groundwater,,discrete,unknown,37.387739,-120.801886,18040008,Upper Merced,180400080803,,,Merced River,,False,1,2004-03-30,2004-03-30,2004-03-30,22.5,False,core,total_dissolved_solids,https://www.waterqualitydata.us/provider/USGS/USGS/USGS-372312120481080/
wqp:USGS-372312120481116,ACTTR1-5-2C TEMPRARY DRI,wqp,1,wqp:USGS-372312120481116,U.S. Geological Survey,discrete_grab,groundwater,,discrete,unknown,37.388203,-120.801619,18040008,Upper Merced,180400080803,,,Merced River,,False,1,2004-03-30,2004-03-30,2004-03-30,22.5,False,extended_wq,ph,https://www.waterqualitydata.us/provider/USGS/USGS/USGS-372312120481116/
ceden:537ADCH41,Alder Creek at Hwy 41,ceden,1,ceden:537ADCH41,CEDEN contributing programs,discrete_grab,natural,,discrete,irregular,37.580309,-119.67833,18040008,Upper Merced,180400080204,,,,,False,4,2011-09-12,2018-09-05,2018-09-05,8.0,False,"core,extended_wq,major_ions","chloride,ph,sulfate,water_temperature",https://ceden.waterboards.ca.gov/AdvancedQueryTool
wqp:CALWR_WQX-B5258000,BEAN C NR COULTERVILLE,wqp,1,wqp:CALWR_WQX-B5258000,California Department Of Water Resources,discrete_grab,natural,,discrete,irregular,37.7416,-120.1177,18040008,Upper Merced,180400080401,,,,,False,3,1999-02-08,2004-02-10,2004-02-10,22.6,False,"core,extended_wq","ph,specific_conductance,water_temperature",https://www.waterqualitydata.us/provider/STORET/CALWR_WQX/CALWR_WQX-B5258000/
usgs:USGS-11267350,BIG C DIV NR FISH CAMP CA,usgs,1,usgs:USGS-11267350,U.S. Geological Survey,streamgage,conveyance,diversion,continuous,sub-daily,37.469383,-119.615151,18040008,Upper Merced,180400080203,,,,,False,2,1969-10-01,2012-10-02,2012-10-02,14.0,False,water_balance,"discharge,stage",https://waterdata.usgs.gov/monitoring-location/11267350
cdec:BGF,BIG CK DIVERSION NR FISH CAMP,cdec,1,cdec:BGF,Madera Irrigation District,continuous_sonde,conveyance,diversion,continuous,sub-daily,37.46944,-119.61417,18040008,Upper Merced,180400080203,MERCED RIVER,,,,False,2,2012-10-02,2026-09-21,2026-09-21,0.0,True,water_balance,"discharge,stage",https://cdec.water.ca.gov/dynamicapp/staMeta?station_id=BGF
ceden:537BSCAWR,Bishop Creek,ceden,1,ceden:537BSCAWR,CEDEN contributing programs,discrete_grab,natural,,discrete,unknown,37.6212,-119.677,18040008,Upper Merced,180400080206,,,,,False,4,2008-07-15,2008-07-15,2008-07-15,18.2,False,"core,extended_wq,major_ions","chloride,ph,sulfate,water_temperature",https://ceden.waterboards.ca.gov/AdvancedQueryTool
ceden:537MAR204,Briceburg Beach near Bluff Creek Rd,ceden,1,ceden:537MAR204,CEDEN contributing programs,discrete_grab,natural,,discrete,monthly,37.604058,-119.968965,18040008,Upper Merced,180400080503,,,Merced River,,False,6,2011-05-15,2015-04-26,2015-04-26,11.4,False,"core,extended_wq,major_ions","boron,chloride,ph,selenium,sulfate,water_temperature",https://ceden.waterboards.ca.gov/AdvancedQueryTool
ceden:537BLCABG,Bull Creek ~0.7mi above Bonell Gulch Cr.,ceden,1,ceden:537BLCABG,CEDEN contributing programs,discrete_grab,natural,,discrete,unknown,37.704089,-119.973774,18040008,Upper Merced,180400080402,,,,,False,4,2011-09-15,2011-09-15,2011-09-15,15.0,False,"core,extended_wq,major_ions","chloride,ph,sulfate,water_temperature",https://ceden.waterboards.ca.gov/AdvancedQueryTool
ceden:537MAR220,Cascade Falls at El Portal Rd,ceden,1,ceden:537MAR220,CEDEN contributing programs,discrete_grab,unknown,,discrete,monthly,37.72444,-119.71167,18040008,Upper Merced,180400080303,,,Merced River,,False,6,2014-12-04,2015-04-26,2015-04-26,11.4,False,"core,extended_wq,major_ions","boron,chloride,ph,selenium,sulfate,water_temperature",https://ceden.waterboards.ca.gov/AdvancedQueryTool
ceden:537MAR210,Crane Creek near Tuolumne River Rd,ceden,1,ceden:537MAR210,CEDEN contributing programs,discrete_grab,natural,,discrete,monthly,37.677961,-119.776747,18040008,Upper Merced,180400080306,,,Merced River,,False,6,2011-05-15,2015-02-09,2015-02-09,11.6,False,"core,extended_wq,major_ions","boron,chloride,ph,selenium,sulfate,water_temperature",https://ceden.waterboards.ca.gov/AdvancedQueryTool
usgs:USGS-11271320,DRY C NR SNELLING CA,"cdec,usgs",2,cdec:DSN;usgs:USGS-11271320,U.S. Geological Survey,streamgage,natural,,continuous,sub-daily,37.554935,-120.46325,18040008,Upper Merced,180400080703,,,,,False,2,1966-10-01,2026-09-21,2026-09-21,0.0,True,water_balance,"discharge,stage",https://waterdata.usgs.gov/monitoring-location/11271320
cdec:DFR,DRY CREEK AT FIELDS ROAD,cdec,1,cdec:DFR,Merced Irrigation District,continuous_sonde,natural,,continuous,sub-daily,37.57889,-120.38944,18040008,Upper Merced,180400080701,MERCED RIVER,,,,False,2,2017-10-03,2026-09-21,2026-09-21,0.0,True,water_balance,"discharge,stage",https://cdec.water.ca.gov/dynamicapp/staMeta?station_id=DFR
cdec:DOR,DRY CREEK AT OAKDALE ROAD,"cdec,ceden",2,cdec:DOR;ceden:535DCAORD,East Turlock Subbasin GSA,continuous_sonde,natural,,continuous,sub-daily,37.46053,-120.61535,18040008,Upper Merced,180400080703,SAN JOAQUIN RIVER,,,,False,3,2009-11-17,2026-09-21,2026-09-21,0.0,True,"core,extended_wq,water_balance","ph,stage,water_temperature",https://cdec.water.ca.gov/dynamicapp/staMeta?station_id=DOR
wqp:CEDEN-535XSSJ12,Duck Slough at Arboleda Drive,"ceden,wqp",2,ceden:535XSSJ12;wqp:CEDEN-535XSSJ12,California State Water Resources Control Board,discrete_grab,natural,,discrete,monthly,37.5607,-120.378,18040008,Upper Merced,180400080702,,,,,False,12,2004-07-20,2005-04-12,2005-04-12,21.4,False,"core,extended_wq,major_ions","alkalinity,ammonia,boron,dissolved_oxygen,organic_carbon,ph,phosphorus,selenium,specific_conductance,total_dissolved_solids,turbidity,water_temperature",https://www.waterqualitydata.us/provider/STORET/CEDEN/CEDEN-535XSSJ12/
dwr_wdl:05S13E13K003M,ETTSS-02 Lower,dwr_wdl,1,dwr_wdl:05S13E13K003M,California Department of Water Resources,groundwater_well,groundwater,,continuous,sub-daily,37.497369,-120.489316,18040008,Upper Merced,180400080802,,NAD83,,,False,1,2025-05-07,2026-08-11,2026-08-11,0.1,True,core,water_temperature,https://wdl.water.ca.gov/WaterDataLibrary/StationDetails.aspx?Station=05S13E13K003M
dwr_wdl:05S13E13K002M,ETTSS-02 Middle,dwr_wdl,1,dwr_wdl:05S13E13K002M,California Department of Water Resources,groundwater_well,groundwater,,continuous,sub-daily,37.497369,-120.489316,18040008,Upper Merced,180400080802,,NAD83,,,False,1,2025-05-07,2026-08-11,2026-08-11,0.1,True,core,water_temperature,https://wdl.water.ca.gov/WaterDataLibrary/StationDetails.aspx?Station=05S13E13K002M
dwr_wdl:05S13E13K001M,ETTSS-02 Upper,dwr_wdl,1,dwr_wdl:05S13E13K001M,California Department of Water Resources,groundwater_well,groundwater,,continuous,sub-daily,37.497369,-120.489316,18040008,Upper Merced,180400080802,,NAD83,,,False,1,2025-05-07,2026-08-11,2026-08-11,0.1,True,core,water_temperature,https://wdl.water.ca.gov/WaterDataLibrary/StationDetails.aspx?Station=05S13E13K001M
dwr_wdl:06S12E09E003M,ETTSS-03 Lower (220-260),dwr_wdl,1,dwr_wdl:06S12E09E003M,California Department of Water Resources,groundwater_well,groundwater,,continuous,sub-daily,37.428926,-120.66742,18040008,Upper Merced,180400080803,,NAD83,Merced River,,False,1,2026-02-12,2026-08-13,2026-08-13,0.1,True,core,water_temperature,https://wdl.water.ca.gov/WaterDataLibrary/StationDetails.aspx?Station=06S12E09E003M
dwr_wdl:06S12E09E002M,ETTSS-03 Middle (150-170),dwr_wdl,1,dwr_wdl:06S12E09E002M,California Department of Water Resources,groundwater_well,groundwater,,continuous,sub-daily,37.428926,-120.66742,18040008,Upper Merced,180400080803,,NAD83,Merced River,,False,1,2026-02-12,2026-08-13,2026-08-13,0.1,True,core,water_temperature,https://wdl.water.ca.gov/WaterDataLibrary/StationDetails.aspx?Station=06S12E09E002M
dwr_wdl:06S12E09E001M,ETTSS-03 Upper (85-105),dwr_wdl,1,dwr_wdl:06S12E09E001M,California Department of Water Resources,groundwater_well,groundwater,,continuous,sub-daily,37.428926,-120.66742,18040008,Upper Merced,180400080803,,NAD83,Merced River,,False,1,2026-02-12,2026-08-13,2026-08-13,0.1,True,core,water_temperature,https://wdl.water.ca.gov/WaterDataLibrary/StationDetails.aspx?Station=06S12E09E001M
usgs:USGS-11269700,EXCHEQUER PH A EXCHEQUER CA,usgs,1,usgs:USGS-11269700,U.S. Geological Survey,streamgage,conveyance,diversion,continuous,daily,37.583546,-120.275744,18040008,Upper Merced,180400080801,,,Merced River,,False,1,1973-10-01,2025-09-30,2025-09-30,1.0,True,water_balance,discharge,https://waterdata.usgs.gov/monitoring-location/11269700
esmr:806848,El Portal WWTF EFF-001,esmr,1,esmr:806848,El Portal WWTF,effluent,effluent,,continuous,daily,37.67,-119.81,18040008,Upper Merced,180400080306,NA,,Merced River,,False,21,2014-07-03,2026-06-30,2026-06-30,0.2,True,"core,extended_wq,major_ions,water_balance","alkalinity,ammonia,boron,calcium,chloride,discharge,hardness,magnesium,nitrate,organic_carbon,ph,phosphorus,potassium,selenium,sodium,specific_conductance,sulfate,suspended_solids,total_dissolved_solids,turbidity,water_temperature",https://ciwqs.waterboards.ca.gov/ciwqs/readOnly/CiwqsReportServlet?inCommand=reset&reportName=esmrAnalyticalData
esmr:731841,El Portal WWTF M-001,esmr,1,esmr:731841,El Portal WWTF,effluent,effluent,,continuous,daily,37.67,-119.81,18040008,Upper Merced,180400080306,NA,,Merced River,,False,20,2013-01-01,2014-07-31,2014-07-31,12.1,False,"core,extended_wq,major_ions,water_balance","alkalinity,ammonia,boron,calcium,chloride,discharge,hardness,magnesium,nitrate,ph,phosphorus,potassium,selenium,sodium,specific_conductance,sulfate,suspended_solids,total_dissolved_solids,turbidity,water_temperature",https://ciwqs.waterboards.ca.gov/ciwqs/readOnly/CiwqsReportServlet?inCommand=reset&reportName=esmrAnalyticalData
esmr:731840,El Portal WWTF M-INF,esmr,1,esmr:731840,El Portal WWTF,influent,effluent,,continuous,daily,37.66,-119.81,18040008,Upper Merced,180400080306,NA,,,,False,3,2013-01-01,2014-07-31,2014-07-31,12.1,False,"core,extended_wq","ph,specific_conductance,suspended_solids",https://ciwqs.waterboards.ca.gov/ciwqs/readOnly/CiwqsReportServlet?inCommand=reset&reportName=esmrAnalyticalData
esmr:731844,El Portal WWTF R-001,esmr,1,esmr:731844,El Portal WWTF,receiving_water,receiving_water,,discrete,weekly,37.672778,-119.794722,18040008,Upper Merced,180400080306,None,,Merced River,,False,10,2013-01-01,2014-07-05,2014-07-05,12.2,False,"core,extended_wq,major_ions,water_balance","ammonia,discharge,dissolved_oxygen,hardness,nitrate,ph,selenium,specific_conductance,turbidity,water_temperature",https://ciwqs.waterboards.ca.gov/ciwqs/readOnly/CiwqsReportServlet?inCommand=reset&reportName=esmrAnalyticalData
esmr:731845,El Portal WWTF R-002,esmr,1,esmr:731845,El Portal WWTF,receiving_water,receiving_water,,discrete,weekly,37.669167,-119.783611,18040008,Upper Merced,180400080306,None,,Merced River,,False,9,2013-01-01,2014-07-30,2014-07-30,12.1,False,"core,extended_wq,major_ions,water_balance","ammonia,discharge,dissolved_oxygen,hardness,nitrate,ph,specific_conductance,turbidity,water_temperature",https://ciwqs.waterboards.ca.gov/ciwqs/readOnly/CiwqsReportServlet?inCommand=reset&reportName=esmrAnalyticalData
esmr:806850,El Portal WWTF RSW-001,esmr,1,esmr:806850,El Portal WWTF,receiving_water,receiving_water,,continuous,daily,37.672778,-119.816944,18040008,Upper Merced,180400080307,Merced River- Source to McClure Lake,,Merced River,,False,14,2014-07-03,2026-06-30,2026-06-30,0.2,True,"core,extended_wq,major_ions,water_balance","ammonia,calcium,discharge,dissolved_oxygen,dissolved_oxygen_saturation,hardness,magnesium,nitrate,organic_carbon,ph,selenium,specific_conductance,turbidity,water_temperature",https://ciwqs.waterboards.ca.gov/ciwqs/readOnly/CiwqsReportServlet?inCommand=reset&reportName=esmrAnalyticalData
esmr:806851,El Portal WWTF RSW-002,esmr,1,esmr:806851,El Portal WWTF,receiving_water,receiving_water,,discrete,monthly,37.669167,-119.816944,18040008,Upper Merced,180400080306,Merced River- Source to McClure Lake,,Merced River,,False,9,2014-07-03,2026-06-02,2026-06-02,0.3,True,"core,extended_wq","ammonia,dissolved_oxygen,dissolved_oxygen_saturation,nitrate,organic_carbon,ph,specific_conductance,turbidity,water_temperature",https://ciwqs.waterboards.ca.gov/ciwqs/readOnly/CiwqsReportServlet?inCommand=reset&reportName=esmrAnalyticalData
ceden:537R5NPFA,Fly Away Gulch above Hwy 49,ceden,1,ceden:537R5NPFA,CEDEN contributing programs,discrete_grab,natural,,discrete,monthly,37.62239,-120.14266,18040008,Upper Merced,180400080603,,,Merced River,,False,4,2019-03-25,2025-04-16,2025-04-16,1.4,True,"core,extended_wq,major_ions","chloride,ph,sulfate,water_temperature",https://ceden.waterboards.ca.gov/AdvancedQueryTool
ceden:537GZCAMR,Grizzly Creek,ceden,1,ceden:537GZCAMR,CEDEN contributing programs,discrete_grab,natural,,discrete,unknown,37.52509,-119.46551,18040008,Upper Merced,180400080201,,,,,False,4,2008-08-07,2008-08-07,2008-08-07,18.1,False,"core,extended_wq,major_ions","chloride,ph,sulfate,water_temperature",https://ceden.waterboards.ca.gov/AdvancedQueryTool
ceden:537CE0238,Grouse Creek ~0.9mi above Hwy 41,ceden,1,ceden:537CE0238,CEDEN contributing programs,discrete_grab,natural,,discrete,unknown,37.68457,-119.6853,18040008,Upper Merced,180400080305,,,,,False,2,2006-08-15,2006-08-15,2006-08-15,20.1,False,"core,extended_wq","ph,water_temperature",https://ceden.waterboards.ca.gov/AdvancedQueryTool
usgs:USGS-11271300,HAYWARD C NR LA GRANGE CA,usgs,1,usgs:USGS-11271300,U.S. Geological Survey,streamgage,natural,,discrete,annual,37.641599,-120.378804,18040008,Upper Merced,180400080701,,,,,False,2,1960-02-02,1973-02-27,1973-02-27,53.6,False,water_balance,"discharge,stage",https://waterdata.usgs.gov/monitoring-location/11271300
wqp:USGS-372323120481700,HIGHLINE CN SPILL NR HILMAR CA,"ceden,wqp",2,ceden:535TIDHLS;wqp:USGS-372323120481700,U.S. Geological Survey,discrete_grab,conveyance,return,discrete,annual,37.38966,-120.805757,18040008,Upper Merced,180400080803,,,Merced River,,False,3,2004-02-26,2008-07-23,2008-07-23,18.2,False,"core,extended_wq","organic_carbon,ph,water_temperature",https://www.waterqualitydata.us/provider/USGS/USGS/USGS-372323120481700/
ceden:537PS0386,Halls Gulch ~5.2mi above Merced River,ceden,1,ceden:537PS0386,CEDEN contributing programs,discrete_grab,natural,,discrete,unknown,37.6605,-119.9948,18040008,Upper Merced,180400080503,,,,,False,4,2012-07-16,2012-07-16,2012-07-16,14.2,False,"core,extended_wq,major_ions","chloride,ph,sulfate,water_temperature",https://ceden.waterboards.ca.gov/AdvancedQueryTool
wqp:NARS_WQX-WCAP99-0503,ILLILOUETTE CREEK,wqp,1,wqp:NARS_WQX-WCAP99-0503,EPA National Aquatic Resources Survey (NARS),discrete_grab,natural,,discrete,unknown,37.68178,-119.53587,18040008,Upper Merced,180400080106,,,,,False,18,2000-10-03,2000-10-03,2000-10-03,26.0,False,"core,extended_wq,major_ions","alkalinity,calcium,chloride,dissolved_oxygen,magnesium,nitrate,organic_carbon,ph,phosphorus,potassium,selenium,sodium,specific_conductance,sulfate,suspended_solids,total_nitrogen,turbidity,water_temperature",https://www.waterqualitydata.us/provider/STORET/NARS_WQX/NARS_WQX-WCAP99-0503/
wqp:CEDEN-537WE0503,Illilouette Creek ~1.7mi below Clark Fork,"ceden,wqp",2,ceden:537WE0503;wqp:CEDEN-537WE0503,California State Water Resources Control Board,discrete_grab,natural,,discrete,unknown,37.6818,-119.536,18040008,Upper Merced,180400080106,,,,,False,12,2000-10-03,2000-10-03,2000-10-03,26.0,False,"core,extended_wq,major_ions","ammonia,calcium,chloride,magnesium,organic_carbon,ph,potassium,selenium,sodium,sulfate,total_nitrogen,water_temperature",https://www.waterqualitydata.us/provider/STORET/CEDEN/CEDEN-537WE0503/
wqp:CEDEN-535XNSJ26,Ingalsbe Slough at J17,"ceden,wqp",2,ceden:535XNSJ26;wqp:CEDEN-535XNSJ26,California State Water Resources Control Board,discrete_grab,natural,,discrete,weekly,37.4917,-120.556,18040008,Upper Merced,180400080802,,,,,False,12,2004-07-20,2004-09-15,2004-09-15,22.0,False,"core,extended_wq,major_ions","alkalinity,ammonia,boron,dissolved_oxygen,organic_carbon,ph,phosphorus,selenium,specific_conductance,total_dissolved_solids,turbidity,water_temperature",https://www.waterqualitydata.us/provider/STORET/CEDEN/CEDEN-535XNSJ26/
ceden:535CE0150,Ingalsbe Slough ~1.5mi above Merced River,ceden,1,ceden:535CE0150,CEDEN contributing programs,discrete_grab,natural,,discrete,unknown,37.48315,-120.56493,18040008,Upper Merced,180400080802,,,,,False,2,2005-09-14,2005-09-14,2005-09-14,21.0,False,"core,extended_wq","ph,water_temperature",https://ceden.waterboards.ca.gov/AdvancedQueryTool
wqp:CEDEN-535XJDAOR,Jones Drain @ Oakdale Rd,"ceden,wqp",2,ceden:535XJDAOR;wqp:CEDEN-535XJDAOR,California State Water Resources Control Board,discrete_grab,drain,,discrete,monthly,37.4495,-120.601,18040008,Upper Merced,180400080803,,,,,False,11,2005-02-16,2007-09-25,2007-09-25,19.0,False,"core,extended_wq,major_ions","alkalinity,ammonia,boron,dissolved_oxygen,organic_carbon,ph,selenium,specific_conductance,total_dissolved_solids,turbidity,water_temperature",https://www.waterqualitydata.us/provider/STORET/CEDEN/CEDEN-535XJDAOR/
cdec:MCS,LAKE MC SWAIN,cdec,1,cdec:MCS,Merced Irrigation District,reservoir,reservoir,,continuous,sub-daily,37.52,-120.309,18040008,Upper Merced,180400080801,MERCED RIVER,,Merced River,,False,2,1966-07-01,2026-09-21,2026-09-21,0.0,True,water_balance,"reservoir_storage,stage",https://cdec.water.ca.gov/dynamicapp/staMeta?station_id=MCS
usgs:USGS-11269500,LK MCCLURE A EXCHEQUER CA,"cdec,usgs,wqp",3,cdec:EXC;usgs:USGS-11269500;wqp:USGS-11269500,U.S. Geological Survey,reservoir,reservoir,,continuous,sub-daily,37.583823,-120.270188,18040008,Upper Merced,180400080801,,,Merced River,,False,4,1930-11-17,2026-09-21,2026-09-21,0.0,True,water_balance,"computed_flow,discharge,reservoir_storage,stage",https://waterdata.usgs.gov/monitoring-location/11269500
usgs:USGS-11269300,MAXWELL C A COULTERVILLE CA,"dwr_wdl,usgs,wqp",3,dwr_wdl:B51250;usgs:USGS-11269300;wqp:CALWR_WQX-B5125000,U.S. Geological Survey,streamgage,natural,,continuous,sub-daily,37.716041,-120.18991,18040008,Upper Merced,180400080602,,,,,False,5,1959-10-01,2004-02-10,2004-02-10,22.6,False,"core,extended_wq,water_balance","discharge,ph,specific_conductance,stage,water_temperature",https://waterdata.usgs.gov/monitoring-location/11269300
usgs:USGS-11270600,MCSWAIN RES NR SNELLING CA,usgs,1,usgs:USGS-11270600,U.S. Geological Survey,reservoir,reservoir,,continuous,daily,37.521325,-120.309633,18040008,Upper Merced,180400080801,,,Merced River,,False,1,2011-09-30,2025-09-30,2025-09-30,1.0,True,water_balance,reservoir_storage,https://waterdata.usgs.gov/monitoring-location/11270600
cdec:MFF,MERCED FALLS FOREBAY,cdec,1,cdec:MFF,Merced Irrigation District,continuous_sonde,conveyance,diversion,continuous,sub-daily,37.523,-120.329,18040008,Upper Merced,180400080801,MERCED RIVER,,Merced River,,False,2,1997-05-28,2026-09-21,2026-09-21,0.0,True,water_balance,"reservoir_storage,stage",https://cdec.water.ca.gov/dynamicapp/staMeta?station_id=MFF
cdec:MLK,MERCED LAKE,cdec,1,cdec:MLK,National Park Service,reservoir,reservoir,,continuous,sub-daily,37.73855,-119.40572,18040008,Upper Merced,180400080104,MERCED RIVER,,,,False,4,2007-10-24,2026-09-21,2026-09-21,0.0,True,"core,water_balance","discharge,specific_conductance,stage,water_temperature",https://cdec.water.ca.gov/dynamicapp/staMeta?station_id=MLK
cdec:MMC,MERCED MAIN CANAL,cdec,1,cdec:MMC,Merced Irrigation District,monthly_summary,conveyance,diversion,discrete,monthly,37.57,-120.27,18040008,Upper Merced,180400080801,MERCED RIVER,,,,False,1,1993-05-01,1995-09-01,1995-09-01,31.1,False,water_balance,diversion,https://cdec.water.ca.gov/dynamicapp/staMeta?station_id=MMC
usgs:USGS-11268500,MERCED R A BAGBY CA,usgs,1,usgs:USGS-11268500,U.S. Geological Survey,streamgage,natural,,continuous,daily,37.611044,-120.131573,18040008,Upper Merced,180400080603,,,Merced River,,False,2,1922-10-01,1966-09-29,1966-09-29,60.0,False,water_balance,"discharge,stage",https://waterdata.usgs.gov/monitoring-location/11268500
usgs:USGS-11270000,MERCED R A EXCHEQUER CA,"usgs,wqp",2,usgs:USGS-11270000;wqp:CALWR_WQX-B5120000;wqp:USGS-11270000,U.S. Geological Survey,streamgage,natural,,continuous,daily,37.581879,-120.280188,18040008,Upper Merced,180400080801,,,Merced River,,False,5,1901-04-01,2004-03-08,2004-03-08,22.5,False,"core,extended_wq,water_balance","discharge,ph,specific_conductance,stage,water_temperature",https://waterdata.usgs.gov/monitoring-location/11270000
usgs:USGS-11264500,MERCED R A HAPPY ISLES BRIDGE NR YOSEMITE CA,"cdec,usgs,wqp",3,cdec:HIB;usgs:USGS-11264500;wqp:11NPSWRD_WQX-YOSE_NF_MR;wqp:USGS-11264500,U.S. Geological Survey,streamgage,natural,,continuous,sub-daily,37.731304,-119.559024,18040008,Upper Merced,180400080108,,,,,False,14,1915-08-23,2026-09-21,2026-09-21,0.0,True,"core,extended_wq,major_ions,water_balance","ammonia,chloride,discharge,magnesium,nitrate,organic_carbon,ph,potassium,sodium,stage,sulfate,total_dissolved_solids,total_nitrogen,water_temperature",https://waterdata.usgs.gov/monitoring-location/11264500
wqp:CALWR_WQX-B5151950,MERCED R A JCT BIGOAK FLAT + 140,wqp,1,wqp:CALWR_WQX-B5151950,California Department Of Water Resources,discrete_grab,natural,,discrete,irregular,37.7183,-119.6827,18040008,Upper Merced,180400080304,,,Merced River,,False,3,1999-02-08,2004-02-09,2004-02-09,22.6,False,"core,extended_wq","ph,specific_conductance,water_temperature",https://www.waterqualitydata.us/provider/STORET/CALWR_WQX/CALWR_WQX-B5151950/
wqp:CALWR_WQX-B0513100,MERCED R A MILLIKEN BR,wqp,1,wqp:CALWR_WQX-B0513100;wqp:USGS-11272000,California Department Of Water Resources,discrete_grab,natural,,discrete,monthly,37.3616,-120.851,18040008,Upper Merced,180400080803,,,Merced River,,False,3,1998-04-07,2004-04-14,2004-04-14,22.4,False,"core,extended_wq","ph,specific_conductance,water_temperature",https://www.waterqualitydata.us/provider/STORET/CALWR_WQX/CALWR_WQX-B0513100/
usgs:USGS-11266500,MERCED R A POHONO BRIDGE NR YOSEMITE CA,"cdec,usgs,wqp",3,cdec:POH;usgs:USGS-11266500;wqp:USGS-374259119395301,U.S. Geological Survey,streamgage,natural,,continuous,sub-daily,37.716278,-119.665667,18040008,Upper Merced,180400080304,,,Merced River,,False,4,1916-10-01,2026-09-21,2026-09-21,0.0,True,"extended_wq,water_balance","discharge,nitrate,phosphorus,stage",https://waterdata.usgs.gov/monitoring-location/11266500
usgs:USGS-11273500,MERCED R A RIVER ROAD BRIDGE NR NEWMAN CA,"ceden,usgs,wqp",3,ceden:535MER546;usgs:USGS-11273500;wqp:CEDEN-535MER546;wqp:USGS-11273500,U.S. Geological Survey,streamgage,natural,,continuous,daily,37.351048,-120.961872,18040008,Upper Merced,180400080803,,,Merced River,,False,17,1986-02-05,2024-09-04,2024-09-04,2.0,True,"core,extended_wq,major_ions,water_balance","alkalinity,boron,calcium,discharge,dissolved_oxygen,magnesium,organic_carbon,ph,phosphorus,potassium,selenium,sodium,specific_conductance,sulfate,suspended_solids,total_dissolved_solids,water_temperature",https://waterdata.usgs.gov/monitoring-location/11273500
usgs:USGS-11271290,MERCED R A SHAFFER BRIDGE NR CRESSEY CA,"cdec,usgs",2,cdec:MBN;usgs:USGS-11271290,U.S. Geological Survey,streamgage,natural,,continuous,sub-daily,37.454104,-120.608808,18040008,Upper Merced,180400080802,,,Merced River,,False,2,1965-10-01,2026-09-21,2026-09-21,0.0,True,water_balance,"discharge,stage",https://waterdata.usgs.gov/monitoring-location/11271290
usgs:USGS-11265500,MERCED R A YOSEMITE CA,usgs,1,usgs:USGS-11265500,U.S. Geological Survey,streamgage,natural,,continuous,daily,37.743814,-119.590165,18040008,Upper Merced,180400080304,,,Merced River,,False,2,1912-04-01,1917-09-29,1917-09-29,109.0,False,water_balance,"discharge,stage",https://waterdata.usgs.gov/monitoring-location/11265500
wqp:USGS-374017119472301,MERCED R AB HWY 140 BRIDGE NR EL PORTAL CA,wqp,1,wqp:USGS-374017119472301,U.S. Geological Survey,discrete_grab,natural,,discrete,unknown,37.671318,-119.790728,18040008,Upper Merced,180400080306,,,Merced River,,False,1,2011-11-02,2011-11-02,2011-11-02,14.9,False,extended_wq,nitrate,https://www.waterqualitydata.us/provider/USGS/USGS/USGS-374017119472301/
cdec:AMR,MERCED R AT AMSTERDAM RD,cdec,1,cdec:AMR,Merced Irrigation District,continuous_sonde,natural,,continuous,sub-daily,37.46806,-120.53889,18040008,Upper Merced,180400080802,MERCED RIVER,,Merced River,,False,2,2016-11-16,2026-09-21,2026-09-21,0.0,True,water_balance,"discharge,stage",https://cdec.water.ca.gov/dynamicapp/staMeta?station_id=AMR
cdec:H59,MERCED R AT HWY 59 (MID),cdec,1,cdec:H59,Merced Irrigation District,continuous_sonde,natural,,continuous,sub-daily,37.47028,-120.5,18040008,Upper Merced,180400080802,MERCED RIVER,,Merced River,,False,2,2017-08-21,2026-09-21,2026-09-21,0.0,True,water_balance,"discharge,stage",https://cdec.water.ca.gov/dynamicapp/staMeta?station_id=H59
usgs:USGS-11270900,MERCED R BL MERCED FALLS DAM NR SNELL CA,"cdec,usgs,wqp",3,cdec:MMF;usgs:USGS-11270900;wqp:CALWR_WQX-B0518400,U.S. Geological Survey,streamgage,natural,,continuous,sub-daily,37.521603,-120.332411,18040008,Upper Merced,180400080802,,,Merced River,,False,5,1901-04-01,2026-09-21,2026-09-21,0.0,True,"core,extended_wq,water_balance","discharge,ph,specific_conductance,stage,water_temperature",https://waterdata.usgs.gov/monitoring-location/11270900
cdec:MBH,MERCED R BLW CROCKER-HUFFMAN DAM,cdec,1,cdec:MBH,Merced Irrigation District,continuous_sonde,natural,,continuous,sub-daily,37.518223,-120.380196,18040008,Upper Merced,180400080802,MERCED RIVER,,Merced River,,False,2,2013-03-11,2026-09-21,2026-09-21,0.0,True,water_balance,"discharge,stage",https://cdec.water.ca.gov/dynamicapp/staMeta?station_id=MBH
usgs:USGS-11271360,MERCED R NR ALVES RD NR CRESSEY CA,"cdec,dwr_wdl,usgs",3,cdec:CRS;dwr_wdl:B05155;usgs:USGS-11271360,U.S. Geological Survey,streamgage,natural,,continuous,sub-daily,37.42491,-120.664698,18040008,Upper Merced,180400080803,,,Merced River,,False,4,1960-10-01,2026-09-21,2026-09-21,0.0,True,"core,water_balance","discharge,specific_conductance,stage,water_temperature",https://waterdata.usgs.gov/monitoring-location/11271360
cdec:MBG,MERCED R NR BRICEBURG #2,cdec,1,cdec:MBG,Merced Irrigation District,continuous_sonde,natural,,continuous,sub-daily,37.604775,-119.967757,18040008,Upper Merced,180400080503,MERCED RIVER,,Merced River,,False,3,2019-12-01,2026-09-21,2026-09-21,0.0,True,"core,water_balance","discharge,stage,water_temperature",https://cdec.water.ca.gov/dynamicapp/staMeta?station_id=MBG
usgs:USGS-11268200,MERCED R NR BRICEBURG CA,"usgs,wqp",2,usgs:USGS-11268200;wqp:CALWR_WQX-B5139500;wqp:USGS-11268200,U.S. Geological Survey,streamgage,natural,,continuous,daily,37.635765,-119.933233,18040008,Upper Merced,180400080503,,,Merced River,,False,5,1965-10-01,2004-02-09,2004-02-09,22.6,False,"core,extended_wq,water_balance","discharge,ph,specific_conductance,stage,water_temperature",https://waterdata.usgs.gov/monitoring-location/11268200
usgs:USGS-11271500,MERCED R NR LIVINGSTON CA,usgs,1,usgs:USGS-11271500,U.S. Geological Survey,streamgage,natural,,continuous,daily,37.391327,-120.787146,18040008,Upper Merced,180400080803,,,Merced River,,False,2,1922-04-01,1944-02-29,1944-02-29,82.6,False,water_balance,"discharge,stage",https://waterdata.usgs.gov/monitoring-location/11271500
cdec:MRC,MERCED R NR MERCED FALLS,cdec,1,cdec:MRC,US Geological Survey,daily_summary,natural,,continuous,daily,37.522,-120.331,18040008,Upper Merced,180400080802,MERCED RIVER,,Merced River,,False,1,1988-01-01,2026-09-21,2026-09-21,0.0,True,water_balance,computed_flow,https://cdec.water.ca.gov/dynamicapp/staMeta?station_id=MRC
usgs:USGS-11272500,MERCED R NR STEVINSON CA,"cdec,dwr_wdl,usgs,wqp",4,cdec:MST;dwr_wdl:B05125;usgs:USGS-11272500;wqp:CALWR_WQX-B0512500;wqp:USGS-11272500,U.S. Geological Survey,streamgage,natural,,continuous,sub-daily,37.370744,-120.930445,18040008,Upper Merced,180400080803,,,Merced River,,False,5,1940-10-01,2026-09-21,2026-09-21,0.0,True,"core,extended_wq,water_balance","discharge,ph,specific_conductance,stage,water_temperature",https://waterdata.usgs.gov/monitoring-location/11272500
cdec:MSJ,MERCED RIVER ABV SAN JOAQUIN RIVER CONFL,cdec,1,cdec:MSJ,CA Dept of Fish and Wildlife,continuous_sonde,natural,,continuous,sub-daily,37.3476,-120.97183,18040008,Upper Merced,180400080803,MERCED RIVER,,Merced River,77.6,False,1,2007-09-10,2009-11-03,2009-11-03,16.9,False,core,water_temperature,https://cdec.water.ca.gov/dynamicapp/staMeta?station_id=MSJ
cdec:MBC,MERCED RIVER AT BRICEBURG,cdec,1,cdec:MBC,CA Dept of Fish and Wildlife,continuous_sonde,natural,,continuous,sub-daily,37.62078,-120.02215,18040008,Upper Merced,180400080503,MERCED RIVER,,Merced River,,False,1,2005-05-06,2011-07-20,2011-07-20,15.2,False,core,water_temperature,https://cdec.water.ca.gov/dynamicapp/staMeta?station_id=MBC
cdec:FS2,MERCED RIVER AT FERGUSON SLIDE DOWNSTRM,cdec,1,cdec:FS2,CA Dept of Transportation (Caltrans),continuous_sonde,natural,,continuous,sub-daily,37.660086,-119.900683,18040008,Upper Merced,180400080501,MERCED RIVER,,Merced River,,False,4,2015-01-27,2026-09-21,2026-09-21,0.0,True,"core,extended_wq,water_balance","ph,stage,turbidity,water_temperature",https://cdec.water.ca.gov/dynamicapp/staMeta?station_id=FS2
cdec:FS1,MERCED RIVER AT FERGUSON SLIDE UPSTREAM,cdec,1,cdec:FS1,CA Dept of Transportation (Caltrans),continuous_sonde,natural,,continuous,sub-daily,37.655171,-119.897264,18040008,Upper Merced,180400080501,MERCED RIVER,,Merced River,,False,4,2015-01-27,2026-09-21,2026-09-21,0.0,True,"core,extended_wq,water_balance","ph,stage,turbidity,water_temperature",https://cdec.water.ca.gov/dynamicapp/staMeta?station_id=FS1
cdec:MHT,MERCED RIVER AT MERCED RIVER HATCHERY,cdec,1,cdec:MHT,CA Dept of Fish and Wildlife,continuous_sonde,natural,,continuous,sub-daily,37.51459,-120.37148,18040008,Upper Merced,180400080802,MERCED RIVER,,Merced River,,False,1,2004-04-20,2011-09-29,2011-09-29,15.0,False,core,water_temperature,https://cdec.water.ca.gov/dynamicapp/staMeta?station_id=MHT
cdec:MMS,MERCED RIVER BELOW MCSWAIN DAM,cdec,1,cdec:MMS,CA Dept of Fish and Wildlife,continuous_sonde,natural,,continuous,sub-daily,37.52239,-120.31111,18040008,Upper Merced,180400080801,MERCED RIVER,,Merced River,,False,1,2007-09-10,2011-07-05,2011-07-05,15.2,False,core,water_temperature,https://cdec.water.ca.gov/dynamicapp/staMeta?station_id=MMS
cdec:MNE,MERCED RIVER BELOW NEW EXCHEQUER DAM,cdec,1,cdec:MNE,CA Dept of Fish and Wildlife,continuous_sonde,natural,,continuous,sub-daily,37.57927,-120.2831,18040008,Upper Merced,180400080801,MERCED RIVER,,Merced River,,False,1,2007-09-10,2011-07-05,2011-07-05,15.2,False,core,water_temperature,https://cdec.water.ca.gov/dynamicapp/staMeta?station_id=MNE
cdec:MBB,MERCED RIVER NEAR BRICEBURG,cdec,1,cdec:MBB,Mariposa Public Utility District,continuous_sonde,natural,,continuous,sub-daily,37.5989,-119.9781,18040008,Upper Merced,180400080503,MERCED RIVER,,Merced River,,False,2,1999-03-05,2023-03-26,2023-03-26,3.5,False,water_balance,"discharge,stage",https://cdec.water.ca.gov/dynamicapp/staMeta?station_id=MBB
cdec:MGS,MERCED RIVER NEAR G ST IN SNELLING,"cdec,dwr_wdl",2,cdec:MGS;cdec:MSN;dwr_wdl:B05170,CA Dept of Fish and Wildlife,continuous_sonde,natural,,continuous,sub-daily,37.50383,-120.4524,18040008,Upper Merced,180400080802,MERCED RIVER,,Merced River,,False,3,1960-10-01,2026-09-21,2026-09-21,0.0,True,"core,water_balance","discharge,stage,water_temperature",https://cdec.water.ca.gov/dynamicapp/staMeta?station_id=MGS
cdec:MHA,MERCED RIVER NEAR HAGAMAN PARK,cdec,1,cdec:MHA,CA Dept of Fish and Wildlife,continuous_sonde,natural,,continuous,sub-daily,37.3708,-120.83588,18040008,Upper Merced,180400080803,MERCED RIVER,,Merced River,,False,1,2007-09-10,2011-10-04,2011-10-04,15.0,False,core,water_temperature,https://cdec.water.ca.gov/dynamicapp/staMeta?station_id=MHA
cdec:M59,MERCED RIVER NEAR HWY 59 BRIDGE SNELLING,cdec,1,cdec:M59,CA Dept of Fish and Wildlife,continuous_sonde,natural,,continuous,sub-daily,37.4697,-120.50275,18040008,Upper Merced,180400080802,MERCED RIVER,,Merced River,,False,1,2004-09-07,2011-09-29,2011-09-29,15.0,False,core,water_temperature,https://cdec.water.ca.gov/dynamicapp/staMeta?station_id=M59
cdec:MSF,MERCED RIVER NR SANTE FE BRIDGE CRESSEY,cdec,1,cdec:MSF,CA Dept of Fish and Wildlife,continuous_sonde,natural,,continuous,sub-daily,37.43362,-120.65454,18040008,Upper Merced,180400080803,MERCED RIVER,,Merced River,,False,1,2005-03-16,2011-10-04,2011-10-04,15.0,False,core,water_temperature,https://cdec.water.ca.gov/dynamicapp/staMeta?station_id=MSF
cdec:MDS,MERCED RIVER-NORTH SIDE CANAL,cdec,1,cdec:MDS,Merced Irrigation District,daily_summary,conveyance,diversion,continuous,daily,37.52,-120.309,18040008,Upper Merced,180400080801,MERCED RIVER,,Merced River,,False,1,1985-10-01,2026-09-21,2026-09-21,0.0,True,water_balance,diversion,https://cdec.water.ca.gov/dynamicapp/staMeta?station_id=MDS
ceden:535CR1042,Merced River -1042,ceden,1,ceden:535CR1042,CEDEN contributing programs,discrete_grab,natural,,discrete,unknown,37.3915,-120.7867,18040008,Upper Merced,180400080803,,,Merced River,,False,3,2014-06-19,2014-06-19,2014-06-19,12.3,False,"core,extended_wq,major_ions","chloride,ph,sulfate",https://ceden.waterboards.ca.gov/AdvancedQueryTool
wqp:CEDEN-537MAR203,Merced River @ Bagby Recreation Area Campgrounds,"ceden,wqp",2,ceden:537MAR203;wqp:CEDEN-537MAR203,California State Water Resources Control Board,reservoir,reservoir,,discrete,monthly,37.6119,-120.135,18040008,Upper Merced,180400080603,,,Merced River,,False,7,2003-04-15,2011-01-20,2011-01-20,15.7,False,"core,extended_wq,major_ions","boron,calcium,magnesium,organic_carbon,ph,suspended_solids,water_temperature",https://www.waterqualitydata.us/provider/STORET/CEDEN/CEDEN-537MAR203/
wqp:CEDEN-537MAR202,Merced River @ Briceburg,"ceden,wqp",2,ceden:537MAR202;wqp:CEDEN-537MAR202,California State Water Resources Control Board,discrete_grab,natural,,discrete,weekly,37.6056,-119.966,18040008,Upper Merced,180400080503,,,Merced River,,False,7,2003-03-04,2003-04-01,2003-04-01,23.5,False,"core,extended_wq,major_ions","boron,calcium,magnesium,organic_carbon,ph,suspended_solids,water_temperature",https://www.waterqualitydata.us/provider/STORET/CEDEN/CEDEN-537MAR202/
ceden:537MAR201,Merced River @ HWY 49,ceden,1,ceden:537MAR201,CEDEN contributing programs,discrete_grab,natural,,discrete,weekly,37.6125,-120.136111,18040008,Upper Merced,180400080603,,,Merced River,,False,2,2003-01-22,2003-02-05,2003-02-05,23.6,False,"core,extended_wq","ph,water_temperature",https://ceden.waterboards.ca.gov/AdvancedQueryTool
wqp:CEDEN-535MER202,Merced River @ Hwy 99,"ceden,wqp",2,ceden:535MER202;wqp:CEDEN-535MER202,California State Water Resources Control Board,discrete_grab,natural,,discrete,monthly,37.4,-120.749,18040008,Upper Merced,180400080803,,,Merced River,,False,7,2003-01-22,2012-01-12,2012-01-12,14.7,False,"core,extended_wq,major_ions","boron,calcium,magnesium,organic_carbon,ph,suspended_solids,water_temperature",https://www.waterqualitydata.us/provider/STORET/CEDEN/CEDEN-535MER202/
wqp:CEDEN-535MER209,Merced River @ Merced Falls Gauging St.,"ceden,wqp",2,ceden:535MER209;wqp:CEDEN-535MER209,California State Water Resources Control Board,discrete_grab,natural,,discrete,monthly,37.5178,-120.376,18040008,Upper Merced,180400080802,,,Merced River,,False,6,2003-01-22,2012-01-12,2012-01-12,14.7,False,"core,extended_wq,major_ions","boron,calcium,magnesium,organic_carbon,ph,water_temperature",https://www.waterqualitydata.us/provider/STORET/CEDEN/CEDEN-535MER209/
ceden:535XMRAOR,Merced River @ Oakdale Rd,ceden,1,ceden:535XMRAOR,CEDEN contributing programs,discrete_grab,natural,,discrete,monthly,37.45417,-120.60778,18040008,Upper Merced,180400080802,,,Merced River,,False,2,2017-10-10,2025-09-10,2025-09-10,1.0,True,"core,extended_wq","ph,water_temperature",https://ceden.waterboards.ca.gov/AdvancedQueryTool
wqp:CEDEN-535XMRSFD,Merced River @ Santa Fe,"ceden,wqp",2,ceden:535XMRSFD;wqp:CEDEN-535XMRSFD,California State Water Resources Control Board,discrete_grab,natural,,discrete,monthly,37.4271,-120.674,18040008,Upper Merced,180400080803,,,Merced River,,False,11,2004-07-31,2016-12-09,2016-12-09,9.8,False,"core,extended_wq,major_ions","alkalinity,ammonia,boron,dissolved_oxygen,organic_carbon,ph,selenium,specific_conductance,total_dissolved_solids,turbidity,water_temperature",https://www.waterqualitydata.us/provider/STORET/CEDEN/CEDEN-535XMRSFD/
esmr:731225,Merced River Fish Hatchery EFF-001,esmr,1,esmr:731225;esmr:734674,Merced River Fish Hatchery,effluent,effluent,,discrete,weekly,37.515278,-120.372222,18040008,Upper Merced,180400080802,NA,,Merced River,,False,9,2010-11-02,2026-05-18,2026-05-18,0.3,True,"core,extended_wq,major_ions,water_balance","discharge,dissolved_oxygen,hardness,ph,selenium,specific_conductance,suspended_solids,turbidity,water_temperature",https://ciwqs.waterboards.ca.gov/ciwqs/readOnly/CiwqsReportServlet?inCommand=reset&reportName=esmrAnalyticalData
esmr:731226,Merced River Fish Hatchery EFF-002,esmr,1,esmr:731226;esmr:734676,Merced River Fish Hatchery,effluent,effluent,,continuous,daily,37.516111,-120.373056,18040008,Upper Merced,180400080802,NA,,Merced River,,False,1,2012-05-09,2024-03-25,2024-03-25,2.5,True,water_balance,discharge,https://ciwqs.waterboards.ca.gov/ciwqs/readOnly/CiwqsReportServlet?inCommand=reset&reportName=esmrAnalyticalData
ceden:535MER210,Merced River at Henderson Park,ceden,1,ceden:535MER210,CEDEN contributing programs,discrete_grab,natural,,discrete,irregular,37.521683,-120.421467,18040008,Upper Merced,180400080802,,,Merced River,,False,2,2008-08-27,2017-06-27,2017-06-27,9.2,False,"core,extended_wq","ph,water_temperature",https://ceden.waterboards.ca.gov/AdvancedQueryTool
ceden:537MDR255,Merced River ~0.7mi below Miller Gulch,ceden,1,ceden:537MDR255,CEDEN contributing programs,discrete_grab,natural,,discrete,unknown,37.66186,-119.91976,18040008,Upper Merced,180400080501,,,Merced River,,False,4,2014-07-07,2014-07-07,2014-07-07,12.2,False,"core,extended_wq,major_ions","chloride,ph,sulfate,water_temperature",https://ceden.waterboards.ca.gov/AdvancedQueryTool
ceden:537FC0056,"Merced River, 1 km below Ned Gulch",ceden,1,ceden:537FC0056,CEDEN contributing programs,discrete_grab,natural,,discrete,unknown,37.67183,-119.90919,18040008,Upper Merced,180400080501,,,Merced River,,False,2,2024-08-07,2024-08-07,2024-08-07,2.1,True,"core,extended_wq","ph,water_temperature",https://ceden.waterboards.ca.gov/AdvancedQueryTool
ceden:535FC0058,"Merced River, 6 km below Milliken Bridge",ceden,1,ceden:535FC0058,CEDEN contributing programs,discrete_grab,natural,,discrete,unknown,37.357941,-120.899167,18040008,Upper Merced,180400080803,,,Merced River,,False,2,2024-06-05,2024-06-05,2024-06-05,2.3,True,"core,extended_wq","ph,water_temperature",https://ceden.waterboards.ca.gov/AdvancedQueryTool
ceden:537MCN300,"Merced River, NF below Bean Cr.",ceden,1,ceden:537MCN300,CEDEN contributing programs,discrete_grab,natural,,discrete,irregular,37.7397,-120.0438,18040008,Upper Merced,180400080403,,,,,False,4,2015-05-19,2021-06-23,2021-06-23,5.2,False,"core,extended_wq,major_ions","chloride,ph,sulfate,water_temperature",https://ceden.waterboards.ca.gov/AdvancedQueryTool
ceden:537MRSFCC,"Merced River, SF ~1.25mi above Chilnualna Cr.",ceden,1,ceden:537MRSFCC,CEDEN contributing programs,discrete_grab,natural,,discrete,unknown,37.537983,-119.61684,18040008,Upper Merced,180400080204,,,,,False,4,2022-08-16,2022-08-16,2022-08-16,4.1,False,"core,extended_wq,major_ions","chloride,ph,sulfate,water_temperature",https://ceden.waterboards.ca.gov/AdvancedQueryTool
ceden:537MRS320,"Merced River, SF ~2.6mi above main stem",ceden,1,ceden:537MRS320,CEDEN contributing programs,discrete_grab,natural,,discrete,annual,37.6397,-119.8639,18040008,Upper Merced,180400080206,,,,,False,4,2015-05-28,2021-06-22,2021-06-22,5.2,False,"core,extended_wq,major_ions","chloride,ph,sulfate,water_temperature",https://ceden.waterboards.ca.gov/AdvancedQueryTool
usgs:USGS-11269350,NF BLACKS C A COULTERVILLE CA,usgs,1,usgs:USGS-11269350,U.S. Geological Survey,streamgage,natural,,discrete,annual,37.736041,-120.226023,18040008,Upper Merced,180400080602,,,,,False,2,1963-01-31,1969-01-21,1969-01-21,57.7,False,water_balance,"discharge,stage",https://waterdata.usgs.gov/monitoring-location/11269350
usgs:USGS-11268400,NF MERCED R NR COULTERVILLE CA,usgs,1,usgs:USGS-11268400,U.S. Geological Survey,streamgage,natural,,discrete,annual,37.751595,-120.032685,18040008,Upper Merced,180400080401,,,,,False,2,1959-02-16,1969-01-21,1969-01-21,57.7,False,water_balance,"discharge,stage",https://waterdata.usgs.gov/monitoring-location/11268400
cdec:NFM,NORTH FORK MERCED RIVER NEAR DOGTOWN,cdec,1,cdec:NFM,Merced Irrigation District,continuous_sonde,natural,,continuous,sub-daily,37.652714,-120.052888,18040008,Upper Merced,180400080403,MERCED RIVER,,,,False,3,2023-10-26,2026-09-21,2026-09-21,0.0,True,"core,water_balance","discharge,stage,water_temperature",https://cdec.water.ca.gov/dynamicapp/staMeta?station_id=NFM
usgs:USGS-11270800,NORTHSIDE CN A MERCED FALLS CA,usgs,1,usgs:USGS-11270800,U.S. Geological Survey,streamgage,conveyance,diversion,continuous,daily,37.522714,-120.334356,18040008,Upper Merced,180400080802,,,Merced River,,False,1,1986-10-01,1994-09-29,1994-09-29,32.0,False,water_balance,discharge,https://waterdata.usgs.gov/monitoring-location/11270800
wqp:CEDEN-545MRDNSC,North Side Canal @ Spill to Merced R,"ceden,wqp",2,ceden:545MRDNSC;wqp:CEDEN-545MRDNSC,California State Water Resources Control Board,discrete_grab,conveyance,return,discrete,monthly,37.4727,-120.593,18040008,Upper Merced,180400080802,,,Merced River,,False,16,2004-07-12,2008-09-16,2008-09-16,18.0,False,"core,extended_wq,major_ions","alkalinity,boron,calcium,chloride,magnesium,nitrate,organic_carbon,ph,phosphorus,potassium,sodium,sulfate,suspended_solids,total_dissolved_solids,total_nitrogen,water_temperature",https://www.waterqualitydata.us/provider/STORET/CEDEN/CEDEN-545MRDNSC/
ceden:537MAR900,"Pattys Hole, Merced River at El Portal",ceden,1,ceden:537MAR900,CEDEN contributing programs,discrete_grab,natural,,discrete,monthly,37.672167,-119.787483,18040008,Upper Merced,180400080306,,,Merced River,,False,6,2008-08-27,2015-04-26,2015-04-26,11.4,False,"core,extended_wq,major_ions","boron,chloride,ph,selenium,sulfate,water_temperature",https://ceden.waterboards.ca.gov/AdvancedQueryTool
usgs:USGS-11268001,RESULTANT OF COMBINING 11-2665 + 11-2680 CA,usgs,1,usgs:USGS-11268001,U.S. Geological Survey,streamgage,unknown,,continuous,daily,37.65132,-119.885453,18040008,Upper Merced,180400080206,,,Merced River,,False,1,1951-04-01,1975-10-07,1975-10-07,51.0,False,water_balance,discharge,https://waterdata.usgs.gov/monitoring-location/11268001
wqp:USGS-373219119371100,SF MERCED R A SWINGING BR NR WAWONA CA,wqp,1,wqp:USGS-373219119371100,U.S. Geological Survey,discrete_grab,natural,,discrete,unknown,37.538611,-119.619722,18040008,Upper Merced,180400080204,,,,,False,1,2006-02-28,2006-02-28,2006-02-28,20.6,False,extended_wq,nitrate,https://www.waterqualitydata.us/provider/USGS/USGS/USGS-373219119371100/
usgs:USGS-11267300,SF MERCED R A WAWONA CA,usgs,1,usgs:USGS-11267300,U.S. Geological Survey,streamgage,natural,,continuous,daily,37.538825,-119.662102,18040008,Upper Merced,180400080204,,,,,False,2,1955-12-23,1975-06-02,1975-06-02,51.3,False,water_balance,"discharge,stage",https://waterdata.usgs.gov/monitoring-location/11267300
usgs:USGS-11268000,SF MERCED R NR EL PORTAL CA,"usgs,wqp",2,usgs:USGS-11268000;wqp:CALWR_WQX-B5410000;wqp:USGS-11268000,U.S. Geological Survey,streamgage,natural,,continuous,daily,37.65132,-119.885453,18040008,Upper Merced,180400080206,,,Merced River,,False,5,1950-11-19,2004-02-09,2004-02-09,22.6,False,"core,extended_wq,water_balance","discharge,ph,specific_conductance,stage,water_temperature",https://waterdata.usgs.gov/monitoring-location/11268000
usgs:USGS-11267500,SF MERCED R NR WAWONA CA,usgs,1,usgs:USGS-11267500,U.S. Geological Survey,streamgage,natural,,continuous,daily,37.541602,-119.673214,18040008,Upper Merced,180400080204,,,,,False,2,1911-10-01,1921-09-29,1921-09-29,105.0,False,water_balance,"discharge,stage",https://waterdata.usgs.gov/monitoring-location/11267500
cdec:SMW,SOUTH FORK MERCED RIVER AT WAWONA,cdec,1,cdec:SMW,Merced Irrigation District,continuous_sonde,natural,,continuous,sub-daily,37.5417,-119.6722,18040008,Upper Merced,180400080204,MERCED RIVER,,,,False,3,2007-09-28,2026-09-21,2026-09-21,0.0,True,"core,water_balance","discharge,stage,water_temperature",https://cdec.water.ca.gov/dynamicapp/staMeta?station_id=SMW
usgs:USGS-11267700,STRAWBERRY C NR WAWONA CA,usgs,1,usgs:USGS-11267700,U.S. Geological Survey,streamgage,natural,,discrete,annual,37.636042,-119.682942,18040008,Upper Merced,180400080206,,,,,False,2,1963-02-01,1973-05-17,1973-05-17,53.3,False,water_balance,"discharge,stage",https://waterdata.usgs.gov/monitoring-location/11267700
ceden:535XSDAMD,Silva Drain @ Meadow Dr,ceden,1,ceden:535XSDAMD,CEDEN contributing programs,discrete_grab,drain,,discrete,monthly,37.42919,-120.62605,18040008,Upper Merced,180400080803,,,,,False,4,2006-05-18,2008-10-02,2008-10-02,18.0,False,"core,extended_wq,major_ions","boron,ph,selenium,water_temperature",https://ceden.waterboards.ca.gov/AdvancedQueryTool
usgs:USGS-11265000,TENAYA C NR YOSEMITE VILLAGE CA,"cdec,usgs",2,cdec:TEN;usgs:USGS-11265000,U.S. Geological Survey,streamgage,natural,,continuous,sub-daily,37.742148,-119.557941,18040008,Upper Merced,180400080107,,,,,False,4,1912-05-01,2026-09-21,2026-09-21,0.0,True,"core,water_balance","discharge,specific_conductance,stage,water_temperature",https://waterdata.usgs.gov/monitoring-location/11265000
ceden:537TYCAML,Tenaya Creek,ceden,1,ceden:537TYCAML,CEDEN contributing programs,discrete_grab,natural,,discrete,unknown,37.7599,-119.529,18040008,Upper Merced,180400080107,,,,,False,4,2008-07-16,2008-07-16,2008-07-16,18.2,False,"core,extended_wq,major_ions","chloride,ph,sulfate,water_temperature",https://ceden.waterboards.ca.gov/AdvancedQueryTool
esmr:751962,Wawona WWTF REC-002,esmr,1,esmr:751962,Wawona WWTF,effluent,effluent,,discrete,monthly,37.5375,-119.659167,18040008,Upper Merced,180400080204,None,,,,False,1,2013-10-23,2018-08-15,2018-08-15,8.1,False,extended_wq,ph,https://ciwqs.waterboards.ca.gov/ciwqs/readOnly/CiwqsReportServlet?inCommand=reset&reportName=esmrAnalyticalData
usgs:USGS-11266000,YOSEMITE C A YOSEMITE CA,usgs,1,usgs:USGS-11266000,U.S. Geological Survey,streamgage,natural,,continuous,daily,37.745481,-119.595443,18040008,Upper Merced,180400080301,,,Merced River,,False,2,1912-04-01,1918-09-29,1918-09-29,108.0,False,water_balance,"discharge,stage",https://waterdata.usgs.gov/monitoring-location/11266000
ceden:537WER236,Yosemite Creek above Hwy 120,ceden,1,ceden:537WER236,CEDEN contributing programs,discrete_grab,natural,,discrete,irregular,37.853056,-119.573889,18040008,Upper Merced,180400080301,,,,,False,4,2004-08-11,2025-08-18,2025-08-18,1.1,True,"core,extended_wq,major_ions","chloride,ph,sulfate,water_temperature",https://ceden.waterboards.ca.gov/AdvancedQueryTool
ceden:537MAR230,Yosemite View on Highway 140,ceden,1,ceden:537MAR230,CEDEN contributing programs,discrete_grab,unknown,,discrete,monthly,37.67889,-119.76056,18040008,Upper Merced,180400080305,,,Merced River,,False,6,2015-02-09,2015-04-26,2015-04-26,11.4,False,"core,extended_wq,major_ions","boron,chloride,ph,selenium,sulfate,water_temperature",https://ceden.waterboards.ca.gov/AdvancedQueryTool
wqp:USGS-375800120200001,001N015E05A001M,wqp,1,wqp:USGS-375800120200001,U.S. Geological Survey,groundwater_well,groundwater,,discrete,unknown,37.973417,-120.341361,18040009,Upper Tuolumne,180400091102,,,,,False,1,2008-07-30,2008-07-30,2008-07-30,18.1,False,extended_wq,phosphorus,https://www.waterqualitydata.us/provider/USGS/USGS/USGS-375800120200001/
wqp:USGS-373753120501101,003S010E35K001M,wqp,1,wqp:USGS-373753120501101,U.S. Geological Survey,groundwater_well,groundwater,,discrete,unknown,37.631778,-120.837833,18040009,Upper Tuolumne,180400091402,,,,,False,1,2001-10-02,2001-10-02,2001-10-02,25.0,False,extended_wq,dissolved_oxygen,https://www.waterqualitydata.us/provider/USGS/USGS/USGS-373753120501101/
wqp:USGS-373828120444001,003S011E27L001M,wqp,1,wqp:USGS-373828120444001,U.S. Geological Survey,groundwater_well,groundwater,,discrete,unknown,37.641167,-120.7455,18040009,Upper Tuolumne,180400091402,,,,,False,1,2016-03-01,2016-03-01,2016-03-01,10.6,False,extended_wq,ph,https://www.waterqualitydata.us/provider/USGS/USGS/USGS-373828120444001/
wqp:USGS-373753120474602,003S011E31G002M,wqp,1,wqp:USGS-373753120474602,U.S. Geological Survey,groundwater_well,groundwater,,discrete,unknown,37.63132,-120.797151,18040009,Upper Tuolumne,180400091402,,,,,False,1,2020-09-21,2020-09-21,2020-09-21,6.0,False,major_ions,sulfate,https://www.waterqualitydata.us/provider/USGS/USGS/USGS-373753120474602/
wqp:USGS-373700121071001,004S008E05E001M,wqp,1,wqp:USGS-373700121071001,U.S. Geological Survey,groundwater_well,groundwater,,discrete,unknown,37.61625,-121.120722,18040009,Upper Tuolumne,180400091403,,,,,False,1,2002-08-29,2002-08-29,2002-08-29,24.1,False,major_ions,hardness,https://www.waterqualitydata.us/provider/USGS/USGS/USGS-373700121071001/
wqp:CEDEN-JR6-UCD-Tate,Above Boggy Meadow and gathering Meadow,wqp,1,wqp:CEDEN-JR6-UCD-Tate,California State Water Resources Control Board,discrete_grab,unknown,,discrete,unknown,37.9917,-119.962,18040009,Upper Tuolumne,180400091001,,,,,False,2,2011-06-14,2011-06-14,2011-06-14,15.3,False,extended_wq,"phosphorus,total_nitrogen",https://www.waterqualitydata.us/provider/STORET/CEDEN/CEDEN-JR6-UCD-Tate/
wqp:11NPSWRD_WQX-YOSE_Y019-OUT,Ardeth Lake Outlet,wqp,1,wqp:11NPSWRD_WQX-YOSE_Y019-OUT,National Park Service Water Resources Division,discrete_grab,reservoir,,discrete,irregular,38.0495,-119.694,18040009,Upper Tuolumne,180400090503,,,,,False,12,2010-08-18,2015-08-29,2015-08-29,11.1,False,"core,extended_wq,major_ions","calcium,chloride,dissolved_oxygen_saturation,magnesium,nitrate,ph,potassium,sodium,specific_conductance,sulfate,total_nitrogen,water_temperature",https://www.waterqualitydata.us/provider/STORET/11NPSWRD_WQX/11NPSWRD_WQX-YOSE_Y019-OUT/
wqp:11NPSWRD_WQX-YOSE_Y023-OUT,Arndt Lake Outlet,wqp,1,wqp:11NPSWRD_WQX-YOSE_Y023-OUT,National Park Service Water Resources Division,discrete_grab,reservoir,,discrete,unknown,38.0767,-119.506,18040009,Upper Tuolumne,180400090201,,,,,False,12,2011-08-23,2011-08-23,2011-08-23,15.1,False,"core,extended_wq,major_ions","calcium,chloride,dissolved_oxygen,magnesium,nitrate,ph,potassium,sodium,specific_conductance,sulfate,total_nitrogen,water_temperature",https://www.waterqualitydata.us/provider/STORET/11NPSWRD_WQX/11NPSWRD_WQX-YOSE_Y023-OUT/
wqp:CEDEN-JR5-UCD-Tate,At Jawbone Falls swimming area,wqp,1,wqp:CEDEN-JR5-UCD-Tate,California State Water Resources Control Board,discrete_grab,unknown,,discrete,monthly,38.0078,-119.972,18040009,Upper Tuolumne,180400091001,,,,,False,2,2011-06-14,2011-10-11,2011-10-11,14.9,False,extended_wq,"phosphorus,total_nitrogen",https://www.waterqualitydata.us/provider/STORET/CEDEN/CEDEN-JR5-UCD-Tate/
usgs:USGS-11283200,BELL C NR PINECREST CA,usgs,1,usgs:USGS-11283200,U.S. Geological Survey,streamgage,natural,,continuous,daily,38.162695,-119.943238,18040009,Upper Tuolumne,180400090801,,,,,False,2,1963-02-01,1979-09-29,1979-09-29,47.0,False,water_balance,"discharge,stage",https://waterdata.usgs.gov/monitoring-location/11283200
usgs:USGS-11284400,BIG C AB WHITES GULCH NR GROVELAND CA,usgs,1,usgs:USGS-11284400,U.S. Geological Survey,streamgage,natural,,continuous,sub-daily,37.841852,-120.184876,18040009,Upper Tuolumne,180400091002,,,,,False,2,1965-01-06,2026-08-20,2026-08-20,0.1,True,water_balance,"discharge,stage",https://waterdata.usgs.gov/monitoring-location/11284400
usgs:USGS-11284500,BIG C NR GROVELAND CA,usgs,1,usgs:USGS-11284500,U.S. Geological Survey,streamgage,natural,,continuous,daily,37.85824,-120.206265,18040009,Upper Tuolumne,180400091002,,,,,False,2,1931-10-01,1974-10-10,1974-10-10,51.9,False,water_balance,"discharge,stage",https://waterdata.usgs.gov/monitoring-location/11284500
usgs:USGS-11274730,BUDD C NR TUOLUMNE MEADOWS CA,usgs,1,usgs:USGS-11274730,U.S. Geological Survey,streamgage,natural,,discrete,annual,37.873536,-119.382935,18040009,Upper Tuolumne,180400090107,,,Tuolumne River,,False,2,1963-06-16,1973-05-18,1973-05-18,53.3,False,water_balance,"discharge,stage",https://waterdata.usgs.gov/monitoring-location/11274730
ceden:536BASNSP,Basin Creek about 2.7 km above NF Tuolumne River,ceden,1,ceden:536BASNSP,CEDEN contributing programs,discrete_grab,natural,,discrete,unknown,38.00193,-120.15467,18040009,Upper Tuolumne,180400090902,,,,,False,4,2023-09-25,2023-09-25,2023-09-25,3.0,True,"core,extended_wq,major_ions","chloride,ph,sulfate,water_temperature",https://ceden.waterboards.ca.gov/AdvancedQueryTool
wqp:TMTC_WQX-BEAR-02,BearCreek_DownstreamMiWuStreet,wqp,1,wqp:TMTC_WQX-BEAR-02,Tuolumne Band of Me-Wuk Indians of the Tuolumne Rancheria of California (Tribal),discrete_grab,natural,,discrete,unknown,37.98096,-120.2382,18040009,Upper Tuolumne,180400091003,,,,,False,1,2015-02-10,2015-02-10,2015-02-10,11.6,False,core,water_temperature,https://www.waterqualitydata.us/provider/STORET/TMTC_WQX/TMTC_WQX-BEAR-02/
wqp:TMTC_WQX-BEAR-03,BearCreek_UpstreamTurnConfluence,wqp,1,wqp:TMTC_WQX-BEAR-03,Tuolumne Band of Me-Wuk Indians of the Tuolumne Rancheria of California (Tribal),discrete_grab,natural,,discrete,unknown,37.97698,-120.2346,18040009,Upper Tuolumne,180400091003,,,,,False,1,2015-02-10,2015-02-10,2015-02-10,11.6,False,extended_wq,turbidity,https://www.waterqualitydata.us/provider/STORET/TMTC_WQX/TMTC_WQX-BEAR-03/
wqp:CEDEN-BM9-UCD-Tate,Bell Creek above Crabtree trailhead,wqp,1,wqp:CEDEN-BM9-UCD-Tate,California State Water Resources Control Board,discrete_grab,natural,,discrete,monthly,38.1786,-119.906,18040009,Upper Tuolumne,180400090801,,,,,False,2,2011-07-19,2011-10-11,2011-10-11,14.9,False,extended_wq,"phosphorus,total_nitrogen",https://www.waterqualitydata.us/provider/STORET/CEDEN/CEDEN-BM9-UCD-Tate/
wqp:CEDEN-BM7-UCD-Tate,Bell Creek above Middle Bell gathering pasture,wqp,1,wqp:CEDEN-BM7-UCD-Tate,California State Water Resources Control Board,discrete_grab,natural,,discrete,monthly,38.1658,-119.939,18040009,Upper Tuolumne,180400090801,,,,,False,2,2011-07-19,2011-10-11,2011-10-11,14.9,False,extended_wq,"phosphorus,total_nitrogen",https://www.waterqualitydata.us/provider/STORET/CEDEN/CEDEN-BM7-UCD-Tate/
wqp:CEDEN-BM3-UCD-Tate,Bell Creek at Lower Round Mdw,wqp,1,wqp:CEDEN-BM3-UCD-Tate;wqp:CEDEN-BM4-UCD-Tate,California State Water Resources Control Board,discrete_grab,natural,,discrete,monthly,38.1582,-119.956,18040009,Upper Tuolumne,180400090801,,,,,False,2,2011-07-19,2011-10-11,2011-10-11,14.9,False,extended_wq,"phosphorus,total_nitrogen",https://www.waterqualitydata.us/provider/STORET/CEDEN/CEDEN-BM3-UCD-Tate/
wqp:CEDEN-BM8-UCD-Tate,Bell Creek below Middle Bell gathering pasture,wqp,1,wqp:CEDEN-BM8-UCD-Tate,California State Water Resources Control Board,discrete_grab,natural,,discrete,monthly,38.1653,-119.941,18040009,Upper Tuolumne,180400090801,,,,,False,2,2011-07-19,2011-10-11,2011-10-11,14.9,False,extended_wq,"phosphorus,total_nitrogen",https://www.waterqualitydata.us/provider/STORET/CEDEN/CEDEN-BM8-UCD-Tate/
wqp:CEDEN-BM10-UCD-Tate,Bell Creek below Pine Valley horse Camp,wqp,1,wqp:CEDEN-BM10-UCD-Tate,California State Water Resources Control Board,discrete_grab,natural,,discrete,monthly,38.1698,-119.917,18040009,Upper Tuolumne,180400090801,,,,,False,2,2011-07-19,2011-10-11,2011-10-11,14.9,False,extended_wq,"phosphorus,total_nitrogen",https://www.waterqualitydata.us/provider/STORET/CEDEN/CEDEN-BM10-UCD-Tate/
wqp:CEDEN-BM11-UCD-Tate,Bell Creek tributary above Gianelli trailhead,wqp,1,wqp:CEDEN-BM11-UCD-Tate,California State Water Resources Control Board,discrete_grab,natural,,discrete,monthly,38.1987,-119.883,18040009,Upper Tuolumne,180400090801,,,,,False,2,2011-08-16,2011-10-11,2011-10-11,14.9,False,extended_wq,"phosphorus,total_nitrogen",https://www.waterqualitydata.us/provider/STORET/CEDEN/CEDEN-BM11-UCD-Tate/
wqp:CEDEN-BM12-UCD-Tate,Bell Creek tributary below Gianelli trailhead,wqp,1,wqp:CEDEN-BM12-UCD-Tate,California State Water Resources Control Board,discrete_grab,natural,,discrete,monthly,38.1972,-119.883,18040009,Upper Tuolumne,180400090801,,,,,False,2,2011-08-16,2011-10-11,2011-10-11,14.9,False,extended_wq,"phosphorus,total_nitrogen",https://www.waterqualitydata.us/provider/STORET/CEDEN/CEDEN-BM12-UCD-Tate/
ceden:BJ1,Big Jackass Creek,ceden,1,ceden:BJ1,CEDEN contributing programs,discrete_grab,natural,,discrete,unknown,37.77904,-120.26544,18040009,Upper Tuolumne,180400091201,,,,,False,2,2015-05-06,2015-05-06,2015-05-06,11.4,False,"core,extended_wq","ph,water_temperature",https://ceden.waterboards.ca.gov/AdvancedQueryTool
ceden:Bodem,Bodem Street,ceden,1,ceden:Bodem,CEDEN contributing programs,discrete_grab,unknown,,discrete,monthly,37.64636,-120.98534,18040009,Upper Tuolumne,180400091308,,,,,False,1,2022-03-09,2022-04-21,2022-04-21,4.4,False,extended_wq,selenium,https://ceden.waterboards.ca.gov/AdvancedQueryTool
wqp:CEDEN-JR7-UCD-Tate,Boggy Meadow below gathering meadow,wqp,1,wqp:CEDEN-JR7-UCD-Tate;wqp:CEDEN-JR8-UCD-Tate,California State Water Resources Control Board,discrete_grab,unknown,,discrete,monthly,37.9883,-119.964,18040009,Upper Tuolumne,180400091001,,,,,False,2,2011-06-14,2011-10-11,2011-10-11,14.9,False,extended_wq,"phosphorus,total_nitrogen",https://www.waterqualitydata.us/provider/STORET/CEDEN/CEDEN-JR7-UCD-Tate/
wqp:11NPSWRD_WQX-YOSE_Y025-OUT,Boundary Lake West,wqp,1,wqp:11NPSWRD_WQX-YOSE_Y025-OUT,National Park Service Water Resources Division,discrete_grab,reservoir,,discrete,unknown,38.0825,-119.796,18040009,Upper Tuolumne,180400090301,,,,,False,12,2011-08-17,2011-08-17,2011-08-17,15.1,False,"core,extended_wq,major_ions","calcium,chloride,dissolved_oxygen,magnesium,nitrate,ph,potassium,sodium,specific_conductance,sulfate,total_nitrogen,water_temperature",https://www.waterqualitydata.us/provider/STORET/11NPSWRD_WQX/11NPSWRD_WQX-YOSE_Y025-OUT/
wqp:11NPSWRD_WQX-YOSE_Y007-OUT,Breeze Outlet,wqp,1,wqp:11NPSWRD_WQX-YOSE_Y007-OUT,National Park Service Water Resources Division,discrete_grab,unknown,,discrete,irregular,38.0106,-119.618,18040009,Upper Tuolumne,180400090202,,,,,False,13,2008-08-20,2012-08-15,2012-08-15,14.1,False,"core,extended_wq,major_ions","calcium,chloride,dissolved_oxygen,dissolved_oxygen_saturation,magnesium,nitrate,ph,potassium,sodium,specific_conductance,sulfate,total_nitrogen,water_temperature",https://www.waterqualitydata.us/provider/STORET/11NPSWRD_WQX/11NPSWRD_WQX-YOSE_Y007-OUT/
wqp:USGS-375144119241601,CATHEDRAL C AB JOHN MUIR TRAIL NR TUOLUMNE MEADOWS,wqp,1,wqp:USGS-375144119241601,U.S. Geological Survey,discrete_grab,natural,,discrete,unknown,37.862222,-119.404444,18040009,Upper Tuolumne,180400090106,,,,,False,1,2013-06-12,2013-06-12,2013-06-12,13.3,False,extended_wq,phosphorus,https://www.waterqualitydata.us/provider/USGS/USGS/USGS-375144119241601/
wqp:USGS-375143119241901,CATHEDRAL SP BL JOHN MUIR TR NR TUOLUMNE MEADOWS,wqp,1,wqp:USGS-375143119241901,U.S. Geological Survey,discrete_grab,natural,,discrete,unknown,37.8625,-119.405153,18040009,Upper Tuolumne,180400090106,,,,,False,1,2014-07-23,2014-07-23,2014-07-23,12.2,False,major_ions,potassium,https://www.waterqualitydata.us/provider/USGS/USGS/USGS-375143119241901/
wqp:USGS-375137119242201,CATHEDRAL SPR1 NR TUOLUMNE MEADOWS CA,wqp,1,wqp:USGS-375137119242201;wqp:USGS-375137119242202,U.S. Geological Survey,discrete_grab,natural,,discrete,unknown,37.859894,-119.406178,18040009,Upper Tuolumne,180400090106,,,,,False,2,2013-06-20,2013-07-02,2013-07-02,13.2,False,extended_wq,"nitrate,ph",https://www.waterqualitydata.us/provider/USGS/USGS/USGS-375137119242201/
cdec:CSP,CHALK PLANT NR NEW SAN PEDRO,cdec,1,cdec:CSP,San Francisco County,continuous_sonde,unknown,,continuous,sub-daily,37.808183,-120.542367,18040009,Upper Tuolumne,180400091302,TUOLUMNE RIVER,,,,False,1,2018-01-05,2018-12-14,2018-12-14,7.8,False,core,specific_conductance,https://cdec.water.ca.gov/dynamicapp/staMeta?station_id=CSP
usgs:USGS-11278400,CHERRY C BL DION R HOLM PH NR MATHER CA,"cdec,usgs",2,cdec:CBD;usgs:USGS-11278400,U.S. Geological Survey,streamgage,natural,,continuous,sub-daily,37.890186,-119.969871,18040009,Upper Tuolumne,180400090405,,,Tuolumne River,,False,3,1963-04-01,2026-09-21,2026-09-21,0.0,True,"core,water_balance","discharge,stage,water_temperature",https://waterdata.usgs.gov/monitoring-location/11278400
usgs:USGS-11277300,CHERRY C BL VALLEY DAM NR HETCH HETCHY CA,"cdec,ceden,usgs,wqp",4,cdec:CBV;ceden:536277300;usgs:USGS-11277300;wqp:CEDEN-536277300,U.S. Geological Survey,streamgage,natural,,continuous,sub-daily,37.967685,-119.91737,18040009,Upper Tuolumne,180400090405,,,,,False,5,1956-11-01,2026-09-21,2026-09-21,0.0,True,"core,extended_wq,water_balance","chloride,discharge,stage,total_nitrogen,water_temperature",https://waterdata.usgs.gov/monitoring-location/11277300
usgs:USGS-11278200,CHERRY C CN NR EARLY INTAKE CA,usgs,1,usgs:USGS-11278200,U.S. Geological Survey,streamgage,conveyance,diversion,continuous,daily,37.893257,-119.955737,18040009,Upper Tuolumne,180400090405,,,,,False,1,1956-04-06,1996-09-30,1996-09-30,30.0,False,water_balance,discharge,https://waterdata.usgs.gov/monitoring-location/11278200
usgs:USGS-11278300,CHERRY C NR EARLY INTAKE CA,"cdec,ceden,usgs,wqp",4,cdec:CEI;ceden:536278300;usgs:USGS-11278300;wqp:CEDEN-536278300,U.S. Geological Survey,streamgage,natural,,continuous,sub-daily,37.894353,-119.962648,18040009,Upper Tuolumne,180400090405,,,,,False,5,1956-06-01,2026-09-21,2026-09-21,0.0,True,"core,extended_wq,water_balance","chloride,discharge,stage,total_nitrogen,water_temperature",https://waterdata.usgs.gov/monitoring-location/11278300
usgs:USGS-11277000,CHERRY C NR HETCH HETCHY CA,usgs,1,usgs:USGS-11277000,U.S. Geological Survey,streamgage,natural,,continuous,daily,37.998254,-119.901014,18040009,Upper Tuolumne,180400090405,,,,,False,2,1910-04-01,1955-09-29,1955-09-29,71.0,False,water_balance,"discharge,stage",https://waterdata.usgs.gov/monitoring-location/11277000
usgs:USGS-11277200,CHERRY LK NR HETCH HETCHY CA,"cdec,usgs",2,cdec:CYL;usgs:USGS-11277200,U.S. Geological Survey,reservoir,reservoir,,continuous,sub-daily,37.975755,-119.914069,18040009,Upper Tuolumne,180400090405,,,,,False,2,1956-08-26,2026-09-21,2026-09-21,0.0,True,water_balance,"reservoir_storage,stage",https://waterdata.usgs.gov/monitoring-location/11277200
cdec:CHV,CHERRY VALLEY DAM,cdec,1,cdec:CHV,Hetch Hetchy Water and Power,reservoir,reservoir,,continuous,daily,37.967,-119.917,18040009,Upper Tuolumne,180400090405,TUOLUMNE RIVER,,,,False,4,1956-09-01,2026-09-21,2026-09-21,0.0,True,water_balance,"computed_flow,discharge,reservoir_storage,stage",https://cdec.water.ca.gov/dynamicapp/staMeta?station_id=CHV
usgs:USGS-11283500,CLAVEY R NR BUCK MEADOWS CA,"cdec,usgs",2,cdec:CBU;usgs:USGS-11283500,U.S. Geological Survey,streamgage,natural,,continuous,sub-daily,37.90048,-120.071852,18040009,Upper Tuolumne,180400090804,,,,,False,2,1959-10-01,2013-08-20,2013-08-20,13.1,False,water_balance,"discharge,stage",https://waterdata.usgs.gov/monitoring-location/11283500
usgs:USGS-11283250,CLAVEY R NR LONG BARN CA,usgs,1,usgs:USGS-11283250,U.S. Geological Survey,streamgage,natural,,continuous,daily,38.076586,-120.011295,18040009,Upper Tuolumne,180400090803,,,,,False,2,1986-10-01,1994-11-07,1994-11-07,31.9,False,water_balance,"discharge,stage",https://waterdata.usgs.gov/monitoring-location/11283250
usgs:USGS-11289501,COMBINED FLOW MODESTO CN PLUS TURLOCK CN CA,usgs,1,usgs:USGS-11289501;usgs:USGS-11289651,U.S. Geological Survey,streamgage,conveyance,diversion,continuous,daily,37.666321,-120.442139,18040009,Upper Tuolumne,180400091401,,,Tuolumne River,,False,1,1970-10-01,2026-08-18,2026-08-18,0.1,True,water_balance,discharge,https://waterdata.usgs.gov/monitoring-location/11289501
wqp:USGS-375620119204301,CONNESS C NB OF W YOUNG LK NR TUOLUMNE MEADOWS CA,wqp,1,wqp:USGS-375620119204301,U.S. Geological Survey,discrete_grab,reservoir,,discrete,unknown,37.938611,-119.345556,18040009,Upper Tuolumne,180400090103,,,,,False,1,2012-09-06,2012-09-06,2012-09-06,14.0,False,extended_wq,nitrate,https://www.waterqualitydata.us/provider/USGS/USGS/USGS-375620119204301/
usgs:USGS-11286300,CURTIS C TRIB NR STANDARD CA,usgs,1,usgs:USGS-11286300,U.S. Geological Survey,streamgage,natural,,discrete,annual,37.984647,-120.302691,18040009,Upper Tuolumne,180400091101,,,,,False,2,1963-02-01,1973-02-11,1973-02-11,53.6,False,water_balance,"discharge,stage",https://waterdata.usgs.gov/monitoring-location/11286300
ceden:536CRC283,Cherry Creek ~1.1mi above Granite Cr.,ceden,1,ceden:536CRC283,CEDEN contributing programs,discrete_grab,natural,,discrete,unknown,37.8949,-119.9536,18040009,Upper Tuolumne,180400090405,,,,,False,4,2015-05-19,2015-05-19,2015-05-19,11.3,False,"core,extended_wq,major_ions","chloride,ph,sulfate,water_temperature",https://ceden.waterboards.ca.gov/AdvancedQueryTool
wqp:CEDEN-BM1-UCD-Tate,Clavey River,wqp,1,wqp:CEDEN-BM1-UCD-Tate,California State Water Resources Control Board,discrete_grab,natural,,discrete,monthly,38.1309,-119.977,18040009,Upper Tuolumne,180400090801,,,,,False,2,2011-07-19,2011-10-11,2011-10-11,14.9,False,extended_wq,"phosphorus,total_nitrogen",https://www.waterqualitydata.us/provider/STORET/CEDEN/CEDEN-BM1-UCD-Tate/
ceden:536CLV002,Clavey River 2,ceden,1,ceden:536CLV002;ceden:536TUO301,CEDEN contributing programs,discrete_grab,natural,,discrete,monthly,37.98699,-120.05305,18040009,Upper Tuolumne,180400090803,,,,,False,4,2013-06-17,2021-09-29,2021-09-29,5.0,False,"core,extended_wq,major_ions","chloride,ph,sulfate,water_temperature",https://ceden.waterboards.ca.gov/AdvancedQueryTool
ceden:536CLR247,Clavey River ~1.5mi below Trout Cr.,ceden,1,ceden:536CLR247,CEDEN contributing programs,discrete_grab,natural,,discrete,irregular,38.06351,-120.02017,18040009,Upper Tuolumne,180400090803,,,,,False,4,2014-07-08,2023-08-01,2023-08-01,3.1,False,"core,extended_wq,major_ions","chloride,ph,sulfate,water_temperature",https://ceden.waterboards.ca.gov/AdvancedQueryTool
wqp:CEDEN-536PS0107,Clavey River ~3mi above Twomile Cr.,"ceden,wqp",2,ceden:536PS0107;wqp:CEDEN-536PS0107,California State Water Resources Control Board,discrete_grab,natural,,discrete,unknown,38.0457,-120.024,18040009,Upper Tuolumne,180400090803,,,,,False,8,2012-07-17,2012-07-17,2012-07-17,14.2,False,"core,extended_wq,major_ions","ammonia,chloride,organic_carbon,ph,phosphorus,sulfate,total_nitrogen,water_temperature",https://www.waterqualitydata.us/provider/STORET/CEDEN/CEDEN-536PS0107/
wqp:CEDEN-JR9-UCD-Tate,Cottonwood Creek above exclosures and gathering meadow,wqp,1,wqp:CEDEN-JR9-UCD-Tate,California State Water Resources Control Board,discrete_grab,natural,,discrete,monthly,37.992,-119.943,18040009,Upper Tuolumne,180400090405,,,,,False,2,2011-06-14,2011-10-11,2011-10-11,14.9,False,extended_wq,"phosphorus,total_nitrogen",https://www.waterqualitydata.us/provider/STORET/CEDEN/CEDEN-JR9-UCD-Tate/
wqp:CEDEN-JR10-UCD-Tate,Cottonwood Creek below exclosures and gathering meadow,wqp,1,wqp:CEDEN-JR10-UCD-Tate,California State Water Resources Control Board,discrete_grab,natural,,discrete,monthly,37.9858,-119.938,18040009,Upper Tuolumne,180400090405,,,,,False,2,2011-06-14,2011-10-11,2011-10-11,14.9,False,extended_wq,"phosphorus,total_nitrogen",https://www.waterqualitydata.us/provider/STORET/CEDEN/CEDEN-JR10-UCD-Tate/
wqp:CEDEN-536TUO209,Curtis Creek @ Algerine Road,"ceden,wqp",2,ceden:536TUO209;wqp:CEDEN-536TUO209,California State Water Resources Control Board,discrete_grab,natural,,discrete,monthly,37.9156,-120.389,18040009,Upper Tuolumne,180400091101,,,,,False,6,2003-05-20,2004-03-17,2004-03-17,22.5,False,"core,extended_wq,major_ions","boron,calcium,magnesium,organic_carbon,ph,water_temperature",https://www.waterqualitydata.us/provider/STORET/CEDEN/CEDEN-536TUO209/
wqp:USGS-375244119163601,DANA FORK A HIGHWAY 120 NR TUOLUMNE MEADOWS CA,wqp,1,wqp:USGS-375244119163601,U.S. Geological Survey,discrete_grab,natural,,discrete,unknown,37.878889,-119.276667,18040009,Upper Tuolumne,180400090102,,,,,False,1,2014-07-07,2014-07-07,2014-07-07,12.2,False,core,total_dissolved_solids,https://www.waterqualitydata.us/provider/USGS/USGS/USGS-375244119163601/
wqp:USGS-375304119224201,DELANEY C AB DELANY MDW NR TUOLUMNE MEADOWS CA,wqp,1,wqp:USGS-375304119224201,U.S. Geological Survey,discrete_grab,natural,,discrete,unknown,37.884611,-119.378539,18040009,Upper Tuolumne,180400090107,,,Tuolumne River,,False,1,2014-05-08,2014-05-08,2014-05-08,12.4,False,major_ions,sodium,https://www.waterqualitydata.us/provider/USGS/USGS/USGS-375304119224201/
wqp:USGS-375306119223001,DELANEY C AB PACIFIC CREST TR NR TUOLUMNE MEADOWS,wqp,1,wqp:USGS-375306119223001,U.S. Geological Survey,discrete_grab,natural,,discrete,monthly,37.885,-119.375,18040009,Upper Tuolumne,180400090107,,,,,False,6,2012-08-06,2014-06-25,2014-06-25,12.2,False,"core,extended_wq,major_ions","magnesium,nitrate,specific_conductance,sulfate,total_dissolved_solids,total_nitrogen",https://www.waterqualitydata.us/provider/USGS/USGS/USGS-375306119223001/
wqp:USGS-375258119225901,DELANEY C BL DELANEY MEADOW NR TUOLUMNE MEADOWS CA,wqp,1,wqp:USGS-375258119225901,U.S. Geological Survey,discrete_grab,natural,,discrete,unknown,37.882778,-119.383056,18040009,Upper Tuolumne,180400090107,,,Tuolumne River,,False,3,2014-06-17,2014-07-22,2014-07-22,12.2,False,"extended_wq,major_ions","nitrate,ph,potassium",https://www.waterqualitydata.us/provider/USGS/USGS/USGS-375258119225901/
wqp:USGS-375303119224101,DELANEY C BL PACIFIC CREST TR NR TUOLUMNE MEADOWS,wqp,1,wqp:USGS-375303119224101,U.S. Geological Survey,discrete_grab,natural,,discrete,unknown,37.884167,-119.378056,18040009,Upper Tuolumne,180400090107,,,Tuolumne River,,False,6,2012-07-11,2014-07-15,2014-07-15,12.2,False,"core,extended_wq,major_ions","alkalinity,chloride,hardness,magnesium,phosphorus,total_nitrogen",https://www.waterqualitydata.us/provider/USGS/USGS/USGS-375303119224101/
wqp:USGS-375245119212901,DOG C BLW STABLES NR TUOLUMNE MEADOWS CA,wqp,1,wqp:USGS-375245119212901,U.S. Geological Survey,discrete_grab,natural,,discrete,unknown,37.879167,-119.358056,18040009,Upper Tuolumne,180400090107,,,Tuolumne River,,False,2,2014-05-08,2014-05-08,2014-05-08,12.4,False,"core,major_ions","alkalinity,total_dissolved_solids",https://www.waterqualitydata.us/provider/USGS/USGS/USGS-375245119212901/
usgs:USGS-11287500,DON PEDRO RES NR LA GRANGE CA,usgs,1,usgs:USGS-11287500,U.S. Geological Survey,reservoir,reservoir,,continuous,sub-daily,37.701598,-120.422139,18040009,Upper Tuolumne,180400091206,,,Tuolumne River,,False,1,1930-10-01,2026-08-20,2026-08-20,0.1,True,water_balance,reservoir_storage,https://waterdata.usgs.gov/monitoring-location/11287500
usgs:USGS-375117120195901,DON PEDRO RES NR MOCCASIN CA,"usgs,wqp",2,usgs:USGS-375117120195901;wqp:USGS-375117120195901,U.S. Geological Survey,reservoir,reservoir,,continuous,sub-daily,37.854822,-120.332939,18040009,Upper Tuolumne,180400091203,,,Tuolumne River,,False,7,2014-02-11,2014-04-30,2014-04-30,12.4,False,"core,extended_wq","dissolved_oxygen_saturation,ph,specific_conductance,suspended_solids,total_nitrogen,turbidity,water_temperature",https://waterdata.usgs.gov/monitoring-location/375117120195901
cdec:DNP,DON PEDRO RESERVOIR,cdec,1,cdec:DNP,USGS/USACE,reservoir,reservoir,,continuous,sub-daily,37.702,-120.421,18040009,Upper Tuolumne,180400091206,TUOLUMNE RIVER,,Tuolumne River,,False,4,1970-10-01,2026-09-21,2026-09-21,0.0,True,water_balance,"computed_flow,discharge,reservoir_storage,stage",https://cdec.water.ca.gov/dynamicapp/staMeta?station_id=DNP
usgs:USGS-11289850,DRY C A CRABTREE RD NR LA GRANGE CA,usgs,1,usgs:USGS-11289850,U.S. Geological Survey,streamgage,natural,,continuous,sub-daily,37.711442,-120.609803,18040009,Upper Tuolumne,180400091304,,,,,False,2,2020-01-22,2026-08-20,2026-08-20,0.1,True,water_balance,"discharge,stage",https://waterdata.usgs.gov/monitoring-location/11289850
wqp:USGS-373811120590001,DRY C A GALLO BRIDGE BL HWY 132 A MODESTO CA,wqp,1,wqp:USGS-373811120590001,U.S. Geological Survey,discrete_grab,natural,,discrete,unknown,37.636319,-120.984378,18040009,Upper Tuolumne,180400091308,,,,,False,3,2001-08-07,2001-11-01,2001-11-01,24.9,False,"extended_wq,major_ions","ammonia,phosphorus,sulfate",https://www.waterqualitydata.us/provider/USGS/USGS/USGS-373811120590001/
usgs:USGS-11289950,DRY C NR MODESTO CA,usgs,1,usgs:USGS-11289950,U.S. Geological Survey,streamgage,natural,,discrete,annual,37.645764,-120.84743,18040009,Upper Tuolumne,180400091308,,,,,False,2,1939-02-09,1973-02-12,1973-02-12,53.6,False,water_balance,"discharge,stage",https://waterdata.usgs.gov/monitoring-location/11289950
cdec:DCM,DRY CREEK NEAR MODESTO,"cdec,dwr_wdl,wqp",3,cdec:DCM;dwr_wdl:B04130;wqp:CALWR_WQX-B0413000,CA Dept of Water Resources/South Central Region Office,continuous_sonde,natural,,continuous,sub-daily,37.657,-120.922,18040009,Upper Tuolumne,180400091308,TUOLUMNE RIVER,,,,False,5,1960-10-01,2026-09-21,2026-09-21,0.0,True,"core,extended_wq,water_balance","discharge,ph,specific_conductance,stage,water_temperature",https://cdec.water.ca.gov/dynamicapp/staMeta?station_id=DCM
wqp:CALWR_WQX-B9D746803010,Drain at Wicklund Road,wqp,1,wqp:CALWR_WQX-B9D746803010,California Department Of Water Resources,discrete_grab,drain,,discrete,monthly,37.780077,-120.516256,18040009,Upper Tuolumne,180400091302,,,,,False,10,2009-03-17,2010-08-30,2010-08-30,16.1,False,"core,major_ions","alkalinity,boron,bromide,calcium,chloride,magnesium,sodium,specific_conductance,sulfate,total_dissolved_solids",https://www.waterqualitydata.us/provider/STORET/CALWR_WQX/CALWR_WQX-B9D746803010/
ceden:535XDCCHS,Dry Creek @ Church St,ceden,1,ceden:535XDCCHS,CEDEN contributing programs,discrete_grab,natural,,discrete,monthly,37.66674,-120.89822,18040009,Upper Tuolumne,180400091308,,,,,False,2,2017-08-15,2025-09-10,2025-09-10,1.0,True,"core,extended_wq","ph,water_temperature",https://ceden.waterboards.ca.gov/AdvancedQueryTool
wqp:CEDEN-535STC206,Dry Creek @ La Loma Rd.,"ceden,wqp",2,ceden:535STC206;wqp:CEDEN-535STC206,California State Water Resources Control Board,discrete_grab,natural,,discrete,monthly,37.6435,-120.985,18040009,Upper Tuolumne,180400091308,,,,,False,11,2003-01-23,2025-08-26,2025-08-26,1.1,True,"core,extended_wq,major_ions","alkalinity,ammonia,boron,calcium,dissolved_oxygen,magnesium,organic_carbon,ph,specific_conductance,suspended_solids,water_temperature",https://www.waterqualitydata.us/provider/STORET/CEDEN/CEDEN-535STC206/
wqp:CEDEN-535XDCAWR,Dry Creek @ Wellsford Rd,"ceden,wqp",2,ceden:535STC221;ceden:535XDCAWR;wqp:CEDEN-535XDCAWR,California State Water Resources Control Board,discrete_grab,natural,,discrete,weekly,37.66,-120.875,18040009,Upper Tuolumne,180400091308,,,,,False,15,2005-02-15,2017-07-11,2017-07-11,9.2,False,"core,extended_wq,major_ions","alkalinity,ammonia,boron,dissolved_oxygen,nitrate,organic_carbon,ph,phosphorus,selenium,specific_conductance,suspended_solids,total_dissolved_solids,total_nitrogen,turbidity,water_temperature",https://www.waterqualitydata.us/provider/STORET/CEDEN/CEDEN-535XDCAWR/
ceden:Dry Creek-Down,Dry Creek Downstream,ceden,1,ceden:Dry Creek-Down,CEDEN contributing programs,discrete_grab,natural,,discrete,annual,37.6309,-120.98657,18040009,Upper Tuolumne,180400091308,,,Tuolumne River,,False,1,2019-01-17,2024-04-13,2024-04-13,2.4,True,extended_wq,selenium,https://ceden.waterboards.ca.gov/AdvancedQueryTool
ceden:Dry Creek-Up,Dry Creek Upstream,ceden,1,ceden:Dry Creek-Up,CEDEN contributing programs,discrete_grab,natural,,discrete,annual,37.65723,-120.91808,18040009,Upper Tuolumne,180400091308,,,,,False,1,2019-01-15,2021-06-16,2021-06-16,5.3,False,extended_wq,selenium,https://ceden.waterboards.ca.gov/AdvancedQueryTool
ceden:535STC220,Dry Creek at Beard Brook Park,ceden,1,ceden:535STC220,CEDEN contributing programs,discrete_grab,natural,,discrete,quarterly,37.63555,-120.98502,18040009,Upper Tuolumne,180400091308,,,,,False,2,2010-09-13,2011-08-15,2011-08-15,15.1,False,"core,extended_wq","ph,water_temperature",https://ceden.waterboards.ca.gov/AdvancedQueryTool
wqp:CEDEN-535XNSJ24,Dry Creek at J9,"ceden,wqp",2,ceden:535XDCWF;ceden:535XNSJ24;wqp:CEDEN-535XNSJ24,California State Water Resources Control Board,discrete_grab,natural,,discrete,weekly,37.6589,-120.779,18040009,Upper Tuolumne,180400091308,,,,,False,12,2004-07-20,2009-08-18,2009-08-18,17.1,False,"core,extended_wq,major_ions","alkalinity,ammonia,boron,dissolved_oxygen,organic_carbon,ph,phosphorus,selenium,specific_conductance,total_dissolved_solids,turbidity,water_temperature",https://www.waterqualitydata.us/provider/STORET/CEDEN/CEDEN-535XNSJ24/
wqp:CEDEN-535PS0221,Dry Creek ~0.3mi above Tuolumne R.,"ceden,wqp",2,ceden:535PS0221;wqp:CEDEN-535PS0221,California State Water Resources Control Board,discrete_grab,natural,,discrete,unknown,37.6308,-120.986,18040009,Upper Tuolumne,180400091308,,,Tuolumne River,,False,9,2009-07-15,2009-07-15,2009-07-15,17.2,False,"core,extended_wq,major_ions","ammonia,chloride,organic_carbon,ph,phosphorus,sulfate,suspended_solids,total_nitrogen,water_temperature",https://www.waterqualitydata.us/provider/STORET/CEDEN/CEDEN-535PS0221/
ceden:535CE0494,Dry Creek ~2.6mi below Waterford Highway,ceden,1,ceden:535CE0494,CEDEN contributing programs,discrete_grab,natural,,discrete,unknown,37.6475,-120.805556,18040009,Upper Tuolumne,180400091308,,,,,False,2,2004-06-02,2004-06-02,2004-06-02,22.3,False,"core,extended_wq","ph,water_temperature",https://ceden.waterboards.ca.gov/AdvancedQueryTool
usgs:USGS-11278000,ELEANOR C NR HETCH HETCHY CA,"cdec,ceden,usgs,wqp",4,cdec:ECK;ceden:536278000;usgs:USGS-11278000;wqp:CEDEN-536278000;wqp:USGS-11278000,U.S. Geological Survey,streamgage,natural,,continuous,sub-daily,37.969074,-119.882092,18040009,Upper Tuolumne,180400090304,,,,,False,6,1909-10-01,2026-09-21,2026-09-21,0.0,True,"core,extended_wq,water_balance","chloride,discharge,phosphorus,stage,total_nitrogen,water_temperature",https://waterdata.usgs.gov/monitoring-location/11278000
usgs:USGS-11275000,FALLS C NR HETCH HETCHY CA,"cdec,usgs",2,cdec:FHH;usgs:USGS-11275000,U.S. Geological Survey,streamgage,natural,,continuous,sub-daily,37.970754,-119.764343,18040009,Upper Tuolumne,180400090503,,,,,False,3,1915-10-01,2026-09-21,2026-09-21,0.0,True,"core,water_balance","discharge,stage,water_temperature",https://waterdata.usgs.gov/monitoring-location/11275000
wqp:11NPSWRD_WQX-YOSE_Y029-OUT,Flora Lake Outlet,wqp,1,wqp:11NPSWRD_WQX-YOSE_Y029-OUT,National Park Service Water Resources Division,discrete_grab,reservoir,,discrete,unknown,38.0506,-119.806,18040009,Upper Tuolumne,180400090301,,,,,False,12,2011-08-17,2011-08-17,2011-08-17,15.1,False,"core,extended_wq,major_ions","calcium,chloride,dissolved_oxygen,magnesium,nitrate,ph,potassium,sodium,specific_conductance,sulfate,total_nitrogen,water_temperature",https://www.waterqualitydata.us/provider/STORET/11NPSWRD_WQX/11NPSWRD_WQX-YOSE_Y029-OUT/
wqp:CALWR_WQX-B9D80520052,Fluoroprobe Special Study TOC/DOC,wqp,1,wqp:CALWR_WQX-B9D80520052,California Department Of Water Resources,discrete_grab,unknown,,discrete,weekly,38.086667,-120.086111,18040009,Upper Tuolumne,180400090901,,,,,False,3,2013-06-13,2013-11-25,2013-11-25,12.8,False,"core,extended_wq","ph,specific_conductance,water_temperature",https://www.waterqualitydata.us/provider/STORET/CALWR_WQX/CALWR_WQX-B9D80520052/
wqp:CALWR_WQX-B9D80200020,Franks Tract,wqp,1,wqp:CALWR_WQX-B9D80200020,California Department Of Water Resources,discrete_grab,unknown,,discrete,monthly,38.0333,-120.0333,18040009,Upper Tuolumne,180400090803,,,,,False,2,2004-07-13,2007-09-18,2007-09-18,19.0,False,core,"specific_conductance,water_temperature",https://www.waterqualitydata.us/provider/STORET/CALWR_WQX/CALWR_WQX-B9D80200020/
cdec:HTH,HETCH HETCHY,cdec,1,cdec:HTH,Hetch Hetchy Water and Power,reservoir,reservoir,,continuous,sub-daily,37.95,-119.783,18040009,Upper Tuolumne,180400090504,TUOLUMNE RIVER,,Tuolumne River,,False,5,1951-10-01,2026-09-21,2026-09-21,0.0,True,water_balance,"computed_flow,discharge,diversion,reservoir_storage,stage",https://cdec.water.ca.gov/dynamicapp/staMeta?station_id=HTH
usgs:USGS-11275500,HETCH HETCHY RES A HETCH HETCHY CA,"cdec,usgs",2,cdec:HHY;usgs:USGS-11275500,U.S. Geological Survey,reservoir,reservoir,,continuous,sub-daily,37.947686,-119.787922,18040009,Upper Tuolumne,180400090505,,,Tuolumne River,,False,2,1930-10-01,2026-09-21,2026-09-21,0.0,True,water_balance,"reservoir_storage,stage",https://waterdata.usgs.gov/monitoring-location/11275500
ceden:536NPHLHC,Hell's Hollow Creek above Big Creek,ceden,1,ceden:536NPHLHC,CEDEN contributing programs,discrete_grab,natural,,discrete,annual,37.80917,-120.1361,18040009,Upper Tuolumne,180400091002,,,,,False,4,2024-04-16,2025-05-12,2025-05-12,1.4,True,"core,extended_wq,major_ions","chloride,ph,sulfate,water_temperature",https://ceden.waterboards.ca.gov/AdvancedQueryTool
ceden:536HLC457,Hull Creek above Funks Meadow,ceden,1,ceden:536HLC457,CEDEN contributing programs,discrete_grab,natural,,discrete,unknown,38.051768,-120.093691,18040009,Upper Tuolumne,180400090803,,,,,False,4,2024-07-17,2024-07-17,2024-07-17,2.2,True,"core,extended_wq,major_ions","chloride,ph,sulfate,water_temperature",https://ceden.waterboards.ca.gov/AdvancedQueryTool
wqp:CEDEN-536HLCBFM,Hull Creek below Funks Meadow,"ceden,wqp",2,ceden:536HLCBFM;wqp:CEDEN-536HLCBFM,California State Water Resources Control Board,discrete_grab,natural,,discrete,unknown,38.0457,-120.1,18040009,Upper Tuolumne,180400090803,,,,,False,8,2013-06-18,2013-06-18,2013-06-18,13.3,False,"core,extended_wq,major_ions","ammonia,chloride,organic_carbon,ph,phosphorus,sulfate,total_nitrogen,water_temperature",https://www.waterqualitydata.us/provider/STORET/CEDEN/CEDEN-536HLCBFM/
usgs:USGS-11278500,JAWBONE C NR TUOLUMNE CA,usgs,1,usgs:USGS-11278500,U.S. Geological Survey,streamgage,natural,,continuous,daily,37.891591,-119.995461,18040009,Upper Tuolumne,180400091001,,,,,False,1,,,,,False,water_balance,discharge,https://waterdata.usgs.gov/monitoring-location/11278500
wqp:CEDEN-535MIDJBD,Jacobson Drain,"ceden,wqp",2,ceden:535MIDJBD;wqp:CEDEN-535MIDJBD,California State Water Resources Control Board,discrete_grab,drain,,discrete,quarterly,37.6166,-121.159,18040009,Upper Tuolumne,180400091403,,,Tuolumne River,,False,7,2004-07-06,2008-10-06,2008-10-06,18.0,False,"core,extended_wq,major_ions","organic_carbon,ph,phosphorus,potassium,total_dissolved_solids,total_nitrogen,water_temperature",https://www.waterqualitydata.us/provider/STORET/CEDEN/CEDEN-535MIDJBD/
wqp:CEDEN-536SED006,Jawbone Cr 6,"ceden,wqp",2,ceden:536SED006;wqp:CEDEN-536SED006,California State Water Resources Control Board,discrete_grab,natural,,discrete,irregular,37.9051,-119.996,18040009,Upper Tuolumne,180400091001,,,,,False,8,2011-09-20,2021-09-28,2021-09-28,5.0,False,"core,extended_wq,major_ions","chloride,organic_carbon,ph,phosphorus,sulfate,suspended_solids,total_nitrogen,water_temperature",https://www.waterqualitydata.us/provider/STORET/CEDEN/CEDEN-536SED006/
ceden:536JWB063,Jawbone Creek (USFS),ceden,1,ceden:536JWB063,CEDEN contributing programs,discrete_grab,natural,,discrete,unknown,37.9278,-119.99289,18040009,Upper Tuolumne,180400091001,,,,,False,2,2010-08-06,2010-08-06,2010-08-06,16.1,False,"core,extended_wq","ph,water_temperature",https://ceden.waterboards.ca.gov/AdvancedQueryTool
ceden:536SPIUJW,Jawbone Creek ~0.9mi above Crane Cr.,ceden,1,ceden:536SPIUJW,CEDEN contributing programs,discrete_grab,natural,,discrete,annual,37.98193,-119.97487,18040009,Upper Tuolumne,180400091001,,,,,False,4,2015-09-09,2019-10-07,2019-10-07,7.0,False,"core,extended_wq,major_ions","chloride,ph,sulfate,water_temperature",https://ceden.waterboards.ca.gov/AdvancedQueryTool
ceden:536WS0743,Jawbone Creek ~1.6mi above Skunk Cr.,ceden,1,ceden:536WS0743,CEDEN contributing programs,discrete_grab,natural,,discrete,unknown,37.9483,-119.9929,18040009,Upper Tuolumne,180400091001,,,,,False,4,2018-07-31,2018-07-31,2018-07-31,8.1,False,"core,extended_wq,major_ions","chloride,ph,sulfate,water_temperature",https://ceden.waterboards.ca.gov/AdvancedQueryTool
ceden:536SPILJW,Jawbone Creek ~1.8mi below Crane Cr.,ceden,1,ceden:536SPILJW,CEDEN contributing programs,discrete_grab,natural,,discrete,annual,37.95265,-119.99081,18040009,Upper Tuolumne,180400091001,,,,,False,4,2015-09-09,2019-10-07,2019-10-07,7.0,False,"core,extended_wq,major_ions","chloride,ph,sulfate,water_temperature",https://ceden.waterboards.ca.gov/AdvancedQueryTool
wqp:CEDEN-JR4-UCD-Tate,Jawbone creek at Road 2N80 below Meadow,wqp,1,wqp:CEDEN-JR4-UCD-Tate,California State Water Resources Control Board,discrete_grab,natural,,discrete,monthly,38.0117,-119.96,18040009,Upper Tuolumne,180400091001,,,,,False,2,2011-06-14,2011-10-11,2011-10-11,14.9,False,extended_wq,"phosphorus,total_nitrogen",https://www.waterqualitydata.us/provider/STORET/CEDEN/CEDEN-JR4-UCD-Tate/
wqp:11NPSWRD_WQX-YOSE_Y009-OUT,Kendrick Outlet,wqp,1,wqp:11NPSWRD_WQX-YOSE_Y009-OUT,National Park Service Water Resources Division,discrete_grab,unknown,,discrete,unknown,38.0439,-119.771,18040009,Upper Tuolumne,180400090301,,,,,False,12,2008-08-22,2008-08-22,2008-08-22,18.1,False,"core,extended_wq,major_ions","calcium,chloride,dissolved_oxygen_saturation,magnesium,nitrate,ph,potassium,sodium,specific_conductance,sulfate,total_nitrogen,water_temperature",https://www.waterqualitydata.us/provider/STORET/11NPSWRD_WQX/11NPSWRD_WQX-YOSE_Y009-OUT/
wqp:11NPSWRD_WQX-YOSE_Y501-OUT,Kuna Outlet,wqp,1,wqp:11NPSWRD_WQX-YOSE_Y501-OUT,National Park Service Water Resources Division,discrete_grab,unknown,,discrete,monthly,37.8108,-119.226,18040009,Upper Tuolumne,180400090101,,,,,False,13,2008-07-03,2010-09-29,2010-09-29,16.0,False,"core,extended_wq,major_ions","calcium,chloride,dissolved_oxygen,dissolved_oxygen_saturation,magnesium,nitrate,ph,potassium,sodium,specific_conductance,sulfate,total_nitrogen,water_temperature",https://www.waterqualitydata.us/provider/STORET/11NPSWRD_WQX/11NPSWRD_WQX-YOSE_Y501-OUT/
cdec:ENR,LAKE ELEANOR,cdec,1,cdec:ENR,Hetch Hetchy Water and Power,reservoir,reservoir,,continuous,sub-daily,37.974,-119.88,18040009,Upper Tuolumne,180400090304,TUOLUMNE RIVER,,,,False,2,1955-10-01,2026-09-21,2026-09-21,0.0,True,water_balance,"reservoir_storage,stage",https://cdec.water.ca.gov/dynamicapp/staMeta?station_id=ENR
usgs:USGS-11283100,LILY C NR PINECREST CA,usgs,1,usgs:USGS-11283100,U.S. Geological Survey,streamgage,natural,,continuous,daily,38.144639,-119.900736,18040009,Upper Tuolumne,180400090801,,,,,False,3,1963-02-01,1974-09-29,1974-09-29,52.0,False,"core,water_balance","discharge,stage,water_temperature",https://waterdata.usgs.gov/monitoring-location/11283100
usgs:USGS-11277100,LK ELEANOR DIV TO CHERRY LAKE NR HETCH HETCHY CA,"cdec,usgs",2,cdec:EDT;usgs:USGS-11277100,U.S. Geological Survey,streamgage,conveyance,diversion,continuous,sub-daily,37.979643,-119.881846,18040009,Upper Tuolumne,180400090304,,,,,False,2,1996-07-30,2026-09-21,2026-09-21,0.0,True,water_balance,"discharge,stage",https://waterdata.usgs.gov/monitoring-location/11277100
usgs:USGS-11277500,LK ELEANOR NR HETCH HETCHY CA,usgs,1,usgs:USGS-11277500,U.S. Geological Survey,reservoir,reservoir,,continuous,sub-daily,37.974088,-119.881013,18040009,Upper Tuolumne,180400090304,,,,,False,1,1918-10-09,2026-08-20,2026-08-20,0.1,True,water_balance,reservoir_storage,https://waterdata.usgs.gov/monitoring-location/11277500
wqp:USGS-375616119204401,LOWER YOUNG LAKE OUTLET NR TUOLUMNE MEADOWS CA,wqp,1,wqp:USGS-375616119204401,U.S. Geological Survey,discrete_grab,reservoir,,discrete,unknown,37.937778,-119.345556,18040009,Upper Tuolumne,180400090103,,,,,False,1,2012-09-06,2012-09-06,2012-09-06,14.0,False,extended_wq,nitrate,https://www.waterqualitydata.us/provider/USGS/USGS/USGS-375616119204401/
wqp:USGS-374742119154401,LYELL FK TUOLUMNE R .56 MI BL KUNA C NR TUOLUMNE M,wqp,1,wqp:USGS-374742119154401,U.S. Geological Survey,discrete_grab,natural,,discrete,unknown,37.795,-119.261889,18040009,Upper Tuolumne,180400090101,,,,,False,3,2013-09-03,2014-07-07,2014-07-07,12.2,False,"core,extended_wq","ph,phosphorus,water_temperature",https://www.waterqualitydata.us/provider/USGS/USGS/USGS-374742119154401/
wqp:USGS-374813119154901,LYELL FK TUOLUMNE R 1.4 MI BL KUNA C NR TUOLUMNE M,wqp,1,wqp:USGS-374813119154901,U.S. Geological Survey,discrete_grab,natural,,discrete,unknown,37.803611,-119.263611,18040009,Upper Tuolumne,180400090101,,,,,False,2,2014-07-07,2014-07-07,2014-07-07,12.2,False,"core,major_ions","alkalinity,specific_conductance",https://www.waterqualitydata.us/provider/USGS/USGS/USGS-374813119154901/
cdec:LYL,LYELL FORK BLW MACCLURE CREEK,cdec,1,cdec:LYL,Yosemite National Park,continuous_sonde,natural,,continuous,sub-daily,37.77837,-119.26188,18040009,Upper Tuolumne,180400090101,TUOLUMNE RIVER,,,,False,4,2013-10-14,2015-11-23,2015-11-23,10.8,False,"core,extended_wq,water_balance","specific_conductance,stage,turbidity,water_temperature",https://cdec.water.ca.gov/dynamicapp/staMeta?station_id=LYL
wqp:USGS-374640119154101,LYELL FORK TUOLUMNE R BL MACLURE C NR TUOLUMNE MDW,wqp,1,wqp:USGS-374640119154101,U.S. Geological Survey,discrete_grab,natural,,discrete,unknown,37.777778,-119.261389,18040009,Upper Tuolumne,180400090101,,,,,False,5,2007-06-26,2014-09-16,2014-09-16,12.0,False,"core,extended_wq,major_ions","alkalinity,chloride,nitrate,phosphorus,water_temperature",https://www.waterqualitydata.us/provider/USGS/USGS/USGS-374640119154101/
wqp:CEDEN-535MIDL1S,Lateral 1 Spill,"ceden,wqp",2,ceden:535MIDL1S;wqp:CEDEN-535MIDL1S,California State Water Resources Control Board,discrete_grab,conveyance,return,discrete,quarterly,37.6308,-120.957,18040009,Upper Tuolumne,180400091402,,,,,False,7,2004-07-06,2008-10-06,2008-10-06,18.0,False,"core,extended_wq,major_ions","organic_carbon,ph,phosphorus,potassium,total_dissolved_solids,total_nitrogen,water_temperature",https://www.waterqualitydata.us/provider/STORET/CEDEN/CEDEN-535MIDL1S/
wqp:CEDEN-535MIDL5S,Lateral 5 Spill,"ceden,wqp",2,ceden:535MIDL5S;wqp:CEDEN-535MIDL5S,California State Water Resources Control Board,discrete_grab,conveyance,return,discrete,quarterly,37.6147,-121.146,18040009,Upper Tuolumne,180400091403,,,,,False,7,2004-07-06,2009-01-23,2009-01-23,17.7,False,"core,extended_wq,major_ions","organic_carbon,ph,phosphorus,potassium,total_dissolved_solids,total_nitrogen,water_temperature",https://www.waterqualitydata.us/provider/STORET/CEDEN/CEDEN-535MIDL5S/
wqp:CEDEN-535MIDL5C,Lateral 5 at Carpenter Road,"ceden,wqp",2,ceden:535MIDL5C;wqp:CEDEN-535MIDL5C,California State Water Resources Control Board,discrete_grab,conveyance,diversion,discrete,daily,37.6242,-121.031,18040009,Upper Tuolumne,180400091403,,,,,False,7,2007-02-10,2008-01-07,2008-01-07,18.7,False,"core,extended_wq,major_ions","organic_carbon,ph,phosphorus,potassium,total_dissolved_solids,total_nitrogen,water_temperature",https://www.waterqualitydata.us/provider/STORET/CEDEN/CEDEN-535MIDL5C/
wqp:CEDEN-535XSSJ17,Lateral 5 at Paradise Road,"ceden,wqp",2,ceden:535XSSJ17;wqp:CEDEN-535XSSJ17,California State Water Resources Control Board,reservoir,reservoir,,discrete,monthly,37.6145,-121.144,18040009,Upper Tuolumne,180400091403,,,,,False,12,2007-08-22,2007-11-29,2007-11-29,18.8,False,"core,extended_wq,major_ions","alkalinity,ammonia,boron,dissolved_oxygen,organic_carbon,ph,phosphorus,selenium,specific_conductance,total_dissolved_solids,turbidity,water_temperature",https://www.waterqualitydata.us/provider/STORET/CEDEN/CEDEN-535XSSJ17/
wqp:CEDEN-536LLCACR,Lily Creek ~0.3mi above Clavey River,"ceden,wqp",2,ceden:536LLCACR;wqp:CEDEN-536LLCACR,California State Water Resources Control Board,discrete_grab,natural,,discrete,unknown,38.1405,-119.963,18040009,Upper Tuolumne,180400090801,,,,,False,7,2011-09-22,2011-09-22,2011-09-22,15.0,False,"core,extended_wq,major_ions","chloride,organic_carbon,ph,sulfate,suspended_solids,total_nitrogen,water_temperature",https://www.waterqualitydata.us/provider/STORET/CEDEN/CEDEN-536LLCACR/
wqp:CEDEN-JR11-UCD-Tate,Lower Cottonwood Creek before Cherry Lake,wqp,1,wqp:CEDEN-JR11-UCD-Tate,California State Water Resources Control Board,discrete_grab,reservoir,,discrete,monthly,37.9786,-119.924,18040009,Upper Tuolumne,180400090405,,,,,False,2,2011-06-14,2011-10-11,2011-10-11,14.9,False,extended_wq,"phosphorus,total_nitrogen",https://www.waterqualitydata.us/provider/STORET/CEDEN/CEDEN-JR11-UCD-Tate/
wqp:11NPSWRD_WQX-YOSE_Y018-OUT,Lower Gaylor Lake Outlet,wqp,1,wqp:11NPSWRD_WQX-YOSE_Y018-OUT,National Park Service Water Resources Division,discrete_grab,reservoir,,discrete,irregular,37.908,-119.286,18040009,Upper Tuolumne,180400090102,,,,,False,12,2010-09-06,2015-08-06,2015-08-06,11.1,False,"core,extended_wq,major_ions","calcium,chloride,dissolved_oxygen,magnesium,nitrate,ph,potassium,sodium,specific_conductance,sulfate,total_nitrogen,water_temperature",https://www.waterqualitydata.us/provider/STORET/11NPSWRD_WQX/11NPSWRD_WQX-YOSE_Y018-OUT/
wqp:CEDEN-BM2-UCD-Tate,Lower Round Meadow Trib,wqp,1,wqp:CEDEN-BM2-UCD-Tate,California State Water Resources Control Board,discrete_grab,unknown,,discrete,monthly,38.1587,-119.957,18040009,Upper Tuolumne,180400090801,,,,,False,2,2011-07-19,2011-10-11,2011-10-11,14.9,False,extended_wq,"phosphorus,total_nitrogen",https://www.waterqualitydata.us/provider/STORET/CEDEN/CEDEN-BM2-UCD-Tate/
wqp:CEDEN-BM6-UCD-Tate,Lower Round Tributary above Aspen Pack Station,wqp,1,wqp:CEDEN-BM6-UCD-Tate,California State Water Resources Control Board,discrete_grab,unknown,,discrete,monthly,38.1777,-119.947,18040009,Upper Tuolumne,180400090801,,,,,False,2,2011-07-19,2011-10-11,2011-10-11,14.9,False,extended_wq,"phosphorus,total_nitrogen",https://www.waterqualitydata.us/provider/STORET/CEDEN/CEDEN-BM6-UCD-Tate/
wqp:11NPSWRD_WQX-YOSE_Y012-OUT,Lyell Fork Lake Outlet,wqp,1,wqp:11NPSWRD_WQX-YOSE_Y012-OUT,National Park Service Water Resources Division,discrete_grab,reservoir,,discrete,irregular,37.7575,-119.268,18040009,Upper Tuolumne,180400090101,,,,,False,13,2009-08-25,2014-09-02,2014-09-02,12.1,False,"core,extended_wq,major_ions","calcium,chloride,dissolved_oxygen,dissolved_oxygen_saturation,magnesium,nitrate,ph,potassium,sodium,specific_conductance,sulfate,total_nitrogen,water_temperature",https://www.waterqualitydata.us/provider/STORET/11NPSWRD_WQX/11NPSWRD_WQX-YOSE_Y012-OUT/
usgs:USGS-11282000,M TUOLUMNE R A OAKLAND RECREATION CAMP CA,"cdec,usgs",2,cdec:MTO;usgs:USGS-11282000,U.S. Geological Survey,streamgage,natural,,continuous,sub-daily,37.828259,-120.011573,18040009,Upper Tuolumne,180400090602,,,,,False,2,1916-10-01,2026-09-21,2026-09-21,0.0,True,water_balance,"discharge,stage",https://waterdata.usgs.gov/monitoring-location/11282000
usgs:USGS-11281500,M TUOLUMNE R NR MATHER CA,usgs,1,usgs:USGS-11281500,U.S. Geological Survey,streamgage,natural,,continuous,daily,37.849924,-119.867679,18040009,Upper Tuolumne,180400090602,,,,,False,2,1924-10-01,1933-09-29,1933-09-29,93.0,False,water_balance,"discharge,stage",https://waterdata.usgs.gov/monitoring-location/11281500
wqp:USGS-374620119155200,MACLURE C AB LYELL FORK NR TUOLUMNE MEADOWS CA,wqp,1,wqp:USGS-374620119155200,U.S. Geological Survey,discrete_grab,natural,,discrete,unknown,37.772222,-119.264444,18040009,Upper Tuolumne,180400090101,,,,,False,4,2014-06-10,2014-09-15,2014-09-15,12.0,False,"core,extended_wq,major_ions","organic_carbon,ph,sulfate,total_dissolved_solids",https://www.waterqualitydata.us/provider/USGS/USGS/USGS-374620119155200/
usgs:USGS-11274710,MACLURE C BL MACLURE GLCR NR TUOLUMNE MDWS CA,usgs,1,usgs:USGS-11274710,U.S. Geological Survey,streamgage,natural,,continuous,daily,37.75243,-119.282093,18040009,Upper Tuolumne,180400090101,,,,,False,2,1967-06-01,1972-09-29,1972-09-29,54.0,False,water_balance,"discharge,stage",https://waterdata.usgs.gov/monitoring-location/11274710
cdec:MID,MID CANAL AT LA GRANGE,cdec,1,cdec:MID,Modesto Irrigation District,continuous_sonde,conveyance,diversion,continuous,sub-daily,37.672,-120.443,18040009,Upper Tuolumne,180400091401,TUOLUMNE RIVER,,Tuolumne River,,False,1,1997-10-24,2016-04-19,2016-04-19,10.4,False,water_balance,discharge,https://cdec.water.ca.gov/dynamicapp/staMeta?station_id=MID
usgs:USGS-11289000,MODESTO CN NR LA GRANGE CA,usgs,1,usgs:USGS-11289000,U.S. Geological Survey,streamgage,conveyance,diversion,continuous,sub-daily,37.672408,-120.474881,18040009,Upper Tuolumne,180400091401,,,Tuolumne River,,False,2,1909-01-01,2026-08-20,2026-08-20,0.1,True,water_balance,"discharge,stage",https://waterdata.usgs.gov/monitoring-location/11289000
cdec:MDO,MODESTO RESERVOIR,cdec,1,cdec:MDO,Modesto Irrigation District,reservoir,reservoir,,continuous,daily,37.657,-120.675,18040009,Upper Tuolumne,180400091308,TUOLUMNE RIVER,,,,False,1,1956-01-01,2026-09-21,2026-09-21,0.0,True,water_balance,reservoir_storage,https://cdec.water.ca.gov/dynamicapp/staMeta?station_id=MDO
wqp:11NPSWRD_WQX-YOSE_Y500-OUT,Maclure Outlet,wqp,1,wqp:11NPSWRD_WQX-YOSE_Y500-OUT,National Park Service Water Resources Division,discrete_grab,unknown,,discrete,monthly,37.7574,-119.28,18040009,Upper Tuolumne,180400090101,,,,,False,13,2008-07-02,2010-09-28,2010-09-28,16.0,False,"core,extended_wq,major_ions","calcium,chloride,dissolved_oxygen,dissolved_oxygen_saturation,magnesium,nitrate,ph,potassium,sodium,specific_conductance,sulfate,total_nitrogen,water_temperature",https://www.waterqualitydata.us/provider/STORET/11NPSWRD_WQX/11NPSWRD_WQX-YOSE_Y500-OUT/
wqp:11NPSWRD_WQX-YOSE_Y015-OUT,McCabe Outlet,wqp,1,wqp:11NPSWRD_WQX-YOSE_Y015-OUT,National Park Service Water Resources Division,discrete_grab,unknown,,discrete,irregular,37.9895,-119.359,18040009,Upper Tuolumne,180400090105,,,,,False,13,2009-08-17,2014-08-12,2014-08-12,12.1,False,"core,extended_wq,major_ions","calcium,chloride,dissolved_oxygen,dissolved_oxygen_saturation,magnesium,nitrate,ph,potassium,sodium,specific_conductance,sulfate,total_nitrogen,water_temperature",https://www.waterqualitydata.us/provider/STORET/11NPSWRD_WQX/11NPSWRD_WQX-YOSE_Y015-OUT/
ceden:536PS0159,Middle Tuolumne River ~0.5mi above Long Gulch Cr.,ceden,1,ceden:536PS0159,CEDEN contributing programs,discrete_grab,natural,,discrete,unknown,37.859562,-119.715206,18040009,Upper Tuolumne,180400090601,,,,,False,4,2016-06-21,2016-06-21,2016-06-21,10.3,False,"core,extended_wq,major_ions","chloride,ph,sulfate,water_temperature",https://ceden.waterboards.ca.gov/AdvancedQueryTool
ceden:MC2,Moccasin Creek,ceden,1,ceden:MC2,CEDEN contributing programs,discrete_grab,natural,,discrete,unknown,37.7803,-120.27318,18040009,Upper Tuolumne,180400091202,,,,,False,2,2015-04-28,2015-04-28,2015-04-28,11.4,False,"core,extended_wq","ph,water_temperature",https://ceden.waterboards.ca.gov/AdvancedQueryTool
esmr:740797,Moccasin Creek Fish Hatchery EFF-001,esmr,1,esmr:740797;esmr:790103,Moccasin Creek Fish Hatchery,effluent,effluent,,continuous,daily,37.813611,-120.308333,18040009,Upper Tuolumne,180400091202,NA,,,,False,10,2010-04-01,2026-06-01,2026-06-01,0.3,True,"core,extended_wq,major_ions,water_balance","chloride,discharge,dissolved_oxygen,hardness,ph,selenium,specific_conductance,suspended_solids,turbidity,water_temperature",https://ciwqs.waterboards.ca.gov/ciwqs/readOnly/CiwqsReportServlet?inCommand=reset&reportName=esmrAnalyticalData
esmr:740805,Moccasin Creek Fish Hatchery EFF-002,esmr,1,esmr:740805;esmr:790104,Moccasin Creek Fish Hatchery,effluent,effluent,,discrete,monthly,37.813333,-120.3075,18040009,Upper Tuolumne,180400091202,NA,,,,False,9,2010-09-23,2020-07-22,2020-07-22,6.2,False,"core,extended_wq,major_ions,water_balance","chloride,discharge,dissolved_oxygen,hardness,ph,specific_conductance,suspended_solids,turbidity,water_temperature",https://ciwqs.waterboards.ca.gov/ciwqs/readOnly/CiwqsReportServlet?inCommand=reset&reportName=esmrAnalyticalData
esmr:790102,Moccasin Creek Fish Hatchery INF-001,esmr,1,esmr:790102,Moccasin Creek Fish Hatchery,influent,effluent,,discrete,monthly,37.811658,-120.30697,18040009,Upper Tuolumne,180400091202,Moccasin Creek,,,,False,4,2013-02-04,2026-06-01,2026-06-01,0.3,True,"core,extended_wq","ph,specific_conductance,suspended_solids,turbidity",https://ciwqs.waterboards.ca.gov/ciwqs/readOnly/CiwqsReportServlet?inCommand=reset&reportName=esmrAnalyticalData
esmr:790105,Moccasin Creek Fish Hatchery RSW-001,esmr,1,esmr:790105,Moccasin Creek Fish Hatchery,receiving_water,receiving_water,,discrete,monthly,37.81249,-120.30677,18040009,Upper Tuolumne,180400091202,Moccasin Creek,,,,False,7,2013-02-04,2026-06-01,2026-06-01,0.3,True,"core,extended_wq,major_ions","dissolved_oxygen,hardness,ph,selenium,specific_conductance,turbidity,water_temperature",https://ciwqs.waterboards.ca.gov/ciwqs/readOnly/CiwqsReportServlet?inCommand=reset&reportName=esmrAnalyticalData
esmr:790106,Moccasin Creek Fish Hatchery RSW-002,esmr,1,esmr:790106,Moccasin Creek Fish Hatchery,receiving_water,receiving_water,,discrete,monthly,37.81409,-120.30767,18040009,Upper Tuolumne,180400091202,Moccasin Creek,,,,False,5,2013-02-04,2026-06-01,2026-06-01,0.3,True,"core,extended_wq","dissolved_oxygen,ph,specific_conductance,turbidity,water_temperature",https://ciwqs.waterboards.ca.gov/ciwqs/readOnly/CiwqsReportServlet?inCommand=reset&reportName=esmrAnalyticalData
usgs:USGS-11285000,NF TUOLUMNE R AB DYER C NR TUOLUMNE CA,usgs,1,usgs:USGS-11285000,U.S. Geological Survey,streamgage,natural,,continuous,daily,37.981313,-120.206577,18040009,Upper Tuolumne,180400090902,,,,,False,2,1958-10-01,1967-03-16,1967-03-16,59.5,False,water_balance,"discharge,stage",https://waterdata.usgs.gov/monitoring-location/11285000
usgs:USGS-11284700,NF TUOLUMNE R NR LONG BARN CA,usgs,1,usgs:USGS-11284700,U.S. Geological Survey,streamgage,natural,,continuous,daily,38.098809,-120.099631,18040009,Upper Tuolumne,180400090901,,,,,False,2,1955-12-23,1997-01-03,1997-01-03,29.7,False,water_balance,"discharge,stage",https://waterdata.usgs.gov/monitoring-location/11284700
wqp:NARS_WQX-WCAP99-0742,NORTH FORK TUOLOWNE RIVER,wqp,1,wqp:NARS_WQX-WCAP99-0742,EPA National Aquatic Resources Survey (NARS),discrete_grab,natural,,discrete,unknown,38.16542,-120.03472,18040009,Upper Tuolumne,180400090901,,,,,False,18,2001-08-21,2001-08-21,2001-08-21,25.1,False,"core,extended_wq,major_ions","alkalinity,calcium,chloride,dissolved_oxygen,magnesium,nitrate,organic_carbon,ph,phosphorus,potassium,selenium,sodium,specific_conductance,sulfate,suspended_solids,total_nitrogen,turbidity,water_temperature",https://www.waterqualitydata.us/provider/STORET/NARS_WQX/NARS_WQX-WCAP99-0742/
ceden:536CE0106,North Crane Creek above Tuolumne River,ceden,1,ceden:536CE0106,CEDEN contributing programs,discrete_grab,natural,,discrete,irregular,37.801667,-119.847222,18040009,Upper Tuolumne,180400090701,,,,,False,4,2005-08-17,2025-08-19,2025-08-19,1.1,True,"core,extended_wq,major_ions","chloride,ph,sulfate,water_temperature",https://ceden.waterboards.ca.gov/AdvancedQueryTool
ceden:536TUO901,North Fork Tuolumne River at Riverside Day Use Area,ceden,1,ceden:536TUO901,CEDEN contributing programs,discrete_grab,natural,,discrete,unknown,37.981325,-120.213986,18040009,Upper Tuolumne,180400090902,,,,,False,2,2010-08-29,2010-08-29,2010-08-29,16.1,False,"core,extended_wq","ph,water_temperature",https://ceden.waterboards.ca.gov/AdvancedQueryTool
ceden:536NFT019,"North Fork Tuolumne River, Upper (USFS)",ceden,1,ceden:536NFT019,CEDEN contributing programs,discrete_grab,natural,,discrete,unknown,38.1519,-120.0454,18040009,Upper Tuolumne,180400090901,,,,,False,4,2023-08-02,2023-08-02,2023-08-02,3.1,False,"core,extended_wq,major_ions","chloride,ph,sulfate,water_temperature",https://ceden.waterboards.ca.gov/AdvancedQueryTool
wqp:CEDEN-BM5-UCD-Tate,On road to Bell Meadow below culvert,wqp,1,wqp:CEDEN-BM5-UCD-Tate,California State Water Resources Control Board,discrete_grab,unknown,,discrete,monthly,38.1699,-119.958,18040009,Upper Tuolumne,180400090801,,,,,False,2,2011-07-19,2011-10-11,2011-10-11,14.9,False,extended_wq,"phosphorus,total_nitrogen",https://www.waterqualitydata.us/provider/STORET/CEDEN/CEDEN-BM5-UCD-Tate/
wqp:CALWR_WQX-HMH8054,PDD DP25,wqp,1,wqp:CALWR_WQX-HMH8054,California Department Of Water Resources,discrete_grab,unknown,,discrete,weekly,38.0,-120.0,18040009,Upper Tuolumne,180400090802,,,,,False,3,2004-07-21,2006-05-30,2006-05-30,20.3,False,"core,extended_wq","ph,specific_conductance,water_temperature",https://www.waterqualitydata.us/provider/STORET/CALWR_WQX/CALWR_WQX-HMH8054/
wqp:CALWR_WQX-B9D74660201,Paradise Cut at N. Train Tressle,wqp,1,wqp:CALWR_WQX-B9D74660201,California Department Of Water Resources,discrete_grab,natural,,discrete,monthly,37.775972,-120.334861,18040009,Upper Tuolumne,180400091205,,,,,False,10,2009-01-07,2009-09-03,2009-09-03,17.0,False,"core,major_ions","alkalinity,boron,bromide,calcium,chloride,magnesium,sodium,specific_conductance,sulfate,total_dissolved_solids",https://www.waterqualitydata.us/provider/STORET/CALWR_WQX/CALWR_WQX-B9D74660201/
ceden:536WER237,Parker Pass Creek ~2.1mi above Dana Fork,ceden,1,ceden:536WER237,CEDEN contributing programs,discrete_grab,natural,,discrete,irregular,37.8778,-119.2521,18040009,Upper Tuolumne,180400090102,,,,,False,4,2004-08-10,2025-06-24,2025-06-24,1.2,True,"core,extended_wq,major_ions","chloride,ph,sulfate,water_temperature",https://ceden.waterboards.ca.gov/AdvancedQueryTool
usgs:USGS-11283350,REED C NR LONG BARN CA,usgs,1,usgs:USGS-11283350,U.S. Geological Survey,streamgage,natural,,continuous,daily,38.004644,-120.022128,18040009,Upper Tuolumne,180400090802,,,,,False,2,1986-10-01,1994-11-07,1994-11-07,31.9,False,water_balance,"discharge,stage",https://waterdata.usgs.gov/monitoring-location/11283350
ceden:RC2,Rattlesnake Creek,ceden,1,ceden:RC2,CEDEN contributing programs,discrete_grab,natural,,discrete,unknown,37.79551,-120.26385,18040009,Upper Tuolumne,180400091201,,,,,False,2,2015-05-07,2015-05-07,2015-05-07,11.4,False,"core,extended_wq","ph,water_temperature",https://ceden.waterboards.ca.gov/AdvancedQueryTool
wqp:TMTC_WQX-SNAKE-01,RattlesnakeCreek_DownstreamMiWuStreet,wqp,1,wqp:TMTC_WQX-SNAKE-01,Tuolumne Band of Me-Wuk Indians of the Tuolumne Rancheria of California (Tribal),discrete_grab,natural,,discrete,unknown,37.97528,-120.2402,18040009,Upper Tuolumne,180400091003,,,,,False,1,2015-02-10,2015-02-10,2015-02-10,11.6,False,extended_wq,dissolved_oxygen,https://www.waterqualitydata.us/provider/STORET/TMTC_WQX/TMTC_WQX-SNAKE-01/
wqp:CEDEN-JR3-UCD-Tate,Reed Creek at Wolfin Tributary,wqp,1,wqp:CEDEN-JR3-UCD-Tate,California State Water Resources Control Board,discrete_grab,natural,,discrete,monthly,38.0056,-120.023,18040009,Upper Tuolumne,180400090802,,,,,False,2,2011-06-14,2011-10-11,2011-10-11,14.9,False,extended_wq,"phosphorus,total_nitrogen",https://www.waterqualitydata.us/provider/STORET/CEDEN/CEDEN-JR3-UCD-Tate/
wqp:CEDEN-JR1-UCD-Tate,Reed Creek below Wolfin Meadow North,wqp,1,wqp:CEDEN-JR1-UCD-Tate,California State Water Resources Control Board,discrete_grab,natural,,discrete,monthly,38.0135,-120.028,18040009,Upper Tuolumne,180400090802,,,,,False,2,2011-06-14,2011-10-11,2011-10-11,14.9,False,extended_wq,"phosphorus,total_nitrogen",https://www.waterqualitydata.us/provider/STORET/CEDEN/CEDEN-JR1-UCD-Tate/
wqp:CEDEN-JR2-UCD-Tate,Reed Creek below Wolfin Medow at confluence,wqp,1,wqp:CEDEN-JR2-UCD-Tate,California State Water Resources Control Board,discrete_grab,natural,,discrete,monthly,38.0084,-120.028,18040009,Upper Tuolumne,180400090802,,,,,False,2,2011-06-14,2011-10-11,2011-10-11,14.9,False,extended_wq,"phosphorus,total_nitrogen",https://www.waterqualitydata.us/provider/STORET/CEDEN/CEDEN-JR2-UCD-Tate/
ceden:536RCCACR,Rock Creek ~3.6mi above Clavey River,ceden,1,ceden:536RCCACR,CEDEN contributing programs,discrete_grab,natural,,discrete,quarterly,38.1125,-119.9511,18040009,Upper Tuolumne,180400090801,,,,,False,4,2016-07-13,2025-05-14,2025-05-14,1.4,True,"core,extended_wq,major_ions","chloride,ph,sulfate,water_temperature",https://ceden.waterboards.ca.gov/AdvancedQueryTool
usgs:USGS-11279500,SF TUOLUMNE R AT ITALIAN F NR SEQUOIA CA,usgs,1,usgs:USGS-11279500,U.S. Geological Survey,streamgage,natural,,continuous,daily,37.823258,-119.917681,18040009,Upper Tuolumne,180400090702,,,,,False,2,1924-10-01,1933-09-29,1933-09-29,93.0,False,water_balance,"discharge,stage",https://waterdata.usgs.gov/monitoring-location/11279500
usgs:USGS-11282500,SF TUOLUMNE R NR BUCK MEADOWS CA,usgs,1,usgs:USGS-11282500,U.S. Geological Survey,streamgage,natural,,continuous,daily,37.837426,-120.045462,18040009,Upper Tuolumne,180400090702,,,Tuolumne River,,False,2,1911-10-01,1921-09-29,1921-09-29,105.0,False,water_balance,"discharge,stage",https://waterdata.usgs.gov/monitoring-location/11282500
usgs:USGS-11281000,SF TUOLUMNE R NR OAKLAND RECREATION CAMP CA,"cdec,ceden,usgs",3,cdec:STO;ceden:536TUO900;usgs:USGS-11281000,U.S. Geological Survey,streamgage,natural,,continuous,sub-daily,37.821593,-120.012962,18040009,Upper Tuolumne,180400090702,,,,,False,4,1923-04-01,2026-09-21,2026-09-21,0.0,True,"core,extended_wq,water_balance","discharge,ph,stage,water_temperature",https://waterdata.usgs.gov/monitoring-location/11281000
usgs:USGS-11280000,SF TUOLUMNE R NR SEQUOIA CA,usgs,1,usgs:USGS-11280000,U.S. Geological Survey,streamgage,natural,,continuous,daily,37.811592,-119.932681,18040009,Upper Tuolumne,180400090702,,,,,False,1,1914-01-25,1917-09-29,1917-09-29,109.0,False,water_balance,discharge,https://waterdata.usgs.gov/monitoring-location/11280000
usgs:USGS-11279300,SMOKEY JACK C TRIB NR YOSEMITE VILLAGE CA,usgs,1,usgs:USGS-11279300,U.S. Geological Survey,streamgage,natural,,discrete,annual,37.819368,-119.713506,18040009,Upper Tuolumne,180400090701,,,,,False,2,1963-02-01,1973-05-18,1973-05-18,53.3,False,water_balance,"discharge,stage",https://waterdata.usgs.gov/monitoring-location/11279300
usgs:USGS-11284800,SUGARPINE C A LONG BARN CA,usgs,1,usgs:USGS-11284800,U.S. Geological Survey,streamgage,natural,,discrete,annual,38.095754,-120.123798,18040009,Upper Tuolumne,180400090901,,,,,False,2,1963-02-01,1972-12-17,1972-12-17,53.8,False,water_balance,"discharge,stage",https://waterdata.usgs.gov/monitoring-location/11284800
wqp:11NPSWRD_WQX-YOSE_Y006-OUT,Saddle Puddle Outlet,wqp,1,wqp:11NPSWRD_WQX-YOSE_Y006-OUT,National Park Service Water Resources Division,discrete_grab,unknown,,discrete,irregular,37.8104,-119.311,18040009,Upper Tuolumne,180400090101,,,,,False,13,2008-09-06,2012-09-17,2012-09-17,14.0,False,"core,extended_wq,major_ions","calcium,chloride,dissolved_oxygen,dissolved_oxygen_saturation,magnesium,nitrate,ph,potassium,sodium,specific_conductance,sulfate,total_nitrogen,water_temperature",https://www.waterqualitydata.us/provider/STORET/11NPSWRD_WQX/11NPSWRD_WQX-YOSE_Y006-OUT/
wqp:CALWR_WQX-B9D80100010,Sand Mound slough,wqp,1,wqp:CALWR_WQX-B9D80100010,California Department Of Water Resources,discrete_grab,natural,,discrete,monthly,38.016667,-120.016667,18040009,Upper Tuolumne,180400090802,,,,,False,1,2007-07-11,2007-09-19,2007-09-19,19.0,False,core,specific_conductance,https://www.waterqualitydata.us/provider/STORET/CALWR_WQX/CALWR_WQX-B9D80100010/
esmr:738663,Sonora Regional WWTP EFF-001,esmr,1,esmr:738663,Sonora Regional WWTP,effluent,effluent,,continuous,daily,37.922222,-120.431389,18040009,Upper Tuolumne,180400091103,NA,,,,False,9,2011-03-01,2011-05-09,2011-05-09,15.4,False,"core,extended_wq,water_balance","ammonia,discharge,dissolved_oxygen,nitrate,ph,specific_conductance,suspended_solids,total_dissolved_solids,water_temperature",https://ciwqs.waterboards.ca.gov/ciwqs/readOnly/CiwqsReportServlet?inCommand=reset&reportName=esmrAnalyticalData
wqp:11NPSWRD_WQX-YOSE_Y014-OUT,South Fork Cathedral Outlet,wqp,1,wqp:11NPSWRD_WQX-YOSE_Y014-OUT,National Park Service Water Resources Division,discrete_grab,natural,,discrete,irregular,37.8886,-119.509,18040009,Upper Tuolumne,180400090106,,,,,False,13,2009-08-13,2014-08-18,2014-08-18,12.1,False,"core,extended_wq,major_ions","calcium,chloride,dissolved_oxygen,dissolved_oxygen_saturation,magnesium,nitrate,ph,potassium,sodium,specific_conductance,sulfate,total_nitrogen,water_temperature",https://www.waterqualitydata.us/provider/STORET/11NPSWRD_WQX/11NPSWRD_WQX-YOSE_Y014-OUT/
ceden:536SFT127,South Fork Tuolumne (USFS),ceden,1,ceden:536SFT127,CEDEN contributing programs,discrete_grab,natural,,discrete,irregular,37.811372,-119.963928,18040009,Upper Tuolumne,180400090702,,,,,False,4,2019-09-18,2022-08-15,2022-08-15,4.1,False,"core,extended_wq,major_ions","chloride,ph,sulfate,water_temperature",https://ceden.waterboards.ca.gov/AdvancedQueryTool
wqp:11NPSWRD_WQX-YOSE_Y001-OUT,Spillway Outlet,wqp,1,wqp:11NPSWRD_WQX-YOSE_Y001-OUT,National Park Service Water Resources Division,discrete_grab,conveyance,diversion,discrete,annual,37.8409,-119.233,18040009,Upper Tuolumne,180400090102,,,,,False,13,2008-09-16,2015-08-14,2015-08-14,11.1,False,"core,extended_wq,major_ions","calcium,chloride,dissolved_oxygen,dissolved_oxygen_saturation,magnesium,nitrate,ph,potassium,sodium,specific_conductance,sulfate,total_nitrogen,water_temperature",https://www.waterqualitydata.us/provider/STORET/11NPSWRD_WQX/11NPSWRD_WQX-YOSE_Y001-OUT/
wqp:CEDEN-536TUO207,Sullivan Creek @ Algerine Road,"ceden,wqp",2,ceden:536TUO207;wqp:CEDEN-536TUO207,California State Water Resources Control Board,discrete_grab,natural,,discrete,monthly,37.9183,-120.396,18040009,Upper Tuolumne,180400091102,,,,,False,7,2003-02-18,2004-03-17,2004-03-17,22.5,False,"core,extended_wq,major_ions","boron,calcium,magnesium,organic_carbon,ph,suspended_solids,water_temperature",https://www.waterqualitydata.us/provider/STORET/CEDEN/CEDEN-536TUO207/
ceden:536TUO230,Sullivan Creek at Elsies Pool,ceden,1,ceden:536TUO230,CEDEN contributing programs,discrete_grab,natural,,discrete,unknown,37.97333,-120.34994,18040009,Upper Tuolumne,180400091102,,,,,False,2,2010-08-30,2010-08-30,2010-08-30,16.1,False,"core,extended_wq","ph,water_temperature",https://ceden.waterboards.ca.gov/AdvancedQueryTool
cdec:TIL,TID CANAL AT LA GRANGE,cdec,1,cdec:TIL,Turlock Irrigation District,continuous_sonde,conveyance,diversion,continuous,sub-daily,37.672,-120.443,18040009,Upper Tuolumne,180400091401,TUOLUMNE RIVER,,Tuolumne River,,False,1,1997-10-24,2016-04-19,2016-04-19,10.4,False,water_balance,discharge,https://cdec.water.ca.gov/dynamicapp/staMeta?station_id=TIL
cdec:TUM,TUOLUMNE MEADOWS,cdec,1,cdec:TUM,CA Dept of Water Resources/DFM-Hydro-SMN,continuous_sonde,unknown,,continuous,sub-daily,37.876215,-119.349968,18040009,Upper Tuolumne,180400090102,TUOLUMNE RIVER,,Tuolumne River,,False,5,2003-10-15,2026-09-21,2026-09-21,0.0,True,"core,extended_wq,water_balance","discharge,specific_conductance,stage,turbidity,water_temperature",https://cdec.water.ca.gov/dynamicapp/staMeta?station_id=TUM
usgs:USGS-11274790,TUOLUMNE R A GRAND CYN OF TUOLUMNE AB HETCH HETCHY,usgs,1,usgs:USGS-11274790,U.S. Geological Survey,streamgage,natural,,continuous,sub-daily,37.916577,-119.659863,18040009,Upper Tuolumne,180400090502,,,Tuolumne River,,False,5,2006-10-12,2026-08-20,2026-08-20,0.1,True,"core,extended_wq,water_balance","discharge,specific_conductance,stage,turbidity,water_temperature",https://waterdata.usgs.gov/monitoring-location/11274790
usgs:USGS-11289660,TUOLUMNE R A LA GRANGE BRIDGE AT LA GRANGE CA,"usgs,wqp",2,usgs:USGS-11289660;wqp:CALWR_WQX-B0417500,U.S. Geological Survey,streamgage,natural,,continuous,daily,37.665765,-120.46214,18040009,Upper Tuolumne,180400091401,,,Tuolumne River,,False,4,1991-03-15,2003-03-20,2003-03-20,23.5,False,"core,extended_wq,water_balance","discharge,ph,specific_conductance,water_temperature",https://waterdata.usgs.gov/monitoring-location/11289660
usgs:USGS-11290000,TUOLUMNE R A MODESTO CA,"cdec,usgs,wqp",3,cdec:MOD;usgs:USGS-11290000;wqp:USGS-11290000,U.S. Geological Survey,streamgage,natural,,continuous,sub-daily,37.627153,-120.984378,18040009,Upper Tuolumne,180400091403,,,Tuolumne River,,False,6,1895-01-01,2026-09-21,2026-09-21,0.0,True,"core,extended_wq,major_ions,water_balance","discharge,ph,specific_conductance,stage,sulfate,water_temperature",https://waterdata.usgs.gov/monitoring-location/11290000
wqp:CALWR_WQX-B0410500,TUOLUMNE R A TUOLUMNE CITY,wqp,1,wqp:CALWR_WQX-B0410500;wqp:USGS-373612121070000,California Department Of Water Resources,discrete_grab,natural,,discrete,monthly,37.6033,-121.1177,18040009,Upper Tuolumne,180400091403,,,,,False,3,1998-04-06,2015-07-07,2015-07-07,11.2,False,"core,extended_wq","ph,specific_conductance,water_temperature",https://www.waterqualitydata.us/provider/STORET/CALWR_WQX/CALWR_WQX-B0410500/
wqp:CALWR_WQX-B4185010,TUOLUMNE R A TUOLUMNE MDW,wqp,1,wqp:CALWR_WQX-B4185010,California Department Of Water Resources,discrete_grab,natural,,discrete,annual,37.8766,-119.356,18040009,Upper Tuolumne,180400090107,,,Tuolumne River,,False,3,1998-10-29,2014-10-15,2014-10-15,11.9,False,"core,extended_wq","ph,specific_conductance,water_temperature",https://www.waterqualitydata.us/provider/STORET/CALWR_WQX/CALWR_WQX-B4185010/
usgs:USGS-11285500,TUOLUMNE R A WARDS FERRY BR NR GROVELAND CA,usgs,1,usgs:USGS-11285500,U.S. Geological Survey,streamgage,natural,,continuous,sub-daily,37.878333,-120.294722,18040009,Upper Tuolumne,180400091203,,,Tuolumne River,,False,7,2013-12-05,2016-12-21,2016-12-21,9.7,False,"core,extended_wq,water_balance","discharge,dissolved_oxygen,ph,specific_conductance,stage,turbidity,water_temperature",https://waterdata.usgs.gov/monitoring-location/11285500
wqp:USGS-375234119225900,TUOLUMNE R AB BUDD C A TUOLUMNE MEADOWS CA,wqp,1,wqp:USGS-375234119225900,U.S. Geological Survey,discrete_grab,natural,,discrete,unknown,37.876111,-119.383056,18040009,Upper Tuolumne,180400090107,,,Tuolumne River,,False,1,2014-07-07,2014-07-07,2014-07-07,12.2,False,major_ions,hardness,https://www.waterqualitydata.us/provider/USGS/USGS/USGS-375234119225900/
usgs:USGS-11276600,TUOLUMNE R AB EARLY INTAKE NR MATHER CA,"cdec,ceden,usgs,wqp",4,cdec:TAI;ceden:536276600;usgs:USGS-11276600;wqp:CALWR_WQX-B4168000;wqp:CEDEN-536276600,U.S. Geological Survey,streamgage,natural,,continuous,sub-daily,37.879353,-119.947092,18040009,Upper Tuolumne,180400090505,,,Tuolumne River,,False,7,1943-06-01,2026-09-21,2026-09-21,0.0,True,"core,extended_wq,water_balance","chloride,discharge,ph,specific_conductance,stage,total_nitrogen,water_temperature",https://waterdata.usgs.gov/monitoring-location/11276600
usgs:USGS-11288000,TUOLUMNE R AB LA GRANGE DAM NR LA GRANGE CA,"usgs,wqp",2,usgs:USGS-11288000;wqp:USGS-11288000,U.S. Geological Survey,streamgage,natural,,continuous,daily,37.709098,-120.41325,18040009,Upper Tuolumne,180400091206,,,Tuolumne River,,False,2,1862-01-01,1970-10-16,1970-10-16,55.9,False,water_balance,"discharge,stage",https://waterdata.usgs.gov/monitoring-location/11288000
usgs:USGS-11274800,TUOLUMNE R AT HETCH HETCHY NR SEQUOIA CA,usgs,1,usgs:USGS-11274800,U.S. Geological Survey,streamgage,natural,,continuous,daily,37.955476,-119.759343,18040009,Upper Tuolumne,180400090504,,,Tuolumne River,,False,2,1910-10-01,1916-09-29,1916-09-29,110.0,False,water_balance,"discharge,stage",https://waterdata.usgs.gov/monitoring-location/11274800
cdec:TGC,TUOLUMNE R AT THE GRAND CYN OF TUOLUMNE,cdec,1,cdec:TGC,US Geological Survey,continuous_sonde,natural,,continuous,sub-daily,37.916588,-119.659897,18040009,Upper Tuolumne,180400090502,TUOLUMNE RIVER,,Tuolumne River,,False,5,2007-11-28,2026-09-21,2026-09-21,0.0,True,"core,extended_wq,water_balance","discharge,specific_conductance,stage,turbidity,water_temperature",https://cdec.water.ca.gov/dynamicapp/staMeta?station_id=TGC
cdec:TRT,TUOLUMNE R AT TUOLUMNE CITY,"cdec,ceden,wqp",3,cdec:TRT;cdec:TSB;ceden:535STC513;wqp:CEDEN-535STC513;wqp:USGS-11290200,CA Dept of Water Resources/South Central Region Office,continuous_sonde,natural,,continuous,sub-daily,37.60314,-121.13131,18040009,Upper Tuolumne,180400091403,TUOLUMNE RIVER,,Tuolumne River,,False,18,1979-10-09,2026-09-21,2026-09-21,0.0,True,"core,extended_wq,major_ions,water_balance","alkalinity,ammonia,boron,calcium,discharge,dissolved_oxygen,magnesium,organic_carbon,ph,phosphorus,potassium,selenium,sodium,specific_conductance,stage,suspended_solids,total_dissolved_solids,water_temperature",https://cdec.water.ca.gov/dynamicapp/staMeta?station_id=TRT
cdec:TTS,TUOLUMNE R AT TURLOCK LK ST REC CAMPGRD,cdec,1,cdec:TTS,CA Dept of Fish and Wildlife,continuous_sonde,natural,,continuous,sub-daily,37.63153,-120.5829,18040009,Upper Tuolumne,180400091402,TUOLUMNE RIVER,,Tuolumne River,,False,1,2004-07-20,2012-01-10,2012-01-10,14.7,False,core,water_temperature,https://cdec.water.ca.gov/dynamicapp/staMeta?station_id=TTS
cdec:TRW,TUOLUMNE R AT WATERFORD,"cdec,dwr_wdl",2,cdec:TRW;dwr_wdl:B04150,CA Dept of Water Resources/South Central Region Office,continuous_sonde,natural,,continuous,sub-daily,37.6336,-120.76556,18040009,Upper Tuolumne,180400091402,TUOLUMNE RIVER,,Tuolumne River,,False,2,1960-10-01,2026-09-21,2026-09-21,0.0,True,water_balance,"discharge,stage",https://cdec.water.ca.gov/dynamicapp/staMeta?station_id=TRW
usgs:USGS-11276900,TUOLUMNE R BL EARLY INTAKE NR MATHER CA,"cdec,usgs",2,cdec:TBI;usgs:USGS-11276900,U.S. Geological Survey,streamgage,natural,,continuous,sub-daily,37.881575,-119.970148,18040009,Upper Tuolumne,180400091001,,,Tuolumne River,,False,3,1966-10-01,2026-09-21,2026-09-21,0.0,True,"core,water_balance","discharge,stage,water_temperature",https://waterdata.usgs.gov/monitoring-location/11276900
usgs:USGS-11289650,TUOLUMNE R BL LAGRANGE DAM NR LAGRANGE CA,"cdec,usgs,wqp",3,cdec:LGN;usgs:USGS-11289650;wqp:CALWR_WQX-B0418500,U.S. Geological Survey,streamgage,natural,,continuous,sub-daily,37.666297,-120.442102,18040009,Upper Tuolumne,180400091401,,,Tuolumne River,,False,5,1970-10-01,2026-09-21,2026-09-21,0.0,True,"core,extended_wq,water_balance","discharge,ph,specific_conductance,stage,water_temperature",https://waterdata.usgs.gov/monitoring-location/11289650
cdec:TLA,TUOLUMNE R BLW LA GRANGE DAM (CAFG),cdec,1,cdec:TLA,CA Dept of Fish and Wildlife,continuous_sonde,natural,,continuous,sub-daily,37.66942,-120.44377,18040009,Upper Tuolumne,180400091401,TUOLUMNE RIVER,,Tuolumne River,,False,1,2004-07-27,2011-12-23,2011-12-23,14.7,False,core,water_temperature,https://cdec.water.ca.gov/dynamicapp/staMeta?station_id=TLA
cdec:TLS,TUOLUMNE R NEAR LUMSDEN CAMPGROUND,cdec,1,cdec:TLS,CA Dept of Fish and Wildlife,continuous_sonde,natural,,continuous,sub-daily,37.83612,-120.05367,18040009,Upper Tuolumne,180400091004,TUOLUMNE RIVER,,Tuolumne River,,False,1,2005-04-27,2011-08-17,2011-08-17,15.1,False,core,water_temperature,https://cdec.water.ca.gov/dynamicapp/staMeta?station_id=TLS
usgs:USGS-11283000,TUOLUMNE R NR BUCK MEADOWS CA,usgs,1,usgs:USGS-11283000,U.S. Geological Survey,streamgage,natural,,continuous,daily,37.837148,-120.053518,18040009,Upper Tuolumne,180400091004,,,Tuolumne River,,False,2,1907-10-01,1936-09-30,1936-09-30,90.0,False,water_balance,"discharge,stage",https://waterdata.usgs.gov/monitoring-location/11283000
usgs:USGS-11276500,TUOLUMNE R NR HETCH HETCHY CA,"cdec,usgs",2,cdec:TRH;usgs:USGS-11276500,U.S. Geological Survey,streamgage,natural,,continuous,sub-daily,37.937409,-119.7982,18040009,Upper Tuolumne,180400090505,,,Tuolumne River,,False,3,1910-10-01,2026-09-21,2026-09-21,0.0,True,"core,water_balance","discharge,stage,water_temperature",https://waterdata.usgs.gov/monitoring-location/11276500
usgs:USGS-11286000,TUOLUMNE R NR JACKSONVILLE CA,usgs,1,usgs:USGS-11286000,U.S. Geological Survey,streamgage,natural,,discrete,annual,37.84715,-120.362138,18040009,Upper Tuolumne,180400091205,,,,,False,2,1924-05-11,1934-01-01,1934-01-01,92.7,False,water_balance,"discharge,stage",https://waterdata.usgs.gov/monitoring-location/11286000
cdec:TLG,TUOLUMNE R-LA GRANGE DAM,cdec,1,cdec:TLG,Turlock Irrigation District,reservoir,reservoir,,continuous,daily,37.666,-120.441,18040009,Upper Tuolumne,180400091401,TUOLUMNE RIVER,,Tuolumne River,,False,1,1986-04-01,2026-09-21,2026-09-21,0.0,True,water_balance,computed_flow,https://cdec.water.ca.gov/dynamicapp/staMeta?station_id=TLG
cdec:THB,TUOLUMNE RIVER AT HICKMAN BRDG WATERFORD,"cdec,ceden",2,cdec:THB;ceden:535TR5xxx,CA Dept of Fish and Wildlife,continuous_sonde,natural,,continuous,sub-daily,37.63603,-120.75928,18040009,Upper Tuolumne,180400091402,TUOLUMNE RIVER,,Tuolumne River,,False,2,2007-09-10,2014-08-13,2014-08-13,12.1,False,"core,extended_wq","ph,water_temperature",https://cdec.water.ca.gov/dynamicapp/staMeta?station_id=THB
cdec:TMP,TUOLUMNE RIVER AT MERALS POOL,"cdec,ceden",2,cdec:TMP;ceden:536TUO302,San Francisco PUC,continuous_sonde,natural,,continuous,sub-daily,37.83654,-120.05416,18040009,Upper Tuolumne,180400091004,TUOLUMNE RIVER,,Tuolumne River,,False,3,2013-06-17,2026-09-21,2026-09-21,0.0,True,"core,extended_wq,water_balance","discharge,ph,water_temperature",https://cdec.water.ca.gov/dynamicapp/staMeta?station_id=TMP
wqp:USGS-375433119250900,TUOLUMNE RIVER BL CONNESS C NR TUOLUMNE MEADOWS CA,wqp,1,wqp:USGS-375433119250900,U.S. Geological Survey,discrete_grab,natural,,discrete,unknown,37.909703,-119.420697,18040009,Upper Tuolumne,180400090107,,,Tuolumne River,,False,1,2007-10-10,2007-10-10,2007-10-10,18.9,False,extended_wq,phosphorus,https://www.waterqualitydata.us/provider/USGS/USGS/USGS-375433119250900/
cdec:TBS,TUOLUMNE RIVER NEAR BASSO BRIDGE,cdec,1,cdec:TBS,CA Dept of Fish and Wildlife,continuous_sonde,natural,,continuous,sub-daily,37.65067,-120.49465,18040009,Upper Tuolumne,180400091401,TUOLUMNE RIVER,,Tuolumne River,,False,1,2004-09-14,2007-05-22,2007-05-22,19.3,False,core,water_temperature,https://cdec.water.ca.gov/dynamicapp/staMeta?station_id=TBS
cdec:TCB,TUOLUMNE RIVER NEAR CARPENTER RD BRIDGE,"cdec,wqp",2,cdec:TCB;wqp:USGS-373632121014701,CA Dept of Fish and Wildlife,continuous_sonde,natural,,continuous,sub-daily,37.6098,-121.0319,18040009,Upper Tuolumne,180400091403,TUOLUMNE RIVER,,Tuolumne River,,False,1,2007-09-10,2011-02-08,2011-02-08,15.6,False,core,water_temperature,https://cdec.water.ca.gov/dynamicapp/staMeta?station_id=TCB
cdec:TSF,TUOLUMNE RIVER NEAR SANTE FE BRIDGE,cdec,1,cdec:TSF,CA Dept of Fish and Wildlife,continuous_sonde,natural,,continuous,sub-daily,37.62291,-120.89874,18040009,Upper Tuolumne,180400091402,TUOLUMNE RIVER,,Tuolumne River,,False,1,2007-09-10,2011-09-13,2011-09-13,15.0,False,core,water_temperature,https://cdec.water.ca.gov/dynamicapp/staMeta?station_id=TSF
usgs:USGS-11289500,TURLOCK CN NR LA GRANGE CA,usgs,1,usgs:USGS-11289500,U.S. Geological Survey,streamgage,conveyance,diversion,continuous,sub-daily,37.665742,-120.440991,18040009,Upper Tuolumne,180400091401,,,Tuolumne River,,False,1,1899-07-01,2026-08-20,2026-08-20,0.1,True,water_balance,discharge,https://waterdata.usgs.gov/monitoring-location/11289500
wqp:11NPSWRD_WQX-YOSE_Y011-OUT,Table Lake Outlet,wqp,1,wqp:11NPSWRD_WQX-YOSE_Y011-OUT,National Park Service Water Resources Division,discrete_grab,reservoir,,discrete,irregular,37.9826,-119.564,18040009,Upper Tuolumne,180400090501,,,,,False,13,2009-08-19,2014-09-30,2014-09-30,12.0,False,"core,extended_wq,major_ions","calcium,chloride,dissolved_oxygen,dissolved_oxygen_saturation,magnesium,nitrate,ph,potassium,sodium,specific_conductance,sulfate,total_nitrogen,water_temperature",https://www.waterqualitydata.us/provider/STORET/11NPSWRD_WQX/11NPSWRD_WQX-YOSE_Y011-OUT/
wqp:11NPSWRD_WQX-YOSE_Y003-OUT,Ten Lakes Outlet,wqp,1,wqp:11NPSWRD_WQX-YOSE_Y003-OUT,National Park Service Water Resources Division,discrete_grab,reservoir,,discrete,annual,37.9024,-119.53,18040009,Upper Tuolumne,180400090107,,,,,False,13,2008-09-18,2015-08-31,2015-08-31,11.1,False,"core,extended_wq,major_ions","calcium,chloride,dissolved_oxygen,dissolved_oxygen_saturation,magnesium,nitrate,ph,potassium,sodium,specific_conductance,sulfate,total_nitrogen,water_temperature",https://www.waterqualitydata.us/provider/STORET/11NPSWRD_WQX/11NPSWRD_WQX-YOSE_Y003-OUT/
wqp:TMTC_WQX-THOMAS_POND,ThomasPondBehindFireStation,wqp,1,wqp:TMTC_WQX-THOMAS_POND,Tuolumne Band of Me-Wuk Indians of the Tuolumne Rancheria of California (Tribal),reservoir,reservoir,,discrete,monthly,37.97167,-120.2453,18040009,Upper Tuolumne,180400091003,,,,,False,2,2015-03-24,2015-05-20,2015-05-20,11.3,False,"core,extended_wq","phosphorus,water_temperature",https://www.waterqualitydata.us/provider/STORET/TMTC_WQX/TMTC_WQX-THOMAS_POND/
wqp:11NPSWRD_WQX-YOSE_Y005-OUT,Tilden Outlet,wqp,1,wqp:11NPSWRD_WQX-YOSE_Y005-OUT,National Park Service Water Resources Division,discrete_grab,unknown,,discrete,irregular,38.094,-119.619,18040009,Upper Tuolumne,180400090503,,,,,False,13,2008-08-19,2012-08-14,2012-08-14,14.1,False,"core,extended_wq,major_ions","calcium,chloride,dissolved_oxygen,dissolved_oxygen_saturation,magnesium,nitrate,ph,potassium,sodium,specific_conductance,sulfate,total_nitrogen,water_temperature",https://www.waterqualitydata.us/provider/STORET/11NPSWRD_WQX/11NPSWRD_WQX-YOSE_Y005-OUT/
ceden:536TRBNFT,"Tributary to Tuolumne River, NF",ceden,1,ceden:536TRBNFT,CEDEN contributing programs,discrete_grab,natural,,discrete,unknown,38.049505,-120.132685,18040009,Upper Tuolumne,180400090901,,,,,False,4,2025-05-13,2025-05-13,2025-05-13,1.4,True,"core,extended_wq,major_ions","chloride,ph,sulfate,water_temperature",https://ceden.waterboards.ca.gov/AdvancedQueryTool
wqp:CEDEN-536TRC119,Trout Creek ~2.8mi above Clavey River,"ceden,wqp",2,ceden:536TRC119;wqp:CEDEN-536TRC119,California State Water Resources Control Board,discrete_grab,natural,,discrete,annual,38.1158,-120.004,18040009,Upper Tuolumne,180400090801,,,,,False,8,2013-06-18,2023-08-01,2023-08-01,3.1,False,"core,extended_wq,major_ions","chloride,organic_carbon,ph,phosphorus,sulfate,suspended_solids,total_nitrogen,water_temperature",https://www.waterqualitydata.us/provider/STORET/CEDEN/CEDEN-536TRC119/
ceden:536TRT476,Trout Creek ~4 km above Clavey River,ceden,1,ceden:536TRT476,CEDEN contributing programs,discrete_grab,natural,,discrete,unknown,38.113876,-120.003312,18040009,Upper Tuolumne,180400090801,,,,,False,4,2024-07-15,2024-07-15,2024-07-15,2.2,True,"core,extended_wq,major_ions","chloride,ph,sulfate,water_temperature",https://ceden.waterboards.ca.gov/AdvancedQueryTool
wqp:CEDEN-535STC214,Tuolumne @ 7th Street,"ceden,wqp",2,ceden:535STC214;wqp:CEDEN-535STC214,California State Water Resources Control Board,discrete_grab,unknown,,discrete,monthly,37.6264,-120.994,18040009,Upper Tuolumne,180400091403,,,Tuolumne River,,False,7,2003-03-05,2014-01-02,2014-01-02,12.7,False,"core,extended_wq,major_ions","boron,calcium,magnesium,organic_carbon,ph,suspended_solids,water_temperature",https://www.waterqualitydata.us/provider/STORET/CEDEN/CEDEN-535STC214/
wqp:CEDEN-536SED108,Tuolumne R (Middle Fk) 108,"ceden,wqp",2,ceden:536SED108;wqp:CEDEN-536SED108,California State Water Resources Control Board,discrete_grab,natural,,discrete,irregular,37.8687,-119.904,18040009,Upper Tuolumne,180400090602,,,,,False,8,2011-09-21,2021-09-27,2021-09-27,5.0,False,"core,extended_wq,major_ions","chloride,organic_carbon,ph,phosphorus,sulfate,suspended_solids,total_nitrogen,water_temperature",https://www.waterqualitydata.us/provider/STORET/CEDEN/CEDEN-536SED108/
wqp:CEDEN-535STC210,Tuolumne R. @ Old LaGrange Bridge,"ceden,wqp",2,ceden:535STC210;wqp:CEDEN-535STC210,California State Water Resources Control Board,discrete_grab,natural,,discrete,monthly,37.6667,-120.467,18040009,Upper Tuolumne,180400091401,,,Tuolumne River,,False,11,2003-01-21,2017-06-27,2017-06-27,9.2,False,"core,extended_wq,major_ions","alkalinity,ammonia,boron,calcium,dissolved_oxygen,magnesium,organic_carbon,ph,specific_conductance,suspended_solids,water_temperature",https://www.waterqualitydata.us/provider/STORET/CEDEN/CEDEN-535STC210/
wqp:NARS_WQX-CAR9-0910,Tuolumne River,wqp,1,wqp:NARS_WQX-CAR9-0910;wqp:NARS_WQX-FW08CA061,EPA National Aquatic Resources Survey (NARS),discrete_grab,natural,,discrete,unknown,37.596376,-121.128761,18040009,Upper Tuolumne,180400091403,,,Tuolumne River,,False,16,2008-09-12,2014-06-17,2014-06-17,12.3,False,"core,extended_wq,major_ions","ammonia,calcium,chloride,chlorophyll_a,dissolved_oxygen,magnesium,nitrate,organic_carbon,ph,potassium,sodium,specific_conductance,sulfate,suspended_solids,turbidity,water_temperature",https://www.waterqualitydata.us/provider/STORET/NARS_WQX/NARS_WQX-CAR9-0910/
wqp:NARS_WQX-CARO-1051,Tuolumne River,wqp,1,wqp:NARS_WQX-CARO-1051,EPA National Aquatic Resources Survey (NARS),discrete_grab,natural,,discrete,unknown,37.58872,-121.0651,18040009,Upper Tuolumne,180400091403,,,Tuolumne River,,False,16,2014-06-25,2014-06-25,2014-06-25,12.2,False,"core,extended_wq,major_ions","ammonia,calcium,chloride,chlorophyll_a,dissolved_oxygen,magnesium,nitrate,organic_carbon,ph,potassium,sodium,specific_conductance,sulfate,suspended_solids,turbidity,water_temperature",https://www.waterqualitydata.us/provider/STORET/NARS_WQX/NARS_WQX-CARO-1051/
ceden:535CR0910,Tuolumne River -0910,ceden,1,ceden:535CR0910,CEDEN contributing programs,discrete_grab,natural,,discrete,unknown,37.591,-121.1292,18040009,Upper Tuolumne,180400091403,,,Tuolumne River,,False,3,2014-06-18,2014-06-18,2014-06-18,12.3,False,"core,extended_wq,major_ions","chloride,ph,sulfate",https://ceden.waterboards.ca.gov/AdvancedQueryTool
ceden:535CR1051,Tuolumne River -1051,ceden,1,ceden:535CR1051,CEDEN contributing programs,discrete_grab,natural,,discrete,unknown,37.5929,-121.061,18040009,Upper Tuolumne,180400091403,,,Tuolumne River,,False,3,2014-06-25,2014-06-25,2014-06-25,12.2,False,"core,extended_wq,major_ions","chloride,ph,sulfate",https://ceden.waterboards.ca.gov/AdvancedQueryTool
wqp:CEDEN-535STC207,Tuolumne River @ 9th St Bridge (River Rd.),"ceden,wqp",2,ceden:535STC207;wqp:CEDEN-535STC207,California State Water Resources Control Board,discrete_grab,natural,,discrete,irregular,37.6264,-120.99,18040009,Upper Tuolumne,180400091403,,,Tuolumne River,,False,7,2003-01-23,2014-01-02,2014-01-02,12.7,False,"core,extended_wq,major_ions","boron,calcium,magnesium,organic_carbon,ph,suspended_solids,water_temperature",https://www.waterqualitydata.us/provider/STORET/CEDEN/CEDEN-535STC207/
wqp:CEDEN-535STC215,Tuolumne River @ Audie Peeples (Riverdale) Fishing Access,"ceden,wqp",2,ceden:535STC215;wqp:CEDEN-535STC215,California State Water Resources Control Board,discrete_grab,natural,,discrete,weekly,37.6128,-121.039,18040009,Upper Tuolumne,180400091403,,,Tuolumne River,,False,7,2003-05-06,2014-08-13,2014-08-13,12.1,False,"core,extended_wq,major_ions","boron,calcium,magnesium,organic_carbon,ph,suspended_solids,water_temperature",https://www.waterqualitydata.us/provider/STORET/CEDEN/CEDEN-535STC215/
ceden:536TUO204,Tuolumne River @ Hwy 49/River Rd,ceden,1,ceden:536TUO204,CEDEN contributing programs,discrete_grab,natural,,discrete,unknown,37.848611,-120.338889,18040009,Upper Tuolumne,180400091203,,,Tuolumne River,,False,2,2003-02-04,2003-02-04,2003-02-04,23.6,False,"core,extended_wq","ph,water_temperature",https://ceden.waterboards.ca.gov/AdvancedQueryTool
wqp:CEDEN-535STC216,Tuolumne River @ Legion Park,"ceden,wqp",2,ceden:535STC216;wqp:CEDEN-535STC216,California State Water Resources Control Board,discrete_grab,natural,,discrete,monthly,37.6211,-120.949,18040009,Upper Tuolumne,180400091402,,,Tuolumne River,,False,7,2003-05-21,2014-08-13,2014-08-13,12.1,False,"core,extended_wq,major_ions","boron,calcium,magnesium,organic_carbon,ph,suspended_solids,water_temperature",https://www.waterqualitydata.us/provider/STORET/CEDEN/CEDEN-535STC216/
wqp:CEDEN-535STC205,Tuolumne River @ Mancini Park,"ceden,wqp",2,ceden:535STC205;wqp:CEDEN-535STC205,California State Water Resources Control Board,discrete_grab,natural,,discrete,monthly,37.6236,-120.978,18040009,Upper Tuolumne,180400091402,,,Tuolumne River,,False,6,2003-01-23,2003-05-06,2003-05-06,23.4,False,"core,extended_wq,major_ions","boron,calcium,magnesium,organic_carbon,ph,water_temperature",https://www.waterqualitydata.us/provider/STORET/CEDEN/CEDEN-535STC205/
ceden:Tuolumne-Down,Tuolumne River Downstream,ceden,1,ceden:Tuolumne-Down,CEDEN contributing programs,discrete_grab,natural,,discrete,quarterly,37.60909,-121.03052,18040009,Upper Tuolumne,180400091403,,,Tuolumne River,,False,1,2019-01-17,2024-04-13,2024-04-13,2.4,True,extended_wq,selenium,https://ceden.waterboards.ca.gov/AdvancedQueryTool
wqp:CEDEN-536WE0742,Tuolumne River North Fork ~ 3 miles below Pinecrest Lake campground,"ceden,wqp",2,ceden:536WE0742;wqp:CEDEN-536WE0742,California State Water Resources Control Board,discrete_grab,natural,,discrete,unknown,38.1654,-120.035,18040009,Upper Tuolumne,180400090901,,,,,False,14,2001-08-21,2001-08-21,2001-08-21,25.1,False,"core,extended_wq,major_ions","ammonia,calcium,chloride,magnesium,organic_carbon,ph,phosphorus,potassium,selenium,sodium,sulfate,suspended_solids,total_nitrogen,water_temperature",https://www.waterqualitydata.us/provider/STORET/CEDEN/CEDEN-536WE0742/
ceden:Tuolumne-Up,Tuolumne River Upstream,ceden,1,ceden:Tuolumne-Up,CEDEN contributing programs,discrete_grab,natural,,discrete,annual,37.61748,-120.93859,18040009,Upper Tuolumne,180400091402,,,Tuolumne River,,False,1,2019-01-15,2023-02-23,2023-02-23,3.6,False,extended_wq,selenium,https://ceden.waterboards.ca.gov/AdvancedQueryTool
ceden:535STC217,Tuolumne River at Ceres River Bluff Park,ceden,1,ceden:535STC217,CEDEN contributing programs,discrete_grab,natural,,discrete,quarterly,37.615642,-120.927007,18040009,Upper Tuolumne,180400091402,,,Tuolumne River,,False,2,2010-08-30,2014-08-13,2014-08-13,12.1,False,"core,extended_wq","ph,water_temperature",https://ceden.waterboards.ca.gov/AdvancedQueryTool
ceden:535STC218,Tuolumne River at Fox Grove,ceden,1,ceden:535STC218,CEDEN contributing programs,discrete_grab,natural,,discrete,quarterly,37.619165,-120.842736,18040009,Upper Tuolumne,180400091402,,,Tuolumne River,,False,2,2010-08-30,2014-08-13,2014-08-13,12.1,False,"core,extended_wq","ph,water_temperature",https://ceden.waterboards.ca.gov/AdvancedQueryTool
dwr_wdl:B04105,Tuolumne River at Tuolumne City,dwr_wdl,1,dwr_wdl:B04105,California Department of Water Resources,continuous_sonde,natural,,continuous,sub-daily,37.627153,-120.987434,18040009,Upper Tuolumne,180400091403,,NAD83,Tuolumne River,,False,2,1960-10-01,2026-08-14,2026-08-14,0.1,True,water_balance,"discharge,stage",https://wdl.water.ca.gov/WaterDataLibrary/StationDetails.aspx?Station=B04105
ceden:536TMRBDC,Tuolumne River ~0.6mi below Delaney Cr.,ceden,1,ceden:536TMRBDC,CEDEN contributing programs,discrete_grab,natural,,discrete,unknown,37.887122,-119.389221,18040009,Upper Tuolumne,180400090107,,,Tuolumne River,,False,4,2022-08-31,2022-08-31,2022-08-31,4.1,False,"core,extended_wq,major_ions","chloride,ph,sulfate,water_temperature",https://ceden.waterboards.ca.gov/AdvancedQueryTool
wqp:CEDEN-535PS0265,Tuolumne River ~4mi above Hickman Rd.,"ceden,wqp",2,ceden:535PS0265;wqp:CEDEN-535PS0265,California State Water Resources Control Board,discrete_grab,natural,,discrete,unknown,37.6445,-120.69,18040009,Upper Tuolumne,180400091402,,,Tuolumne River,,False,8,2009-08-20,2009-08-20,2009-08-20,17.1,False,"core,extended_wq,major_ions","chloride,organic_carbon,ph,phosphorus,sulfate,suspended_solids,total_nitrogen,water_temperature",https://www.waterqualitydata.us/provider/STORET/CEDEN/CEDEN-535PS0265/
ceden:536TMR003,"Tuolumne River, NF ~0.6mi below Basin Cr.",ceden,1,ceden:536TMR003,CEDEN contributing programs,discrete_grab,natural,,discrete,annual,37.9944,-120.1926,18040009,Upper Tuolumne,180400090902,,,,,False,4,2010-08-04,2022-08-03,2022-08-03,4.1,False,"core,extended_wq,major_ions","chloride,ph,sulfate,water_temperature",https://ceden.waterboards.ca.gov/AdvancedQueryTool
wqp:CEDEN-536STR127,"Tuolumne River, SF ~1.8mi below Big Cr.","ceden,wqp",2,ceden:536STR127;wqp:CEDEN-536STR127,California State Water Resources Control Board,discrete_grab,natural,,discrete,annual,37.8092,-119.963,18040009,Upper Tuolumne,180400090702,,,,,False,9,2012-08-19,2013-06-17,2013-06-17,13.3,False,"core,extended_wq,major_ions","ammonia,chloride,organic_carbon,ph,phosphorus,sulfate,suspended_solids,total_nitrogen,water_temperature",https://www.waterqualitydata.us/provider/STORET/CEDEN/CEDEN-536STR127/
wqp:TMTC_WQX-TURN-02,TurnbackCreek_UpstreamBearConfluence,wqp,1,wqp:TMTC_WQX-TURN-02,Tuolumne Band of Me-Wuk Indians of the Tuolumne Rancheria of California (Tribal),discrete_grab,natural,,discrete,quarterly,37.97653,-120.2348,18040009,Upper Tuolumne,180400091003,,,,,False,4,2015-01-15,2015-05-20,2015-05-20,11.3,False,"core,extended_wq","ph,phosphorus,specific_conductance,turbidity",https://www.waterqualitydata.us/provider/STORET/TMTC_WQX/TMTC_WQX-TURN-02/
wqp:TMTC_WQX-TURN-03,TurnbackCreek_UpstreamN.TuolumneRoadBridge,wqp,1,wqp:TMTC_WQX-TURN-03,Tuolumne Band of Me-Wuk Indians of the Tuolumne Rancheria of California (Tribal),discrete_grab,natural,,discrete,monthly,37.97424,-120.2381,18040009,Upper Tuolumne,180400091003,,,,,False,4,2015-02-10,2015-05-20,2015-05-20,11.3,False,"core,extended_wq","dissolved_oxygen,specific_conductance,total_nitrogen,water_temperature",https://www.waterqualitydata.us/provider/STORET/TMTC_WQX/TMTC_WQX-TURN-03/
wqp:TMTC_WQX-TURN-06,TurnbackCreek_UpstreamTuolumneRoadBridge,wqp,1,wqp:TMTC_WQX-TURN-06,Tuolumne Band of Me-Wuk Indians of the Tuolumne Rancheria of California (Tribal),discrete_grab,natural,,discrete,unknown,37.97012,-120.2382,18040009,Upper Tuolumne,180400091003,,,,,False,2,2015-01-15,2015-05-20,2015-05-20,11.3,False,"core,extended_wq","specific_conductance,turbidity",https://www.waterqualitydata.us/provider/STORET/TMTC_WQX/TMTC_WQX-TURN-06/
ceden:536TUO212,Twain Harte Lake - Dam,ceden,1,ceden:536TUO212,CEDEN contributing programs,discrete_grab,reservoir,,discrete,unknown,38.02845,-120.24362,18040009,Upper Tuolumne,180400091102,,,,,False,1,2007-09-05,2007-09-05,2007-09-05,19.0,False,core,water_temperature,https://ceden.waterboards.ca.gov/AdvancedQueryTool
ceden:536TUO210,Twain Harte Lake - Lakeview Drive,ceden,1,ceden:536TUO210,CEDEN contributing programs,discrete_grab,reservoir,,discrete,unknown,38.029958,-120.24066,18040009,Upper Tuolumne,180400091102,,,,,False,1,2007-09-05,2007-09-05,2007-09-05,19.0,False,core,water_temperature,https://ceden.waterboards.ca.gov/AdvancedQueryTool
ceden:536TUO211,Twain Harte Lake - Mono Drive,ceden,1,ceden:536TUO211,CEDEN contributing programs,discrete_grab,reservoir,,discrete,monthly,38.028808,-120.241928,18040009,Upper Tuolumne,180400091102,,,,,False,2,2007-09-05,2013-09-23,2013-09-23,13.0,False,"core,extended_wq","ph,water_temperature",https://ceden.waterboards.ca.gov/AdvancedQueryTool
cdec:UCC,UPPER CHERRY CK,cdec,1,cdec:UCC,San Francisco County,continuous_sonde,natural,,continuous,sub-daily,38.031331,-119.901417,18040009,Upper Tuolumne,180400090404,TUOLUMNE RIVER,,,,False,3,2013-08-23,2026-09-21,2026-09-21,0.0,True,"core,water_balance","discharge,stage,water_temperature",https://cdec.water.ca.gov/dynamicapp/staMeta?station_id=UCC
ceden:536CE0330,Unnamed Spring above Camp 24 site,ceden,1,ceden:536CE0330,CEDEN contributing programs,discrete_grab,unknown,,discrete,unknown,38.037778,-120.089722,18040009,Upper Tuolumne,180400090803,,,,,False,2,2007-06-27,2007-06-27,2007-06-27,19.2,False,"core,extended_wq","ph,water_temperature",https://ceden.waterboards.ca.gov/AdvancedQueryTool
wqp:11NPSWRD_WQX-YOSE_Y013-OUT,Upper Falls Creek Outlet,wqp,1,wqp:11NPSWRD_WQX-YOSE_Y013-OUT,National Park Service Water Resources Division,discrete_grab,natural,,discrete,irregular,38.0193,-119.708,18040009,Upper Tuolumne,180400090503,,,,,False,12,2009-10-06,2014-09-22,2014-09-22,12.0,False,"core,extended_wq,major_ions","calcium,chloride,dissolved_oxygen,magnesium,nitrate,ph,potassium,sodium,specific_conductance,sulfate,total_nitrogen,water_temperature",https://www.waterqualitydata.us/provider/STORET/11NPSWRD_WQX/11NPSWRD_WQX-YOSE_Y013-OUT/
wqp:11NPSWRD_WQX-YOSE_Y002-OUT,Upper Granite Outlet,wqp,1,wqp:11NPSWRD_WQX-YOSE_Y002-OUT,National Park Service Water Resources Division,discrete_grab,unknown,,discrete,monthly,37.9249,-119.277,18040009,Upper Tuolumne,180400090102,,,,,False,13,2008-09-15,2015-09-02,2015-09-02,11.1,False,"core,extended_wq,major_ions","calcium,chloride,dissolved_oxygen,dissolved_oxygen_saturation,magnesium,nitrate,ph,potassium,sodium,specific_conductance,sulfate,total_nitrogen,water_temperature",https://www.waterqualitydata.us/provider/STORET/11NPSWRD_WQX/11NPSWRD_WQX-YOSE_Y002-OUT/
wqp:11NPSWRD_WQX-YOSE_Y017-OUT,Upper Helen Lake Outlet,wqp,1,wqp:11NPSWRD_WQX-YOSE_Y017-OUT,National Park Service Water Resources Division,discrete_grab,reservoir,,discrete,irregular,37.8324,-119.238,18040009,Upper Tuolumne,180400090102,,,,,False,12,2010-09-22,2015-08-15,2015-08-15,11.1,False,"core,extended_wq,major_ions","calcium,chloride,dissolved_oxygen,magnesium,nitrate,ph,potassium,sodium,specific_conductance,sulfate,total_nitrogen,water_temperature",https://www.waterqualitydata.us/provider/STORET/11NPSWRD_WQX/11NPSWRD_WQX-YOSE_Y017-OUT/
wqp:11NPSWRD_WQX-YOSE_Y027-OUT,Upper Mattie Lake,wqp,1,wqp:11NPSWRD_WQX-YOSE_Y027-OUT,National Park Service Water Resources Division,discrete_grab,reservoir,,discrete,unknown,37.9433,-119.43,18040009,Upper Tuolumne,180400090107,,,,,False,12,2011-08-25,2011-08-25,2011-08-25,15.1,False,"core,extended_wq,major_ions","calcium,chloride,dissolved_oxygen,magnesium,nitrate,ph,potassium,sodium,specific_conductance,sulfate,total_nitrogen,water_temperature",https://www.waterqualitydata.us/provider/STORET/11NPSWRD_WQX/11NPSWRD_WQX-YOSE_Y027-OUT/
wqp:11NPSWRD_WQX-YOSE_Y021-OUT,Upper Stubblefield Lake,wqp,1,wqp:11NPSWRD_WQX-YOSE_Y021-OUT,National Park Service Water Resources Division,discrete_grab,reservoir,,discrete,irregular,38.1146,-119.548,18040009,Upper Tuolumne,180400090201,,,,,False,12,2010-08-17,2015-08-27,2015-08-27,11.1,False,"core,extended_wq,major_ions","calcium,chloride,dissolved_oxygen_saturation,magnesium,nitrate,ph,potassium,sodium,specific_conductance,sulfate,total_nitrogen,water_temperature",https://www.waterqualitydata.us/provider/STORET/11NPSWRD_WQX/11NPSWRD_WQX-YOSE_Y021-OUT/
wqp:11NPSWRD_WQX-YOSE_Y030-OUT,Upper Ten Lakes,wqp,1,wqp:11NPSWRD_WQX-YOSE_Y030-OUT,National Park Service Water Resources Division,discrete_grab,reservoir,,discrete,unknown,37.8944,-119.522,18040009,Upper Tuolumne,180400090107,,,,,False,12,2012-08-21,2012-08-21,2012-08-21,14.1,False,"core,extended_wq,major_ions","calcium,chloride,dissolved_oxygen,magnesium,nitrate,ph,potassium,sodium,specific_conductance,sulfate,total_nitrogen,water_temperature",https://www.waterqualitydata.us/provider/STORET/11NPSWRD_WQX/11NPSWRD_WQX-YOSE_Y030-OUT/
wqp:USGS-373841120504801,WET DRY SAMPLER 2 A MID GAGE ALBERS RD NR TURLOCK,wqp,1,wqp:USGS-373841120504801,U.S. Geological Survey,discrete_grab,unknown,,discrete,unknown,37.644653,-120.847708,18040009,Upper Tuolumne,180400091308,,,,,False,2,2002-12-09,2002-12-09,2002-12-09,23.8,False,extended_wq,"ammonia,phosphorus",https://www.waterqualitydata.us/provider/USGS/USGS/USGS-373841120504801/
wqp:CALWR_WQX-B4124150,WOODS C A JACK PAGE RD AB SONORA,wqp,1,wqp:CALWR_WQX-B4124150,California Department Of Water Resources,discrete_grab,natural,,discrete,irregular,38.0041,-120.3841,18040009,Upper Tuolumne,180400091103,,,,,False,3,2001-04-23,2011-08-11,2011-08-11,15.1,False,"core,extended_wq","ph,specific_conductance,water_temperature",https://www.waterqualitydata.us/provider/STORET/CALWR_WQX/CALWR_WQX-B4124150/
wqp:CALWR_WQX-B4123250,WOODS C A SLATE C,wqp,1,wqp:CALWR_WQX-B4123250,California Department Of Water Resources,discrete_grab,natural,,discrete,irregular,37.8971,-120.4344,18040009,Upper Tuolumne,180400091103,,,,,False,3,2001-04-23,2011-08-11,2011-08-11,15.1,False,"core,extended_wq","ph,specific_conductance,water_temperature",https://www.waterqualitydata.us/provider/STORET/CALWR_WQX/CALWR_WQX-B4123250/
wqp:CALWR_WQX-B4123550,WOODS C BL JAMESTOWN STP,wqp,1,wqp:CALWR_WQX-B4123550,California Department Of Water Resources,discrete_grab,natural,,discrete,irregular,37.9394,-120.4321,18040009,Upper Tuolumne,180400091103,,,,,False,3,2001-04-23,2011-08-11,2011-08-11,15.1,False,"core,extended_wq","ph,specific_conductance,water_temperature",https://www.waterqualitydata.us/provider/STORET/CALWR_WQX/CALWR_WQX-B4123550/
usgs:USGS-11286500,WOODS C NR JACKSONVILLE CA,usgs,1,usgs:USGS-11286500,U.S. Geological Survey,streamgage,natural,,continuous,daily,37.858261,-120.396861,18040009,Upper Tuolumne,180400091103,,,,,False,2,1925-02-05,1968-09-29,1968-09-29,58.0,False,water_balance,"discharge,stage",https://waterdata.usgs.gov/monitoring-location/11286500
wqp:CEDEN-535MIDWFS,Waterford L.M. Spill,"ceden,wqp",2,ceden:535MIDWFS;wqp:CEDEN-535MIDWFS,California State Water Resources Control Board,discrete_grab,conveyance,return,discrete,quarterly,37.6305,-120.776,18040009,Upper Tuolumne,180400091402,,,Tuolumne River,,False,7,2004-07-06,2009-01-25,2009-01-25,17.7,False,"core,extended_wq,major_ions","organic_carbon,ph,phosphorus,potassium,total_dissolved_solids,total_nitrogen,water_temperature",https://www.waterqualitydata.us/provider/STORET/CEDEN/CEDEN-535MIDWFS/
ceden:536TUO205,Woods Creek @ Hwy 108,ceden,1,ceden:536TUO205,CEDEN contributing programs,discrete_grab,natural,,discrete,irregular,37.964444,-120.393611,18040009,Upper Tuolumne,180400091103,,,,,False,2,2003-02-18,2010-09-23,2010-09-23,16.0,False,"core,extended_wq","ph,water_temperature",https://ceden.waterboards.ca.gov/AdvancedQueryTool
wqp:CEDEN-536TUO202,Woods Creek @ Mill Villa Dr,"ceden,wqp",2,ceden:536TUO202;wqp:CEDEN-536TUO202,California State Water Resources Control Board,discrete_grab,natural,,discrete,monthly,37.9625,-120.399,18040009,Upper Tuolumne,180400091103,,,,,False,7,2003-01-21,2010-09-23,2010-09-23,16.0,False,"core,extended_wq,major_ions","boron,calcium,magnesium,organic_carbon,ph,suspended_solids,water_temperature",https://www.waterqualitydata.us/provider/STORET/CEDEN/CEDEN-536TUO202/
wqp:CEDEN-536TUO208,Woods Creek @ Mother load Fairgrounds,"ceden,wqp",2,ceden:536TUO208;wqp:CEDEN-536TUO208,California State Water Resources Control Board,discrete_grab,natural,,discrete,monthly,37.9778,-120.39,18040009,Upper Tuolumne,180400091103,,,,,False,7,2003-03-19,2010-09-23,2010-09-23,16.0,False,"core,extended_wq,major_ions","boron,calcium,magnesium,organic_carbon,ph,suspended_solids,water_temperature",https://www.waterqualitydata.us/provider/STORET/CEDEN/CEDEN-536TUO208/
ceden:536CE0506,Woods Creek Below Hwy 49,ceden,1,ceden:536CE0506,CEDEN contributing programs,discrete_grab,natural,,discrete,unknown,37.954167,-120.424167,18040009,Upper Tuolumne,180400091103,,,,,False,2,2004-06-01,2004-06-01,2004-06-01,22.3,False,"core,extended_wq","ph,water_temperature",https://ceden.waterboards.ca.gov/AdvancedQueryTool
wqp:USGS-374320121010101,002S009E31A001M,wqp,1,wqp:USGS-374320121010101,U.S. Geological Survey,groundwater_well,groundwater,,discrete,unknown,37.722361,-121.017139,18040010,Upper Stanislaus,180400100706,,,,,False,2,2001-10-25,2014-07-09,2014-07-09,12.2,False,"core,extended_wq","selenium,specific_conductance",https://www.waterqualitydata.us/provider/USGS/USGS/USGS-374320121010101/
wqp:USGS-374526120475501,002S011E18Q001M,wqp,1,wqp:USGS-374526120475501,U.S. Geological Survey,groundwater_well,groundwater,,discrete,unknown,37.757111,-120.799278,18040010,Upper Stanislaus,180400100703,,,,,False,1,2016-02-08,2016-02-08,2016-02-08,10.6,False,extended_wq,nitrate,https://www.waterqualitydata.us/provider/USGS/USGS/USGS-374526120475501/
wqp:USGS-374043121100301,003S007E14B001M,wqp,1,wqp:USGS-374043121100301,U.S. Geological Survey,groundwater_well,groundwater,,discrete,unknown,37.678647,-121.169592,18040010,Upper Stanislaus,180400100704,,,,,False,1,2002-07-10,2002-07-10,2002-07-10,24.2,False,extended_wq,turbidity,https://www.waterqualitydata.us/provider/USGS/USGS/USGS-374043121100301/
wqp:USGS-374210121064001,003S008E05K001M,wqp,1,wqp:USGS-374210121064001,U.S. Geological Survey,groundwater_well,groundwater,,discrete,unknown,37.702847,-121.109844,18040010,Upper Stanislaus,180400100704,,,,,False,1,2014-07-08,2014-07-08,2014-07-08,12.2,False,major_ions,sulfate,https://www.waterqualitydata.us/provider/USGS/USGS/USGS-374210121064001/
wqp:USGS-373934121045001,003S008E22L001M,wqp,1,wqp:USGS-373934121045001,U.S. Geological Survey,groundwater_well,groundwater,,discrete,unknown,37.659444,-121.080583,18040010,Upper Stanislaus,180400100705,,,,,False,1,2020-09-24,2020-09-24,2020-09-24,6.0,False,extended_wq,ph,https://www.waterqualitydata.us/provider/USGS/USGS/USGS-373934121045001/
wqp:USGS-374148120581601,003S009E03N002M,wqp,1,wqp:USGS-374148120581601,U.S. Geological Survey,groundwater_well,groundwater,,discrete,unknown,37.696583,-120.97175,18040010,Upper Stanislaus,180400100704,,,,,False,3,2004-08-26,2015-08-04,2015-08-04,11.1,False,"core,major_ions","magnesium,specific_conductance,total_dissolved_solids",https://www.waterqualitydata.us/provider/USGS/USGS/USGS-374148120581601/
wqp:USGS-374221120585901,003S009E04G003M,wqp,1,wqp:USGS-374221120585901,U.S. Geological Survey,groundwater_well,groundwater,,discrete,unknown,37.705972,-120.98325,18040010,Upper Stanislaus,180400100704,,,,,False,2,2004-06-07,2004-11-08,2004-11-08,21.9,False,"extended_wq,major_ions","phosphorus,sulfate",https://www.waterqualitydata.us/provider/USGS/USGS/USGS-374221120585901/
wqp:USGS-374133120595001,003S009E08H003M,wqp,1,wqp:USGS-374133120595001,U.S. Geological Survey,groundwater_well,groundwater,,discrete,unknown,37.692611,-120.997333,18040010,Upper Stanislaus,180400100704,,,,,False,1,2004-11-01,2004-11-01,2004-11-01,21.9,False,major_ions,sulfate,https://www.waterqualitydata.us/provider/USGS/USGS/USGS-374133120595001/
wqp:USGS-374109121000101,003S009E08K001M,wqp,1,wqp:USGS-374109121000101;wqp:USGS-374110121000302,U.S. Geological Survey,groundwater_well,groundwater,,discrete,unknown,37.685694,-121.001333,18040010,Upper Stanislaus,180400100704,,,,,False,4,2002-10-17,2004-08-24,2004-08-24,22.1,False,"extended_wq,major_ions","hardness,magnesium,ph,phosphorus",https://www.waterqualitydata.us/provider/USGS/USGS/USGS-374109121000101/
wqp:USGS-374132120591401,003S009E09F001M,wqp,1,wqp:USGS-374132120591401,U.S. Geological Survey,groundwater_well,groundwater,,discrete,unknown,37.692361,-120.987333,18040010,Upper Stanislaus,180400100704,,,,,False,1,2004-10-25,2004-10-25,2004-10-25,21.9,False,extended_wq,nitrate,https://www.waterqualitydata.us/provider/USGS/USGS/USGS-374132120591401/
wqp:USGS-374032120565101,003S009E14G001M,wqp,1,wqp:USGS-374032120565101,U.S. Geological Survey,groundwater_well,groundwater,,discrete,unknown,37.675722,-120.947639,18040010,Upper Stanislaus,180400100705,,,,,False,1,2002-12-11,2002-12-11,2002-12-11,23.8,False,major_ions,bromide,https://www.waterqualitydata.us/provider/USGS/USGS/USGS-374032120565101/
wqp:USGS-374048120590901,003S009E16C001M,wqp,1,wqp:USGS-374048120590901;wqp:USGS-374048120590903,U.S. Geological Survey,groundwater_well,groundwater,,discrete,unknown,37.68,-120.986,18040010,Upper Stanislaus,180400100705,,,,,False,3,2004-06-08,2005-06-08,2005-06-08,21.3,False,"core,extended_wq,major_ions","ammonia,bromide,total_dissolved_solids",https://www.waterqualitydata.us/provider/USGS/USGS/USGS-374048120590901/
wqp:USGS-374012121002101,003S009E17P001M,wqp,1,wqp:USGS-374012121002101,U.S. Geological Survey,groundwater_well,groundwater,,discrete,unknown,37.670139,-121.006361,18040010,Upper Stanislaus,180400100705,,,,,False,1,2002-10-09,2002-10-09,2002-10-09,24.0,False,core,chloride,https://www.waterqualitydata.us/provider/USGS/USGS/USGS-374012121002101/
wqp:USGS-373948120583701,003S009E21H001M,wqp,1,wqp:USGS-373948120583701,U.S. Geological Survey,groundwater_well,groundwater,,discrete,unknown,37.663167,-120.978139,18040010,Upper Stanislaus,180400100705,,,,,False,1,2001-03-30,2001-03-30,2001-03-30,25.5,False,extended_wq,selenium,https://www.waterqualitydata.us/provider/USGS/USGS/USGS-373948120583701/
wqp:USGS-373904120595501,003S009E29B001M,wqp,1,wqp:USGS-373904120595501,U.S. Geological Survey,groundwater_well,groundwater,,discrete,unknown,37.650972,-120.999389,18040010,Upper Stanislaus,180400100705,,,,,False,1,2001-04-03,2001-04-03,2001-04-03,25.5,False,extended_wq,ph,https://www.waterqualitydata.us/provider/USGS/USGS/USGS-373904120595501/
wqp:USGS-373905121011501,003S009E30B001M,wqp,1,wqp:USGS-373905121011501,U.S. Geological Survey,groundwater_well,groundwater,,discrete,unknown,37.6515,-121.020889,18040010,Upper Stanislaus,180400100705,,,,,False,1,2016-02-09,2016-02-09,2016-02-09,10.6,False,major_ions,alkalinity,https://www.waterqualitydata.us/provider/USGS/USGS/USGS-373905121011501/
wqp:USGS-373948120551001,003S010E19E001M,wqp,1,wqp:USGS-373948120551001,U.S. Geological Survey,groundwater_well,groundwater,,discrete,unknown,37.6635,-120.919556,18040010,Upper Stanislaus,180400100705,,,,,False,1,2004-09-14,2004-09-14,2004-09-14,22.0,False,extended_wq,dissolved_oxygen,https://www.waterqualitydata.us/provider/USGS/USGS/USGS-373948120551001/
wqp:USGS-381900119450001,006N020E35E001M,wqp,1,wqp:USGS-381900119450001,U.S. Geological Survey,groundwater_well,groundwater,,discrete,unknown,38.326361,-119.754389,18040010,Upper Stanislaus,180400100205,,,Stanislaus River,,False,2,2008-07-28,2008-07-28,2008-07-28,18.1,False,"core,extended_wq","chloride,dissolved_oxygen",https://www.waterqualitydata.us/provider/USGS/USGS/USGS-381900119450001/
wqp:CALWR_WQX-02S08E20J002M,02S08E20J002M,wqp,1,wqp:CALWR_WQX-02S08E20J002M;wqp:USGS-374444121062201,California Department Of Water Resources,discrete_grab,groundwater,,discrete,irregular,37.7447,-121.1061,18040010,Upper Stanislaus,180400100706,,,Stanislaus River,,False,15,1998-08-12,2014-08-12,2014-08-12,12.1,False,"core,extended_wq,major_ions","alkalinity,boron,bromide,calcium,chloride,magnesium,nitrate,ph,potassium,selenium,sodium,specific_conductance,sulfate,total_dissolved_solids,water_temperature",https://www.waterqualitydata.us/provider/STORET/CALWR_WQX/CALWR_WQX-02S08E20J002M/
wqp:CALWR_WQX-02S09E15P001M,02S09E15P001M,wqp,1,wqp:CALWR_WQX-02S09E15P001M,California Department Of Water Resources,discrete_grab,groundwater,,discrete,irregular,37.7555,-120.9685,18040010,Upper Stanislaus,180400100706,,,,,False,15,1999-08-24,2013-10-15,2013-10-15,12.9,False,"core,extended_wq,major_ions","alkalinity,boron,bromide,calcium,chloride,magnesium,nitrate,ph,potassium,selenium,sodium,specific_conductance,sulfate,total_dissolved_solids,water_temperature",https://www.waterqualitydata.us/provider/STORET/CALWR_WQX/CALWR_WQX-02S09E15P001M/
wqp:CALWR_WQX-02S09E19B002M,02S09E19B002M,wqp,1,wqp:CALWR_WQX-02S09E19B002M;wqp:USGS-374517121011501,California Department Of Water Resources,discrete_grab,groundwater,,discrete,irregular,37.7549,-121.0219,18040010,Upper Stanislaus,180400100706,,,Stanislaus River,,False,13,1999-08-13,2007-09-13,2007-09-13,19.0,False,"core,extended_wq,major_ions","alkalinity,boron,calcium,chloride,magnesium,nitrate,ph,potassium,sodium,specific_conductance,sulfate,total_dissolved_solids,water_temperature",https://www.waterqualitydata.us/provider/STORET/CALWR_WQX/CALWR_WQX-02S09E19B002M/
wqp:CALWR_WQX-05N06E20J003M,05N06E20J003M,wqp,1,wqp:CALWR_WQX-05N06E20J003M,California Department Of Water Resources,discrete_grab,groundwater,,discrete,irregular,38.2625,-120.3329,18040010,Upper Stanislaus,180400100306,,,,,False,3,2000-07-31,2014-08-20,2014-08-20,12.1,False,"core,extended_wq","ph,specific_conductance,water_temperature",https://www.waterqualitydata.us/provider/STORET/CALWR_WQX/CALWR_WQX-05N06E20J003M/
usgs:USGS-11298650,ANGELS C BL MURPHYS AFTERBAY NR MURPHYS CA,usgs,1,usgs:USGS-11298650,U.S. Geological Survey,streamgage,natural,,continuous,daily,38.151389,-120.440278,18040010,Upper Stanislaus,180400100604,,,,,False,1,2005-10-01,2025-09-30,2025-09-30,1.0,True,water_balance,discharge,https://waterdata.usgs.gov/monitoring-location/11298650
usgs:USGS-11298700,ANGELS C BL UTICA D DIV DAM NR MURPHYS CA,usgs,1,usgs:USGS-11298700,U.S. Geological Survey,streamgage,natural,,continuous,daily,38.130754,-120.4852,18040010,Upper Stanislaus,180400100604,,,,,False,1,2000-10-01,2025-09-30,2025-09-30,1.0,True,water_balance,discharge,https://waterdata.usgs.gov/monitoring-location/11298700
cdec:MUR,ANGELS CK BLW MURPHYS,cdec,1,cdec:MUR,Utica Power Authority,continuous_sonde,natural,,continuous,sub-daily,38.137,-120.469,18040010,Upper Stanislaus,180400100604,STANISLAUS RIVER,,,,False,1,2009-08-04,2019-01-15,2019-01-15,7.7,False,water_balance,stage,https://cdec.water.ca.gov/dynamicapp/staMeta?station_id=MUR
wqp:CEDEN-534SED001,Arnot Cr 1,"ceden,wqp",2,ceden:534SED001;wqp:CEDEN-534SED001,California State Water Resources Control Board,discrete_grab,natural,,discrete,annual,38.4074,-119.799,18040010,Upper Stanislaus,180400100102,,,,,False,12,2015-06-16,2025-08-20,2025-08-20,1.1,True,"core,extended_wq,major_ions","ammonia,calcium,chloride,magnesium,nitrate,organic_carbon,ph,phosphorus,sulfate,suspended_solids,total_nitrogen,water_temperature",https://www.waterqualitydata.us/provider/STORET/CEDEN/CEDEN-534SED001/
wqp:CEDEN-534ARC279,Arnot Creek abobe Clark Fork,"ceden,wqp",2,ceden:534ARC279;wqp:CEDEN-534ARC279,California State Water Resources Control Board,discrete_grab,natural,,discrete,annual,38.4024,-119.8,18040010,Upper Stanislaus,180400100102,,,,,False,6,2015-06-17,2023-07-25,2023-07-25,3.2,False,"core,extended_wq,major_ions","ammonia,chloride,ph,sulfate,total_nitrogen,water_temperature",https://www.waterqualitydata.us/provider/STORET/CEDEN/CEDEN-534ARC279/
wqp:CEDEN-534ANCACF,Arnot Creek ~0.4mi above Clark Fork,"ceden,wqp",2,ceden:534ANCACF;wqp:CEDEN-534ANCACF,California State Water Resources Control Board,discrete_grab,natural,,discrete,unknown,38.4074,-119.799,18040010,Upper Stanislaus,180400100102,,,,,False,8,2010-08-31,2010-08-31,2010-08-31,16.1,False,"core,extended_wq,major_ions","chloride,organic_carbon,ph,phosphorus,sulfate,suspended_solids,total_nitrogen,water_temperature",https://www.waterqualitydata.us/provider/STORET/CEDEN/CEDEN-534ANCACF/
cdec:BRD,BEARDSLEY LAKE,cdec,1,cdec:BRD,Oakdale South San Joaquin Irrigation District,reservoir,reservoir,,continuous,daily,38.203,-120.075,18040010,Upper Stanislaus,180400100404,STANISLAUS RIVER,,Stanislaus River,,False,3,1957-05-01,2026-09-21,2026-09-21,0.0,True,water_balance,"discharge,reservoir_storage,stage",https://cdec.water.ca.gov/dynamicapp/staMeta?station_id=BRD
usgs:USGS-11292800,BEARDSLEY LAKE NEAR STRAWBERRY CA,usgs,1,usgs:USGS-11292800,U.S. Geological Survey,reservoir,reservoir,,continuous,sub-daily,38.204639,-120.076298,18040010,Upper Stanislaus,180400100403,,,Stanislaus River,,False,1,1957-10-01,2026-08-20,2026-08-20,0.1,True,water_balance,reservoir_storage,https://waterdata.usgs.gov/monitoring-location/11292800
usgs:USGS-11292820,BEARDSLEY PH NR STRAWBERRY CA,usgs,1,usgs:USGS-11292820,U.S. Geological Survey,streamgage,conveyance,diversion,continuous,daily,38.202695,-120.076853,18040010,Upper Stanislaus,180400100404,,,Stanislaus River,,False,1,1973-10-01,2020-09-30,2020-09-30,6.0,False,water_balance,discharge,https://waterdata.usgs.gov/monitoring-location/11292820
usgs:USGS-11295220,BEAVER C DIV RES NR ARNOLD CA,usgs,1,usgs:USGS-11295220,U.S. Geological Survey,reservoir,reservoir,,continuous,daily,38.232697,-120.279639,18040010,Upper Stanislaus,180400100304,,,,,False,1,1990-02-05,2025-09-30,2025-09-30,1.0,True,water_balance,reservoir_storage,https://waterdata.usgs.gov/monitoring-location/11295220
usgs:USGS-11295210,BEAVER C DIV TO MCKAYS POINT RES NR ARNOLD CA,usgs,1,usgs:USGS-11295210,U.S. Geological Survey,streamgage,conveyance,diversion,continuous,daily,38.233529,-120.279916,18040010,Upper Stanislaus,180400100304,,,,,False,1,1990-02-05,2025-09-30,2025-09-30,1.0,True,water_balance,discharge,https://waterdata.usgs.gov/monitoring-location/11295210
wqp:CEDEN-534295230,BEAVER CR BEL DIV DAM NR ARNOLD CA,"ceden,wqp",2,ceden:534295230;wqp:CEDEN-534295230,California State Water Resources Control Board,discrete_grab,natural,,discrete,unknown,38.233,-120.28,18040010,Upper Stanislaus,180400100304,,,,,False,3,2012-09-08,2012-09-08,2012-09-08,14.0,False,"core,extended_wq","chloride,phosphorus,total_nitrogen",https://www.waterqualitydata.us/provider/STORET/CEDEN/CEDEN-534295230/
usgs:USGS-11295230,BEAVER CR BL DIV DAM NR ARNOLD CA,usgs,1,usgs:USGS-11295230,U.S. Geological Survey,streamgage,natural,,continuous,daily,38.232974,-120.280472,18040010,Upper Stanislaus,180400100304,,,,,False,2,1990-02-01,2025-09-30,2025-09-30,1.0,True,water_balance,"discharge,stage",https://waterdata.usgs.gov/monitoring-location/11295230
usgs:USGS-11299600,BLACK C NR COPPEROPOLIS CA,"cdec,usgs",2,cdec:BCC;usgs:USGS-11299600,U.S. Geological Survey,streamgage,natural,,continuous,sub-daily,37.961036,-120.615203,18040010,Upper Stanislaus,180400100607,,,,,False,2,1983-08-24,2026-09-21,2026-09-21,0.0,True,water_balance,"discharge,stage",https://waterdata.usgs.gov/monitoring-location/11299600
esmr:770500,Bear Valley WWTF EFF-001,esmr,1,esmr:770500,Bear Valley WWTF,effluent,effluent,,discrete,weekly,38.456944,-120.036944,18040010,Upper Stanislaus,180400100301,NA,,,,False,16,2016-05-24,2026-05-16,2026-05-16,0.4,True,"core,extended_wq,major_ions,water_balance","ammonia,boron,chloride,discharge,hardness,nitrate,organic_carbon,ph,phosphorus,selenium,specific_conductance,sulfate,suspended_solids,total_dissolved_solids,turbidity,water_temperature",https://ciwqs.waterboards.ca.gov/ciwqs/readOnly/CiwqsReportServlet?inCommand=reset&reportName=esmrAnalyticalData
ceden:534BEVRSP,Beaver Creek about 0.4 km below Grizzly Creek,ceden,1,ceden:534BEVRSP,CEDEN contributing programs,discrete_grab,natural,,discrete,unknown,38.26815,-120.2392,18040010,Upper Stanislaus,180400100304,,,,,False,4,2023-09-28,2023-09-28,2023-09-28,3.0,True,"core,extended_wq,major_ions","chloride,ph,sulfate,water_temperature",https://ceden.waterboards.ca.gov/AdvancedQueryTool
ceden:534BVR597,Beaver Creek above Grizzly Creek,ceden,1,ceden:534BVR597,CEDEN contributing programs,discrete_grab,natural,,discrete,unknown,38.276595,-120.23147,18040010,Upper Stanislaus,180400100304,,,,,False,2,2024-08-13,2024-08-13,2024-08-13,2.1,True,"core,extended_wq","ph,water_temperature",https://ceden.waterboards.ca.gov/AdvancedQueryTool
ceden:534BMC094,Big Meadow Creek (USFS),ceden,1,ceden:534BMC094,CEDEN contributing programs,discrete_grab,natural,,discrete,monthly,38.430237,-120.119057,18040010,Upper Stanislaus,180400100303,,,,,False,4,2012-07-30,2023-08-21,2023-08-21,3.1,False,"core,extended_wq,major_ions","chloride,ph,sulfate,water_temperature",https://ceden.waterboards.ca.gov/AdvancedQueryTool
wqp:CEDEN-534BRC366,Big Rattlesnake Creek ~1.9mi above Stanislaus R.,"ceden,wqp",2,ceden:534BRC366;wqp:CEDEN-534BRC366,California State Water Resources Control Board,discrete_grab,natural,,discrete,irregular,38.3571,-120.163,18040010,Upper Stanislaus,180400100303,,,,,False,7,2019-08-19,2022-08-02,2022-08-02,4.1,False,"core,extended_wq,major_ions","chloride,organic_carbon,ph,phosphorus,sulfate,total_nitrogen,water_temperature",https://www.waterqualitydata.us/provider/STORET/CEDEN/CEDEN-534BRC366/
ceden:534BLC099,Blue Canyon Creek (USFS),ceden,1,ceden:534BLC099,CEDEN contributing programs,discrete_grab,natural,,discrete,irregular,38.332284,-120.100107,18040010,Upper Stanislaus,180400100304,,,,,False,4,2012-07-31,2023-07-27,2023-07-27,3.2,False,"core,extended_wq,major_ions","chloride,ph,sulfate,water_temperature",https://ceden.waterboards.ca.gov/AdvancedQueryTool
usgs:USGS-11292680,CASCADE C NR PINECREST CA,usgs,1,usgs:USGS-11292680,U.S. Geological Survey,streamgage,natural,,continuous,daily,38.279081,-119.970461,18040010,Upper Stanislaus,180400100402,,,,,False,2,1962-10-01,1973-05-01,1973-05-01,53.4,False,water_balance,"discharge,stage",https://waterdata.usgs.gov/monitoring-location/11292680
usgs:USGS-11292500,CLARK FORK STANISLAUS R NR DARDANELLE CA,"usgs,wqp",2,usgs:USGS-11292500;wqp:USGS-11292500,U.S. Geological Survey,streamgage,natural,,continuous,daily,38.363801,-119.871292,18040010,Upper Stanislaus,180400100102,,,Stanislaus River,,False,2,1950-10-01,1994-09-30,1994-09-30,32.0,False,water_balance,"discharge,stage",https://waterdata.usgs.gov/monitoring-location/11292500
usgs:USGS-11295250,COLLIERVILLE PP NR MURPHYS CA,usgs,1,usgs:USGS-11295250,U.S. Geological Survey,streamgage,conveyance,diversion,continuous,daily,38.14242,-120.37853,18040010,Upper Stanislaus,180400100602,,,Stanislaus River,,False,1,1990-02-01,2025-09-30,2025-09-30,1.0,True,water_balance,discharge,https://waterdata.usgs.gov/monitoring-location/11295250
wqp:CEDEN-534PS0134,Clark Fork 0.9mi below Disaster Creek,"ceden,wqp",2,ceden:534PS0134;wqp:CEDEN-534PS0134,California State Water Resources Control Board,discrete_grab,natural,,discrete,unknown,38.4117,-119.763,18040010,Upper Stanislaus,180400100102,,,,,False,9,2015-06-16,2015-06-16,2015-06-16,11.3,False,"core,extended_wq,major_ions","ammonia,chloride,organic_carbon,ph,phosphorus,sulfate,suspended_solids,total_nitrogen,water_temperature",https://www.waterqualitydata.us/provider/STORET/CEDEN/CEDEN-534PS0134/
wqp:CEDEN-534CFSAIM,Clark Fork Stanislaus River above Iceberg Mdw.,"ceden,wqp",2,ceden:534CFSAIM;wqp:CEDEN-534CFSAIM,California State Water Resources Control Board,discrete_grab,natural,,discrete,unknown,38.4163,-119.742,18040010,Upper Stanislaus,180400100101,,,,,False,8,2009-07-27,2009-07-27,2009-07-27,17.2,False,"core,extended_wq,major_ions","chloride,organic_carbon,ph,phosphorus,sulfate,suspended_solids,total_nitrogen,water_temperature",https://www.waterqualitydata.us/provider/STORET/CEDEN/CEDEN-534CFSAIM/
ceden:534CLK460,Clark Fork above Cloudburst Creek,ceden,1,ceden:534CLK460,CEDEN contributing programs,discrete_grab,natural,,discrete,unknown,38.367547,-119.856787,18040010,Upper Stanislaus,180400100102,,,,,False,4,2024-09-03,2024-09-03,2024-09-03,2.0,True,"core,extended_wq,major_ions","chloride,ph,sulfate,water_temperature",https://ceden.waterboards.ca.gov/AdvancedQueryTool
ceden:534CYCANB,Coyote Creek Natural Bridges,ceden,1,ceden:534CYCANB,CEDEN contributing programs,discrete_grab,natural,,discrete,quarterly,38.05578,-120.47697,18040010,Upper Stanislaus,180400100603,,,,,False,4,2008-06-19,2014-09-23,2014-09-23,12.0,False,"core,extended_wq,major_ions","chloride,ph,sulfate,water_temperature",https://ceden.waterboards.ca.gov/AdvancedQueryTool
usgs:USGS-11292600,DONNELL LK NR DARDANELLE CA,usgs,1,usgs:USGS-11292600,U.S. Geological Survey,reservoir,reservoir,,continuous,sub-daily,38.329345,-119.961265,18040010,Upper Stanislaus,180400100402,,,Stanislaus River,,False,1,1957-10-01,2026-08-20,2026-08-20,0.1,True,water_balance,reservoir_storage,https://waterdata.usgs.gov/monitoring-location/11292600
usgs:USGS-11292610,DONNELL PH NR STRAWBERRY CA,usgs,1,usgs:USGS-11292610,U.S. Geological Survey,streamgage,conveyance,diversion,continuous,daily,38.246305,-120.03463,18040010,Upper Stanislaus,180400100403,,,Stanislaus River,,False,1,2011-09-30,2020-09-30,2020-09-30,6.0,False,water_balance,discharge,https://waterdata.usgs.gov/monitoring-location/11292610
cdec:DON,DONNELLS,cdec,1,cdec:DON,US Bureau of Reclamation,reservoir,reservoir,,continuous,daily,38.329,-119.96,18040010,Upper Stanislaus,180400100401,STANISLAUS RIVER,,Stanislaus River,,False,3,1957-10-01,2026-09-21,2026-09-21,0.0,True,water_balance,"discharge,reservoir_storage,stage",https://cdec.water.ca.gov/dynamicapp/staMeta?station_id=DON
wqp:NARS_WQX-NRS_CA-11343,Deadman Creek,wqp,1,wqp:NARS_WQX-NRS_CA-11343,EPA National Aquatic Resources Survey (NARS),discrete_grab,natural,,discrete,unknown,38.321314,-119.67407,18040010,Upper Stanislaus,180400100203,,,,,False,16,2018-07-24,2018-07-24,2018-07-24,8.2,False,"core,extended_wq,major_ions","ammonia,calcium,chloride,chlorophyll_a,dissolved_oxygen,magnesium,nitrate,organic_carbon,ph,potassium,sodium,specific_conductance,sulfate,suspended_solids,turbidity,water_temperature",https://www.waterqualitydata.us/provider/STORET/NARS_WQX/NARS_WQX-NRS_CA-11343/
wqp:CEDEN-534WER219,Disaster Creek above Clark Fork,"ceden,wqp",2,ceden:534WER219;wqp:CEDEN-534WER219,California State Water Resources Control Board,discrete_grab,natural,,discrete,irregular,38.4183,-119.751,18040010,Upper Stanislaus,180400100101,,,,,False,8,2004-08-24,2012-08-29,2012-08-29,14.1,False,"core,extended_wq,major_ions","ammonia,chloride,ph,phosphorus,sulfate,suspended_solids,total_nitrogen,water_temperature",https://www.waterqualitydata.us/provider/STORET/CEDEN/CEDEN-534WER219/
ceden:534DMC489,Dry Meadow Creek above FS Fire Station,ceden,1,ceden:534DMC489,CEDEN contributing programs,discrete_grab,natural,,discrete,unknown,38.228914,-120.121461,18040010,Upper Stanislaus,180400100404,,,,,False,4,2024-07-16,2024-07-16,2024-07-16,2.2,True,"core,extended_wq,major_ions","chloride,ph,sulfate,water_temperature",https://ceden.waterboards.ca.gov/AdvancedQueryTool
wqp:CEDEN-534DCC167,Duck Creek ~0.2mi above Silver Cr.,"ceden,wqp",2,ceden:534DCC167;wqp:CEDEN-534DCC167,California State Water Resources Control Board,discrete_grab,natural,,discrete,unknown,38.4407,-120.011,18040010,Upper Stanislaus,180400100301,,,,,False,9,2013-08-14,2013-08-14,2013-08-14,13.1,False,"core,extended_wq,major_ions","ammonia,chloride,organic_carbon,ph,phosphorus,sulfate,suspended_solids,total_nitrogen,water_temperature",https://www.waterqualitydata.us/provider/STORET/CEDEN/CEDEN-534DCC167/
ceden:534FSHRSP,Fisher Creek about 0.08 km above Griswold Creek,ceden,1,ceden:534FSHRSP,CEDEN contributing programs,discrete_grab,natural,,discrete,unknown,38.23924,-120.21002,18040010,Upper Stanislaus,180400100305,,,,,False,4,2023-09-26,2023-09-26,2023-09-26,3.0,True,"core,extended_wq,major_ions","chloride,ph,sulfate,water_temperature",https://ceden.waterboards.ca.gov/AdvancedQueryTool
cdec:GDW,GOODWIN DAM,cdec,1,cdec:GDW,US Bureau of Reclamation,reservoir,reservoir,,continuous,daily,37.8628,-120.6297,18040010,Upper Stanislaus,180400100701,STANISLAUS RIVER,,Stanislaus River,,False,2,1988-02-03,2026-09-21,2026-09-21,0.0,True,water_balance,"reservoir_storage,stage",https://cdec.water.ca.gov/dynamicapp/staMeta?station_id=GDW
wqp:CALWR_WQX-ON003050,Gianelli WQ Station near Pumping Plant,wqp,1,wqp:CALWR_WQX-ON003050,California Department Of Water Resources,discrete_grab,conveyance,import,discrete,weekly,37.70664,-121.07201,18040010,Upper Stanislaus,180400100704,,,,,False,15,2012-03-14,2016-04-13,2016-04-13,10.4,False,"core,extended_wq,major_ions","alkalinity,boron,bromide,calcium,chloride,magnesium,nitrate,ph,selenium,sodium,specific_conductance,sulfate,total_dissolved_solids,turbidity,water_temperature",https://www.waterqualitydata.us/provider/STORET/CALWR_WQX/CALWR_WQX-ON003050/
ceden:534GRSWD2,Griswold Creek about 0.13 km below Fisher Creek,ceden,1,ceden:534GRSWD2,CEDEN contributing programs,discrete_grab,natural,,discrete,unknown,38.23863,-120.21217,18040010,Upper Stanislaus,180400100305,,,,,False,4,2023-09-26,2023-09-26,2023-09-26,3.0,True,"core,extended_wq,major_ions","chloride,ph,sulfate,water_temperature",https://ceden.waterboards.ca.gov/AdvancedQueryTool
ceden:534GRSWD1,Griswold Creek about 1.2 km below Soap Creek,ceden,1,ceden:534GRSWD1,CEDEN contributing programs,discrete_grab,natural,,discrete,unknown,38.20518,-120.27797,18040010,Upper Stanislaus,180400100305,,,,,False,4,2023-09-27,2023-09-27,2023-09-27,3.0,True,"core,extended_wq,major_ions","chloride,ph,sulfate,water_temperature",https://ceden.waterboards.ca.gov/AdvancedQueryTool
wqp:CEDEN-534WS1004,Grizzly Creek ~0.4mi above Beaver Cr.,"ceden,wqp",2,ceden:534WS1004;wqp:CEDEN-534WS1004,California State Water Resources Control Board,discrete_grab,natural,,discrete,unknown,38.2689,-120.23,18040010,Upper Stanislaus,180400100304,,,,,False,10,2018-07-30,2018-07-30,2018-07-30,8.1,False,"core,extended_wq,major_ions","ammonia,chloride,nitrate,organic_carbon,ph,phosphorus,sulfate,suspended_solids,total_nitrogen,water_temperature",https://www.waterqualitydata.us/provider/STORET/CEDEN/CEDEN-534WS1004/
usgs:USGS-11294000,HIGHLAND C BL SPICER MEADOWS RES CA,"ceden,usgs,wqp",3,ceden:534294000;usgs:USGS-11294000;wqp:CEDEN-534294000,U.S. Geological Survey,streamgage,natural,,continuous,daily,38.392968,-119.999074,18040010,Upper Stanislaus,180400100302,,,,,False,4,1950-11-20,2025-09-30,2025-09-30,1.0,True,"core,extended_wq,water_balance","chloride,discharge,stage,total_nitrogen",https://waterdata.usgs.gov/monitoring-location/11294000
usgs:USGS-11293700,HOBART C AT NF DIV TUNNL OUTLT NR SPICER MDWS CA,usgs,1,usgs:USGS-11293700,U.S. Geological Survey,streamgage,natural,,continuous,daily,38.411579,-119.994629,18040010,Upper Stanislaus,180400100302,,,,,False,2,1988-12-15,1994-09-30,1994-09-30,32.0,False,water_balance,"discharge,stage",https://waterdata.usgs.gov/monitoring-location/11293700
wqp:CEDEN-534PS0114,Highland Creek ~2mi above NF Stanislaus R.,"ceden,wqp",2,ceden:534PS0114;wqp:CEDEN-534PS0114,California State Water Resources Control Board,discrete_grab,natural,,discrete,unknown,38.3883,-120.062,18040010,Upper Stanislaus,180400100302,,,,,False,8,2012-09-12,2012-09-12,2012-09-12,14.0,False,"core,extended_wq,major_ions","chloride,organic_carbon,ph,phosphorus,sulfate,suspended_solids,total_nitrogen,water_temperature",https://www.waterqualitydata.us/provider/STORET/CEDEN/CEDEN-534PS0114/
esmr:782605,J.F. Enterprises Worm Farm EFF-001,esmr,1,esmr:782605,J.F. Enterprises Worm Farm,effluent,effluent,,discrete,monthly,37.786664,-120.784408,18040010,Upper Stanislaus,180400100702,Stanislaus River,,Stanislaus River,,False,4,2012-07-31,2024-09-30,2024-09-30,2.0,True,"core,extended_wq,water_balance","discharge,ph,specific_conductance,turbidity",https://ciwqs.waterboards.ca.gov/ciwqs/readOnly/CiwqsReportServlet?inCommand=reset&reportName=esmrAnalyticalData
esmr:782604,J.F. Enterprises Worm Farm INF-001,esmr,1,esmr:782604,J.F. Enterprises Worm Farm,influent,effluent,,discrete,quarterly,37.788583,-120.782094,18040010,Upper Stanislaus,180400100702,NA,,Stanislaus River,,False,2,2012-09-11,2024-07-16,2024-07-16,2.2,True,"core,extended_wq","ph,specific_conductance",https://ciwqs.waterboards.ca.gov/ciwqs/readOnly/CiwqsReportServlet?inCommand=reset&reportName=esmrAnalyticalData
esmr:782606,J.F. Enterprises Worm Farm RSW-001,esmr,1,esmr:782606,J.F. Enterprises Worm Farm,receiving_water,receiving_water,,discrete,quarterly,37.787111,-120.783992,18040010,Upper Stanislaus,180400100702,Stanislaus River,,Stanislaus River,,False,5,2012-09-11,2024-07-16,2024-07-16,2.2,True,"core,extended_wq","dissolved_oxygen,ph,specific_conductance,turbidity,water_temperature",https://ciwqs.waterboards.ca.gov/ciwqs/readOnly/CiwqsReportServlet?inCommand=reset&reportName=esmrAnalyticalData
usgs:USGS-11292860,JW SOUTHERN PP A SND BAR DIV DAM NR LNG BRN CA,usgs,1,usgs:USGS-11292860,U.S. Geological Survey,streamgage,conveyance,diversion,continuous,daily,38.184363,-120.157689,18040010,Upper Stanislaus,180400100404,,,Stanislaus River,,False,1,1986-10-01,2020-09-30,2020-09-30,6.0,False,water_balance,discharge,https://waterdata.usgs.gov/monitoring-location/11292860
cdec:KFS,KNIGHTS FERRY AT SONORA ROAD BRIDGE,cdec,1,cdec:KFS,CA Dept of Fish and Wildlife,continuous_sonde,unknown,,continuous,sub-daily,37.819,-120.667,18040010,Upper Stanislaus,180400100701,STANISLAUS RIVER,,Stanislaus River,,False,1,2001-03-09,2011-11-05,2011-11-05,14.9,False,core,water_temperature,https://cdec.water.ca.gov/dynamicapp/staMeta?station_id=KFS
cdec:LEA,LAKE ALPINE RESERVOIR,cdec,1,cdec:LEA,Northern California Power Agency,reservoir,reservoir,,continuous,sub-daily,38.47139,-120.002777,18040010,Upper Stanislaus,180400100301,STANISLAUS RIVER,,,,False,2,2016-10-11,2026-09-21,2026-09-21,0.0,True,water_balance,"reservoir_storage,stage",https://cdec.water.ca.gov/dynamicapp/staMeta?station_id=LEA
usgs:USGS-11293460,LK ALPINE NR BIG MEADOWS CA,usgs,1,usgs:USGS-11293460,U.S. Geological Survey,reservoir,reservoir,,continuous,daily,38.4713,-120.003796,18040010,Upper Stanislaus,180400100301,,,,,False,1,1999-10-01,2025-09-30,2025-09-30,1.0,True,water_balance,reservoir_storage,https://waterdata.usgs.gov/monitoring-location/11293460
usgs:USGS-11297700,LYONS RES NR LONG BARN CA,usgs,1,usgs:USGS-11297700,U.S. Geological Survey,reservoir,reservoir,,continuous,daily,38.09381,-120.16741,18040010,Upper Stanislaus,180400100502,,,,,False,1,1990-10-01,2025-09-30,2025-09-30,1.0,True,water_balance,reservoir_storage,https://waterdata.usgs.gov/monitoring-location/11297700
cdec:LYS,LYONS RESERVOIR,cdec,1,cdec:LYS,Pacific Gas & Electric,reservoir,reservoir,,continuous,daily,38.094,-120.166,18040010,Upper Stanislaus,180400100502,STANISLAUS RIVER,,,,False,2,1972-10-01,2026-09-21,2026-09-21,0.0,True,water_balance,"reservoir_storage,stage",https://cdec.water.ca.gov/dynamicapp/staMeta?station_id=LYS
wqp:CEDEN-534PAL020,Lake Alpine,"ceden,wqp",2,ceden:534PAL020;wqp:CEDEN-534PAL020,California State Water Resources Control Board,reservoir,reservoir,,discrete,unknown,38.476,-120.0,18040010,Upper Stanislaus,180400100301,,,,,False,11,2012-09-10,2012-09-10,2012-09-10,14.0,False,"core,extended_wq,major_ions","ammonia,calcium,chloride,magnesium,organic_carbon,phosphorus,potassium,sodium,sulfate,suspended_solids,total_nitrogen",https://www.waterqualitydata.us/provider/STORET/CEDEN/CEDEN-534PAL020/
wqp:CEDEN-535OAKLWP,Langworth Pipeline,"ceden,wqp",2,ceden:535OAKLWP;wqp:CEDEN-535OAKLWP,California State Water Resources Control Board,discrete_grab,conveyance,diversion,discrete,quarterly,37.7425,-120.918,18040010,Upper Stanislaus,180400100703,,,Stanislaus River,,False,8,2004-06-23,2008-10-06,2008-10-06,18.0,False,"core,extended_wq,major_ions","organic_carbon,ph,phosphorus,potassium,total_dissolved_solids,total_nitrogen,turbidity,water_temperature",https://www.waterqualitydata.us/provider/STORET/CEDEN/CEDEN-535OAKLWP/
ceden:535MIDL3H,Lateral 3 Downstream of Hwy 99,ceden,1,ceden:535MIDL3H,CEDEN contributing programs,discrete_grab,conveyance,diversion,discrete,daily,37.667764,-121.036592,18040010,Upper Stanislaus,180400100705,,,,,False,2,2009-01-23,2009-01-25,2009-01-25,17.7,False,"core,extended_wq","ph,water_temperature",https://ceden.waterboards.ca.gov/AdvancedQueryTool
wqp:CEDEN-535MIDL3S,Lateral 3 Outlet,"ceden,wqp",2,ceden:535MIDL3S;wqp:CEDEN-535MIDL3S,California State Water Resources Control Board,discrete_grab,conveyance,return,discrete,daily,37.6609,-121.159,18040010,Upper Stanislaus,180400100705,,,,,False,7,2007-02-10,2009-01-25,2009-01-25,17.7,False,"core,extended_wq,major_ions","organic_carbon,ph,phosphorus,potassium,total_dissolved_solids,total_nitrogen,water_temperature",https://www.waterqualitydata.us/provider/STORET/CEDEN/CEDEN-535MIDL3S/
wqp:CEDEN-535MIDL6S,Lateral 6 Spill,"ceden,wqp",2,ceden:535MIDL6S;wqp:CEDEN-535MIDL6S,California State Water Resources Control Board,discrete_grab,conveyance,return,discrete,quarterly,37.7047,-121.157,18040010,Upper Stanislaus,180400100704,,,Stanislaus River,,False,7,2004-07-06,2009-01-25,2009-01-25,17.7,False,"core,extended_wq,major_ions","organic_carbon,ph,phosphorus,potassium,total_dissolved_solids,total_nitrogen,water_temperature",https://www.waterqualitydata.us/provider/STORET/CEDEN/CEDEN-535MIDL6S/
ceden:535MIDL7H,Lateral 7 Downstream of Hwy 99,ceden,1,ceden:535MIDL7H,CEDEN contributing programs,discrete_grab,conveyance,diversion,discrete,daily,37.68274,-121.05676,18040010,Upper Stanislaus,180400100704,,,,,False,2,2009-01-23,2009-01-25,2009-01-25,17.7,False,"core,extended_wq","ph,water_temperature",https://ceden.waterboards.ca.gov/AdvancedQueryTool
wqp:CEDEN-535MIDL7S,Lateral 7 Outlet,"ceden,wqp",2,ceden:535MIDL7S;wqp:CEDEN-535MIDL7S,California State Water Resources Control Board,discrete_grab,conveyance,return,discrete,daily,37.6676,-121.187,18040010,Upper Stanislaus,180400100704,,,,,False,7,2007-02-10,2009-01-25,2009-01-25,17.7,False,"core,extended_wq,major_ions","organic_carbon,ph,phosphorus,potassium,total_dissolved_solids,total_nitrogen,water_temperature",https://www.waterqualitydata.us/provider/STORET/CEDEN/CEDEN-535MIDL7S/
wqp:CALWR_WQX-B9D80360320,Light 4,wqp,1,wqp:CALWR_WQX-B9D80360320,California Department Of Water Resources,discrete_grab,unknown,,discrete,monthly,38.0606,-120.5328,18040010,Upper Stanislaus,180400100604,,,,,False,1,2007-07-11,2007-09-19,2007-09-19,19.0,False,core,specific_conductance,https://www.waterqualitydata.us/provider/STORET/CALWR_WQX/CALWR_WQX-B9D80360320/
wqp:CALWR_WQX-B9D75830382,Lt 48,wqp,1,wqp:CALWR_WQX-B9D75830382,California Department Of Water Resources,discrete_grab,unknown,,discrete,annual,37.9708,-120.6367,18040010,Upper Stanislaus,180400100607,,,,,False,2,2006-08-09,2007-06-15,2007-06-15,19.3,False,core,"specific_conductance,water_temperature",https://www.waterqualitydata.us/provider/STORET/CALWR_WQX/CALWR_WQX-B9D75830382/
usgs:USGS-11295260,MCKAYS PT RES NR AVERY CA,usgs,1,usgs:USGS-11295260,U.S. Geological Survey,reservoir,reservoir,,continuous,daily,38.233529,-120.292695,18040010,Upper Stanislaus,180400100306,,,,,False,1,1990-02-01,2025-09-30,2025-09-30,1.0,True,water_balance,reservoir_storage,https://waterdata.usgs.gov/monitoring-location/11295260
usgs:USGS-11292700,MF STANISLAUS R A HELLS HALF ACRE BRIDGE CA,"ceden,usgs,wqp",3,ceden:534292700;usgs:USGS-11292700;wqp:CEDEN-534292700,U.S. Geological Survey,streamgage,natural,,continuous,daily,38.247138,-120.03463,18040010,Upper Stanislaus,180400100403,,,Stanislaus River,,False,6,1955-12-23,2025-10-01,2025-10-01,1.0,True,"core,extended_wq,water_balance","chloride,discharge,phosphorus,stage,total_nitrogen,water_temperature",https://waterdata.usgs.gov/monitoring-location/11292700
usgs:USGS-11293000,MF STANISLAUS R A SBF NR AVERY CA,usgs,1,usgs:USGS-11293000,U.S. Geological Survey,streamgage,natural,,continuous,daily,38.186585,-120.142133,18040010,Upper Stanislaus,180400100404,,,Stanislaus River,,False,2,1905-10-01,1966-09-29,1966-09-29,60.0,False,water_balance,"discharge,stage",https://waterdata.usgs.gov/monitoring-location/11293000
usgs:USGS-11292000,MF STANISLAUS R AT KENNEDY MDWS NR DARDANELLE CA,"cdec,usgs",2,cdec:S52;usgs:USGS-11292000,U.S. Geological Survey,streamgage,natural,,continuous,sub-daily,38.297412,-119.741287,18040010,Upper Stanislaus,180400100205,,,,,False,2,1939-05-29,2026-09-21,2026-09-21,0.0,True,water_balance,"discharge,stage",https://waterdata.usgs.gov/monitoring-location/11292000
usgs:USGS-11292900,MF STANISLAUS R BL BEARDSLEY DAM CA,usgs,1,usgs:USGS-11292900;usgs:USGS-11292901,U.S. Geological Survey,streamgage,natural,,continuous,daily,38.193251,-120.099076,18040010,Upper Stanislaus,180400100404,,,Stanislaus River,,False,2,1956-12-19,2025-10-01,2025-10-01,1.0,True,water_balance,"discharge,stage",https://waterdata.usgs.gov/monitoring-location/11292900
usgs:USGS-11293200,MF STANISLAUS R BL SND BAR DIV DAM NR AVERY CA,"cdec,usgs",2,cdec:S12;usgs:USGS-11293200,U.S. Geological Survey,streamgage,natural,,continuous,sub-daily,38.182974,-120.1588,18040010,Upper Stanislaus,180400100404,,,Stanislaus River,,False,1,1975-10-01,2026-09-21,2026-09-21,0.0,True,water_balance,discharge,https://waterdata.usgs.gov/monitoring-location/11293200
usgs:USGS-11292615,MF STANISLAUS R LOW FLOW REL BL DONNELL LAKE,usgs,1,usgs:USGS-11292615,U.S. Geological Survey,streamgage,natural,,continuous,daily,38.330469,-119.961017,18040010,Upper Stanislaus,180400100402,,,Stanislaus River,,False,1,2007-10-01,2014-09-30,2014-09-30,12.0,False,water_balance,discharge,https://waterdata.usgs.gov/monitoring-location/11292615
wqp:CEDEN-535STC204,MID Lateral 4 @ Paradise Rd.,"ceden,wqp",2,ceden:535STC204;wqp:CEDEN-535STC204,California State Water Resources Control Board,discrete_grab,conveyance,diversion,discrete,monthly,37.6333,-121.164,18040010,Upper Stanislaus,180400100705,,,,,False,7,2003-01-23,2003-11-17,2003-11-17,22.8,False,"core,extended_wq,major_ions","boron,calcium,magnesium,organic_carbon,ph,suspended_solids,water_temperature",https://www.waterqualitydata.us/provider/STORET/CEDEN/CEDEN-535STC204/
wqp:CEDEN-535STC203,MID Lateral 6/8 @ Dunn Rd.,"ceden,wqp",2,ceden:535STC203;wqp:CEDEN-535STC203,California State Water Resources Control Board,discrete_grab,conveyance,diversion,discrete,monthly,37.7083,-121.153,18040010,Upper Stanislaus,180400100704,,,,,False,7,2003-01-23,2003-11-17,2003-11-17,22.8,False,"core,extended_wq,major_ions","boron,calcium,magnesium,organic_carbon,ph,suspended_solids,water_temperature",https://www.waterqualitydata.us/provider/STORET/CEDEN/CEDEN-535STC203/
wqp:CEDEN-535STC211,MID Main Drain Inlet @ Shoemake Rd,"ceden,wqp",2,ceden:535STC211;wqp:CEDEN-535STC211,California State Water Resources Control Board,discrete_grab,drain,,discrete,monthly,37.6664,-121.177,18040010,Upper Stanislaus,180400100704,,,,,False,7,2003-02-19,2012-01-04,2012-01-04,14.7,False,"core,extended_wq,major_ions","boron,calcium,magnesium,organic_carbon,ph,suspended_solids,water_temperature",https://www.waterqualitydata.us/provider/STORET/CEDEN/CEDEN-535STC211/
ceden:535STC202,MID Main Drain Inlet to Miller Lake,ceden,1,ceden:535STC202,CEDEN contributing programs,discrete_grab,drain,,discrete,weekly,37.666667,-121.205556,18040010,Upper Stanislaus,180400100704,,,,,False,2,2003-01-23,2003-02-04,2003-02-04,23.6,False,"core,extended_wq","ph,water_temperature",https://ceden.waterboards.ca.gov/AdvancedQueryTool
usgs:USGS-11295340,MILL C BL HUNTER RES A HATHAWAY PINES CA,usgs,1,usgs:USGS-11295340,U.S. Geological Survey,streamgage,natural,,continuous,daily,38.198056,-120.36,18040010,Upper Stanislaus,180400100306,,,,,False,1,2006-10-01,2025-09-30,2025-09-30,1.0,True,water_balance,discharge,https://waterdata.usgs.gov/monitoring-location/11295340
wqp:CEDEN-535MIDMDS,Main Drain Spill,"ceden,wqp",2,ceden:535MIDMDS;wqp:CEDEN-535MIDMDS,California State Water Resources Control Board,discrete_grab,drain,,discrete,quarterly,37.6667,-121.206,18040010,Upper Stanislaus,180400100704,,,,,False,7,2004-07-06,2009-01-25,2009-01-25,17.7,False,"core,extended_wq,major_ions","organic_carbon,ph,phosphorus,potassium,total_dissolved_solids,total_nitrogen,water_temperature",https://www.waterqualitydata.us/provider/STORET/CEDEN/CEDEN-535MIDMDS/
wqp:CEDEN-535MIDMDD,Main Drain at DeForest Ranch,"ceden,wqp",2,ceden:535MIDMDD;wqp:CEDEN-535MIDMDD,California State Water Resources Control Board,discrete_grab,drain,,discrete,daily,37.6659,-121.168,18040010,Upper Stanislaus,180400100704,,,,,False,7,2007-02-10,2008-01-07,2008-01-07,18.7,False,"core,extended_wq,major_ions","organic_carbon,ph,phosphorus,potassium,total_dissolved_solids,total_nitrogen,water_temperature",https://www.waterqualitydata.us/provider/STORET/CEDEN/CEDEN-535MIDMDD/
wqp:CEDEN-534STN075,Middle Fork Stanislaus River (USFS),"ceden,wqp",2,ceden:534STN075;wqp:CEDEN-534STN075,California State Water Resources Control Board,discrete_grab,natural,,discrete,irregular,38.321,-119.752,18040010,Upper Stanislaus,180400100205,,,Stanislaus River,,False,6,2010-09-05,2022-08-10,2022-08-10,4.1,False,"core,extended_wq,major_ions","ammonia,chloride,ph,sulfate,total_nitrogen,water_temperature",https://www.waterqualitydata.us/provider/STORET/CEDEN/CEDEN-534STN075/
ceden:534STN131,Middle Fork Stanislaus River (W) (USFS),ceden,1,ceden:534STN131,CEDEN contributing programs,discrete_grab,natural,,discrete,unknown,38.181563,-120.223324,18040010,Upper Stanislaus,180400100404,,,Stanislaus River,,False,2,2012-08-02,2012-08-02,2012-08-02,14.1,False,"core,extended_wq","ph,water_temperature",https://ceden.waterboards.ca.gov/AdvancedQueryTool
wqp:CEDEN-534MLC108,Mill Creek ~0.5mi above Hwy 108,"ceden,wqp",2,ceden:534MLC108;wqp:CEDEN-534MLC108,California State Water Resources Control Board,discrete_grab,natural,,discrete,irregular,38.3006,-119.935,18040010,Upper Stanislaus,180400100402,,,,,False,8,2011-09-14,2024-09-03,2024-09-03,2.0,True,"core,extended_wq,major_ions","chloride,organic_carbon,ph,phosphorus,sulfate,suspended_solids,total_nitrogen,water_temperature",https://www.waterqualitydata.us/provider/STORET/CEDEN/CEDEN-534MLC108/
wqp:NALMS-F228741,"Miller Lake, Stanislaus County, CA, USA",wqp,1,wqp:NALMS-F228741,North American Lake Management Society,reservoir,reservoir,,discrete,unknown,37.668,-121.21,18040010,Upper Stanislaus,180400100704,,,,,False,4,2008-07-10,2008-07-10,2008-07-10,18.2,False,"core,extended_wq","dissolved_oxygen,ph,turbidity,water_temperature",https://www.waterqualitydata.us/provider/STORET/NALMS/NALMS-F228741/
wqp:CEDEN-535XMDALR,Mootz Drain @ Langworth Rd,"ceden,wqp",2,ceden:535XMDALR;wqp:CEDEN-535XMDALR,California State Water Resources Control Board,discrete_grab,drain,,discrete,weekly,37.7058,-120.893,18040010,Upper Stanislaus,180400100705,,,,,False,14,2008-10-21,2009-11-17,2009-11-17,16.8,False,"core,extended_wq,major_ions","alkalinity,ammonia,boron,dissolved_oxygen,organic_carbon,ph,phosphorus,selenium,specific_conductance,suspended_solids,total_dissolved_solids,total_nitrogen,turbidity,water_temperature",https://www.waterqualitydata.us/provider/STORET/CEDEN/CEDEN-535XMDALR/
wqp:CEDEN-535XMDDLP,Mootz Drain downstream of Langworth Pond,"ceden,wqp",2,ceden:535XMDDLP;wqp:CEDEN-535XMDDLP,California State Water Resources Control Board,discrete_grab,drain,,discrete,monthly,37.7054,-120.896,18040010,Upper Stanislaus,180400100705,,,,,False,14,2009-12-15,2024-09-10,2024-09-10,2.0,True,"core,extended_wq,major_ions","alkalinity,ammonia,boron,dissolved_oxygen,organic_carbon,ph,phosphorus,selenium,specific_conductance,suspended_solids,total_dissolved_solids,total_nitrogen,turbidity,water_temperature",https://www.waterqualitydata.us/provider/STORET/CEDEN/CEDEN-535XMDDLP/
cdec:NMT,NEW MELONES POWERHOUSE TAILRACE,cdec,1,cdec:NMT,CA Dept of Fish and Wildlife,continuous_sonde,conveyance,diversion,continuous,sub-daily,37.946,-120.532,18040010,Upper Stanislaus,180400100608,STANISLAUS RIVER,,Stanislaus River,,False,1,2001-03-09,2011-11-04,2011-11-04,14.9,False,core,water_temperature,https://cdec.water.ca.gov/dynamicapp/staMeta?station_id=NMT
usgs:USGS-11299200,NEW MELONES PP BL NEW MELONES DAM NR SONORA CA,usgs,1,usgs:USGS-11299200,U.S. Geological Survey,streamgage,conveyance,diversion,continuous,daily,37.946314,-120.528255,18040010,Upper Stanislaus,180400100608,,,Stanislaus River,,False,1,1974-10-01,2008-09-30,2008-09-30,18.0,False,water_balance,discharge,https://waterdata.usgs.gov/monitoring-location/11299200
usgs:USGS-11299000,NEW MELONES RES NR SONORA CA,usgs,1,usgs:USGS-11299000,U.S. Geological Survey,reservoir,reservoir,,continuous,daily,37.951036,-120.523532,18040010,Upper Stanislaus,180400100605,,,Stanislaus River,,False,1,1938-10-01,2009-09-30,2009-09-30,17.0,False,water_balance,reservoir_storage,https://waterdata.usgs.gov/monitoring-location/11299000
cdec:NML,NEW MELONES RESERVOIR,"cdec,usbr_rise",2,cdec:NML;usbr_rise:3204,US Bureau of Reclamation,reservoir,reservoir,,continuous,sub-daily,37.9481,-120.525,18040010,Upper Stanislaus,180400100608,STANISLAUS RIVER,,Stanislaus River,,False,4,1943-10-01,2026-09-21,2026-09-21,0.0,True,water_balance,"computed_flow,discharge,reservoir_storage,stage",https://cdec.water.ca.gov/dynamicapp/staMeta?station_id=NML
usgs:USGS-11293760,NEW SPICER MDW DAM PP A NSMD NR B MDW CA,usgs,1,usgs:USGS-11293760,U.S. Geological Survey,streamgage,conveyance,diversion,continuous,daily,38.392413,-119.999351,18040010,Upper Stanislaus,180400100302,,,,,False,1,1993-10-01,2025-09-30,2025-09-30,1.0,True,water_balance,discharge,https://waterdata.usgs.gov/monitoring-location/11293760
cdec:SPM,NEW SPICER MEADOW,cdec,1,cdec:SPM,Calaveras County Water District,reservoir,reservoir,,continuous,sub-daily,38.393333,-119.9969,18040010,Upper Stanislaus,180400100302,STANISLAUS RIVER,,,,False,3,1989-02-01,2026-09-21,2026-09-21,0.0,True,water_balance,"discharge,reservoir_storage,stage",https://cdec.water.ca.gov/dynamicapp/staMeta?station_id=SPM
usgs:USGS-11293770,NEW SPICER MEADOW RES NR BIG MEADOW CA,usgs,1,usgs:USGS-11293770,U.S. Geological Survey,reservoir,reservoir,,continuous,daily,38.392968,-119.999074,18040010,Upper Stanislaus,180400100302,,,,,False,1,1990-02-01,2025-09-30,2025-09-30,1.0,True,water_balance,reservoir_storage,https://waterdata.usgs.gov/monitoring-location/11293770
usgs:USGS-11293710,NF STANISLAUS DIV TU OL BL HOBART C NR NSMD CA,usgs,1,usgs:USGS-11293710,U.S. Geological Survey,streamgage,conveyance,diversion,continuous,daily,38.410746,-119.995185,18040010,Upper Stanislaus,180400100302,,,,,False,1,1988-12-14,1994-09-29,1994-09-29,32.0,False,water_balance,discharge,https://waterdata.usgs.gov/monitoring-location/11293710
usgs:USGS-11293650,NF STANISLAUS R A CAMP WOLFEBORO NR BIG MEADOWS CA,usgs,1,usgs:USGS-11293650,U.S. Geological Survey,streamgage,natural,,continuous,daily,38.410468,-120.078243,18040010,Upper Stanislaus,180400100303,,,,,False,2,1993-10-01,1996-09-30,1996-09-30,30.0,False,water_balance,"discharge,stage",https://waterdata.usgs.gov/monitoring-location/11293650
usgs:USGS-11294400,NF STANISLAUS R A SOURGRASS CG NR DORINGTON CA,usgs,1,usgs:USGS-11294400,U.S. Geological Survey,streamgage,natural,,continuous,daily,38.320472,-120.219081,18040010,Upper Stanislaus,180400100306,,,,,False,2,1991-02-01,1996-09-30,1996-09-30,30.0,False,water_balance,"discharge,stage",https://waterdata.usgs.gov/monitoring-location/11294400
usgs:USGS-11295300,NF STANISLAUS R BL BEAVER C NR HATHAWAY PINES CA,usgs,1,usgs:USGS-11295300,U.S. Geological Survey,streamgage,natural,,continuous,daily,38.207141,-120.31714,18040010,Upper Stanislaus,180400100306,,,,,False,1,1990-02-01,2025-09-30,2025-09-30,1.0,True,water_balance,discharge,https://waterdata.usgs.gov/monitoring-location/11295300
usgs:USGS-11293600,NF STANISLAUS R BL DIV D,usgs,1,usgs:USGS-11293600,U.S. Geological Survey,streamgage,natural,,continuous,daily,38.434356,-120.018797,18040010,Upper Stanislaus,180400100301,,,,,False,2,1987-10-01,2025-09-30,2025-09-30,1.0,True,water_balance,"discharge,stage",https://waterdata.usgs.gov/monitoring-location/11293600
usgs:USGS-11294300,NF STANISLAUS R BL GAN DAMS NR BIG MDW CA,usgs,1,usgs:USGS-11294300,U.S. Geological Survey,streamgage,natural,,continuous,daily,38.401302,-120.112411,18040010,Upper Stanislaus,180400100303,,,,,False,2,1960-10-01,1967-09-29,1967-09-29,59.0,False,water_balance,"discharge,stage",https://waterdata.usgs.gov/monitoring-location/11294300
usgs:USGS-11295270,NF STANISLAUS R BL MCKAYS POINT DAM NR AVERY CA,usgs,1,usgs:USGS-11295270,U.S. Geological Survey,streamgage,natural,,continuous,daily,38.232696,-120.293528,18040010,Upper Stanislaus,180400100306,,,,,False,2,1989-08-01,2025-09-30,2025-09-30,1.0,True,water_balance,"discharge,stage",https://waterdata.usgs.gov/monitoring-location/11295270
usgs:USGS-11293500,NF STANISLAUS R BL SILVER C CA,usgs,1,usgs:USGS-11293500,U.S. Geological Survey,streamgage,natural,,continuous,daily,38.439356,-120.015741,18040010,Upper Stanislaus,180400100301,,,,,False,2,1950-05-21,1997-01-01,1997-01-01,29.7,False,water_balance,"discharge,stage",https://waterdata.usgs.gov/monitoring-location/11293500
usgs:USGS-11295100,NF STANISLAUS R BL UTICA CN NR AVERY CA,usgs,1,usgs:USGS-11295100,U.S. Geological Survey,streamgage,natural,,continuous,daily,38.240196,-120.290473,18040010,Upper Stanislaus,180400100306,,,,,False,1,1975-10-01,1988-09-29,1988-09-29,38.0,False,water_balance,discharge,https://waterdata.usgs.gov/monitoring-location/11295100
usgs:USGS-11293372,NF STANISLAUS R BL UTICA RES NR BEAR VALLEY CA,usgs,1,usgs:USGS-11293372,U.S. Geological Survey,streamgage,natural,,continuous,daily,38.441111,-120.002778,18040010,Upper Stanislaus,180400100301,,,,,False,1,2005-10-01,2025-09-30,2025-09-30,1.0,True,water_balance,discharge,https://waterdata.usgs.gov/monitoring-location/11293372
usgs:USGS-11293590,NF STANISLAUS R DIV RES NR BIG MEADOWS CA,usgs,1,usgs:USGS-11293590,U.S. Geological Survey,reservoir,reservoir,,continuous,daily,38.438244,-120.017686,18040010,Upper Stanislaus,180400100301,,,,,False,1,1990-02-01,2025-09-30,2025-09-30,1.0,True,water_balance,reservoir_storage,https://waterdata.usgs.gov/monitoring-location/11293590
usgs:USGS-11293580,NF STANISLAUS R DIV TUNNEL NR BIG MDW CA,usgs,1,usgs:USGS-11293580,U.S. Geological Survey,streamgage,conveyance,diversion,continuous,daily,38.41019,-119.99574,18040010,Upper Stanislaus,180400100302,,,,,False,1,1988-12-31,2025-09-30,2025-09-30,1.0,True,water_balance,discharge,https://waterdata.usgs.gov/monitoring-location/11293580
usgs:USGS-11294500,NF STANISLAUS R NR AVERY CA,"cdec,usgs",2,cdec:AVY;cdec:NSA;usgs:USGS-11294500,U.S. Geological Survey,streamgage,natural,,continuous,sub-daily,38.243807,-120.291028,18040010,Upper Stanislaus,180400100306,,,,,False,3,1914-10-01,2026-09-21,2026-09-21,0.0,True,"core,water_balance","discharge,stage,water_temperature",https://waterdata.usgs.gov/monitoring-location/11294500
usgs:USGS-11293300,NF STANISLAUS R TRIB NR LAKE ALPINE CA,usgs,1,usgs:USGS-11293300,U.S. Geological Survey,streamgage,natural,,discrete,annual,38.505466,-119.948239,18040010,Upper Stanislaus,180400100301,,,,,False,2,1963-02-01,1973-05-18,1973-05-18,53.3,False,water_balance,"discharge,stage",https://waterdata.usgs.gov/monitoring-location/11293300
wqp:NARS_WQX-NLA_CA-10009,NLA_CA-10009,wqp,1,wqp:NARS_WQX-NLA_CA-10009,EPA National Aquatic Resources Survey (NARS),reservoir,reservoir,,discrete,unknown,37.894445,-120.572119,18040010,Upper Stanislaus,180400100608,,,Stanislaus River,,False,5,2007-07-23,2007-07-23,2007-07-23,19.2,False,"core,extended_wq","chlorophyll_a,dissolved_oxygen,ph,specific_conductance,water_temperature",https://www.waterqualitydata.us/provider/STORET/NARS_WQX/NARS_WQX-NLA_CA-10009/
wqp:NARS_WQX-NLA_CA-10015,NLA_CA-10015,wqp,1,wqp:NARS_WQX-NLA_CA-10015,EPA National Aquatic Resources Survey (NARS),reservoir,reservoir,,discrete,irregular,38.476035,-119.999776,18040010,Upper Stanislaus,180400100301,,,,,False,16,2007-09-19,2012-09-10,2012-09-10,14.0,False,"core,extended_wq,major_ions","ammonia,calcium,chloride,chlorophyll_a,dissolved_oxygen,magnesium,nitrate,organic_carbon,ph,potassium,sodium,specific_conductance,sulfate,suspended_solids,turbidity,water_temperature",https://www.waterqualitydata.us/provider/STORET/NARS_WQX/NARS_WQX-NLA_CA-10015/
wqp:NARS_WQX-NLA_CA-10054,NLA_CA-10054,wqp,1,wqp:NARS_WQX-NLA_CA-10054,EPA National Aquatic Resources Survey (NARS),reservoir,reservoir,,discrete,irregular,37.95384,-120.4968,18040010,Upper Stanislaus,180400100605,,,,,False,16,2012-08-07,2017-07-19,2017-07-19,9.2,False,"core,extended_wq,major_ions","ammonia,calcium,chloride,chlorophyll_a,dissolved_oxygen,magnesium,nitrate,organic_carbon,ph,potassium,sodium,specific_conductance,sulfate,suspended_solids,turbidity,water_temperature",https://www.waterqualitydata.us/provider/STORET/NARS_WQX/NARS_WQX-NLA_CA-10054/
cdec:NDV,NORTH FORK DIVERSION DAM,cdec,1,cdec:NDV,Northern California Power Agency,continuous_sonde,conveyance,diversion,continuous,sub-daily,38.438332,-120.01667,18040010,Upper Stanislaus,180400100301,STANISLAUS RIVER,,,,False,2,2016-10-11,2026-09-21,2026-09-21,0.0,True,water_balance,"diversion,stage",https://cdec.water.ca.gov/dynamicapp/staMeta?station_id=NDV
cdec:NSD,NORTH FORK STANISLAUS R BLW DIVERSION,cdec,1,cdec:NSD,Northern California Power Agency,continuous_sonde,natural,,continuous,sub-daily,38.434,-120.018,18040010,Upper Stanislaus,180400100301,STANISLAUS RIVER,,,,False,2,1998-06-27,2026-09-21,2026-09-21,0.0,True,water_balance,"discharge,stage",https://cdec.water.ca.gov/dynamicapp/staMeta?station_id=NSD
wqp:NARS_WQX-NRS_CA-11461,NRS_CA-11461,wqp,1,wqp:NARS_WQX-NRS_CA-11461,EPA National Aquatic Resources Survey (NARS),discrete_grab,unknown,,discrete,unknown,38.101904,-120.297188,18040010,Upper Stanislaus,180400100601,,,,,False,14,2023-07-26,2023-07-26,2023-07-26,3.2,False,"core,extended_wq,major_ions","ammonia,calcium,chloride,chlorophyll_a,magnesium,nitrate,organic_carbon,ph,potassium,sodium,specific_conductance,sulfate,suspended_solids,turbidity",https://www.waterqualitydata.us/provider/STORET/NARS_WQX/NARS_WQX-NRS_CA-11461/
wqp:NARS_WQX-NWC_CA-10278,NWC_CA-10278,wqp,1,wqp:NARS_WQX-NWC_CA-10278,EPA National Aquatic Resources Survey (NARS),discrete_grab,unknown,,discrete,unknown,38.272194,-119.807737,18040010,Upper Stanislaus,180400100204,,,,,False,8,2021-08-05,2021-08-05,2021-08-05,5.1,False,"core,extended_wq,major_ions","ammonia,chloride,chlorophyll_a,organic_carbon,ph,specific_conductance,sulfate,turbidity",https://www.waterqualitydata.us/provider/STORET/NARS_WQX/NARS_WQX-NWC_CA-10278/
wqp:CEDEN-534PNM092,New Melones Lake,"ceden,wqp",2,ceden:534PNM092;wqp:CEDEN-534PNM092,California State Water Resources Control Board,reservoir,reservoir,,discrete,unknown,37.9536,-120.509,18040010,Upper Stanislaus,180400100605,,,Stanislaus River,,False,10,2012-08-07,2012-08-07,2012-08-07,14.1,False,"core,extended_wq,major_ions","calcium,chloride,chlorophyll_a,magnesium,organic_carbon,potassium,sodium,sulfate,suspended_solids,total_nitrogen",https://www.waterqualitydata.us/provider/STORET/CEDEN/CEDEN-534PNM092/
wqp:NALMS-F253643,"New Melones Lake, Calaveras County, CA, USA",wqp,1,wqp:NALMS-F253643,North American Lake Management Society,reservoir,reservoir,,discrete,weekly,37.994,-120.507,18040010,Upper Stanislaus,180400100605,,,Stanislaus River,,False,2,2002-07-08,2003-07-09,2003-07-09,23.2,False,"core,extended_wq","ph,water_temperature",https://www.waterqualitydata.us/provider/STORET/NALMS/NALMS-F253643/
wqp:CEDEN-534PS0070,"Niagara Creek ~1mi be,ow Hwy 108","ceden,wqp",2,ceden:534PS0070;wqp:CEDEN-534PS0070,California State Water Resources Control Board,discrete_grab,natural,,discrete,irregular,38.3264,-119.939,18040010,Upper Stanislaus,180400100401,,,,,False,8,2010-08-30,2024-09-05,2024-09-05,2.0,True,"core,extended_wq,major_ions","chloride,organic_carbon,ph,phosphorus,sulfate,suspended_solids,total_nitrogen,water_temperature",https://www.waterqualitydata.us/provider/STORET/CEDEN/CEDEN-534PS0070/
usgs:USGS-11301000,OAKDALE CN NR KNIGHTS FERRY CA,"cdec,usgs",2,cdec:OKC;usgs:USGS-11301000,U.S. Geological Survey,streamgage,conveyance,diversion,continuous,daily,37.858816,-120.633259,18040010,Upper Stanislaus,180400100701,,,Stanislaus River,,False,3,1914-05-03,2026-09-21,2026-09-21,0.0,True,water_balance,"discharge,diversion,stage",https://waterdata.usgs.gov/monitoring-location/11301000
usgs:USGS-11297000,PHILADELPHIA CN NR STRAWBERRY CA,usgs,1,usgs:USGS-11297000,U.S. Geological Survey,streamgage,conveyance,diversion,continuous,daily,38.178251,-120.046574,18040010,Upper Stanislaus,180400100502,,,,,False,1,1939-10-01,2025-09-30,2025-09-30,1.0,True,water_balance,discharge,https://waterdata.usgs.gov/monitoring-location/11297000
cdec:PHD,PHILADELPHIA DITCH,cdec,1,cdec:PHD,Pacific Gas & Electric,daily_summary,conveyance,diversion,continuous,daily,38.178021,-120.046306,18040010,Upper Stanislaus,180400100502,STANISLAUS RIVER,,,,False,2,2020-01-01,2026-09-21,2026-09-21,0.0,True,water_balance,"diversion,stage",https://cdec.water.ca.gov/dynamicapp/staMeta?station_id=PHD
usgs:USGS-11295900,PINECREST LK NR STRAWBERRY CA,usgs,1,usgs:USGS-11295900,U.S. Geological Survey,reservoir,reservoir,,continuous,daily,38.199083,-119.989906,18040010,Upper Stanislaus,180400100501,,,,,False,1,1991-10-01,2025-09-30,2025-09-30,1.0,True,water_balance,reservoir_storage,https://waterdata.usgs.gov/monitoring-location/11295900
wqp:USGS-382544120043801,"POND AT SPICER SNO-PARK NR TAMARACK, CA",wqp,1,wqp:USGS-382544120043801,U.S. Geological Survey,discrete_grab,reservoir,,discrete,unknown,38.428889,-120.077222,18040010,Upper Stanislaus,180400100303,,,,,False,1,2009-05-05,2009-05-05,2009-05-05,17.4,False,extended_wq,ph,https://www.waterqualitydata.us/provider/USGS/USGS/USGS-382544120043801/
ceden:534TUO202,Pinecrest Lake near Lakeshore Drive,ceden,1,ceden:534TUO202,CEDEN contributing programs,discrete_grab,reservoir,,discrete,monthly,38.19256,-119.9928,18040010,Upper Stanislaus,180400100501,,,,,False,2,2013-05-29,2014-09-23,2014-09-23,12.0,False,"core,extended_wq","ph,water_temperature",https://ceden.waterboards.ca.gov/AdvancedQueryTool
cdec:RLF,RELIEF,cdec,1,cdec:RLF,Pacific Gas & Electric,reservoir,reservoir,,continuous,daily,38.267,-119.733,18040010,Upper Stanislaus,180400100201,STANISLAUS RIVER,,,,False,2,1956-01-01,2026-09-21,2026-09-21,0.0,True,water_balance,"reservoir_storage,stage",https://cdec.water.ca.gov/dynamicapp/staMeta?station_id=RLF
usgs:USGS-11291000,RELIEF RES NR BAKER STATION CA,usgs,1,usgs:USGS-11291000,U.S. Geological Survey,reservoir,reservoir,,continuous,daily,38.281024,-119.733509,18040010,Upper Stanislaus,180400100201,,,,,False,1,1991-10-07,2025-09-30,2025-09-30,1.0,True,water_balance,reservoir_storage,https://waterdata.usgs.gov/monitoring-location/11291000
wqp:CEDEN-534RL0296,ROCK LAKE,"ceden,wqp",2,ceden:534RL0296;wqp:CEDEN-534RL0296,California State Water Resources Control Board,reservoir,reservoir,,discrete,unknown,38.4509,-119.951,18040010,Upper Stanislaus,180400100302,,,,,False,7,2015-09-16,2021-09-14,2021-09-14,5.0,False,"core,extended_wq,major_ions","calcium,chloride,magnesium,organic_carbon,ph,sulfate,water_temperature",https://www.waterqualitydata.us/provider/STORET/CEDEN/CEDEN-534RL0296/
wqp:CEDEN-535XRCARD,Rodden Creek @ Rodden Rd,"ceden,wqp",2,ceden:535XRCARD;wqp:CEDEN-535XRCARD,California State Water Resources Control Board,discrete_grab,natural,,discrete,monthly,37.7905,-120.809,18040010,Upper Stanislaus,180400100702,,,Stanislaus River,,False,14,2011-01-18,2012-12-03,2012-12-03,13.8,False,"core,extended_wq,major_ions","alkalinity,ammonia,boron,dissolved_oxygen,organic_carbon,ph,phosphorus,selenium,specific_conductance,suspended_solids,total_dissolved_solids,total_nitrogen,turbidity,water_temperature",https://www.waterqualitydata.us/provider/STORET/CEDEN/CEDEN-535XRCARD/
wqp:CEDEN-534RSCAGG,Rose Creek ~1.5mi above Grub Gulch,"ceden,wqp",2,ceden:534RSCAGG;wqp:CEDEN-534RSCAGG,California State Water Resources Control Board,discrete_grab,natural,,discrete,unknown,38.1319,-120.22,18040010,Upper Stanislaus,180400100601,,,,,False,9,2011-09-19,2011-09-19,2011-09-19,15.0,False,"core,extended_wq,major_ions","ammonia,chloride,organic_carbon,ph,phosphorus,sulfate,suspended_solids,total_nitrogen,water_temperature",https://www.waterqualitydata.us/provider/STORET/CEDEN/CEDEN-534RSCAGG/
usgs:USGS-11300500,S SAN JOAQUIN CN NR KNIGHTS FERRY CA,usgs,1,usgs:USGS-11300500,U.S. Geological Survey,streamgage,conveyance,diversion,continuous,daily,37.854372,-120.638259,18040010,Upper Stanislaus,180400100701,,,Stanislaus River,,False,2,1914-05-01,2025-10-01,2025-10-01,1.0,True,water_balance,"discharge,stage",https://waterdata.usgs.gov/monitoring-location/11300500
usgs:USGS-11300600,S SAN JOAQUIN MAIN CN BL DIV PT NR KNIGHTS CA,usgs,1,usgs:USGS-11300600,U.S. Geological Survey,streamgage,conveyance,diversion,continuous,daily,37.823261,-120.674372,18040010,Upper Stanislaus,180400100701,,,,,False,1,1982-10-01,1989-09-30,1989-09-30,37.0,False,water_balance,discharge,https://waterdata.usgs.gov/monitoring-location/11300600
usgs:USGS-11296500,SF STANISLAUS R A STRAWBERRY CA,"cdec,usgs",2,cdec:S61;usgs:USGS-11296500,U.S. Geological Survey,streamgage,natural,,continuous,sub-daily,38.197417,-120.008518,18040010,Upper Stanislaus,180400100502,,,,,False,2,1912-06-01,2026-09-21,2026-09-21,0.0,True,water_balance,"discharge,stage",https://waterdata.usgs.gov/monitoring-location/11296500
usgs:USGS-11295910,SF STANISLAUS R BL PINECREST LK A PINECREST CA,usgs,1,usgs:USGS-11295910,U.S. Geological Survey,streamgage,natural,,continuous,daily,38.198889,-119.99,18040010,Upper Stanislaus,180400100501,,,,,False,1,2013-06-17,2025-04-14,2025-04-14,1.4,True,water_balance,discharge,https://waterdata.usgs.gov/monitoring-location/11295910
usgs:USGS-11298000,SF STANISLAUS R NR LONG BARN CA,"ceden,usgs,wqp",3,ceden:534298000;usgs:USGS-11298000;wqp:CEDEN-534298000,U.S. Geological Survey,streamgage,natural,,continuous,daily,38.092421,-120.168799,18040010,Upper Stanislaus,180400100502,,,,,False,5,1937-10-01,2025-09-30,2025-09-30,1.0,True,"core,extended_wq,water_balance","chloride,discharge,phosphorus,stage,total_nitrogen",https://waterdata.usgs.gov/monitoring-location/11298000
usgs:USGS-11297200,SF STANISLAUS R NR STRAWBERRY CA,"cdec,usgs",2,cdec:S83;usgs:USGS-11297200,U.S. Geological Survey,streamgage,natural,,continuous,sub-daily,38.177695,-120.046852,18040010,Upper Stanislaus,180400100502,,,,,False,1,1975-10-01,2026-09-21,2026-09-21,0.0,True,water_balance,discharge,https://waterdata.usgs.gov/monitoring-location/11297200
usgs:USGS-11293462,SILVER C BL LK ALPINE NR BEAR VALLEY CA,usgs,1,usgs:USGS-11293462,U.S. Geological Survey,streamgage,natural,,continuous,daily,38.470833,-120.005,18040010,Upper Stanislaus,180400100301,,,,,False,1,2005-10-01,2025-09-30,2025-09-30,1.0,True,water_balance,discharge,https://waterdata.usgs.gov/monitoring-location/11293462
cdec:SSF,SOUTH FORK STANISLAUS R,cdec,1,cdec:SSF,CA Dept of Fish and Wildlife,continuous_sonde,natural,,continuous,sub-daily,38.066,-120.354,18040010,Upper Stanislaus,180400100503,STANISLAUS RIVER,,,,False,1,2001-03-09,2011-07-23,2011-07-23,15.2,False,core,water_temperature,https://cdec.water.ca.gov/dynamicapp/staMeta?station_id=SSF
cdec:SSJ,SOUTH SAN JOAQUIN CANAL,cdec,1,cdec:SSJ,US Geological Survey,daily_summary,conveyance,diversion,continuous,daily,37.854,-120.637,18040010,Upper Stanislaus,180400100701,CALAVERAS RIVER,,Stanislaus River,,False,2,1985-10-01,2026-09-21,2026-09-21,0.0,True,water_balance,"discharge,diversion",https://cdec.water.ca.gov/dynamicapp/staMeta?station_id=SSJ
cdec:SSC,STANISLAUS POWERHOUSE IN STAN. CANAL,cdec,1,cdec:SSC,CA Dept of Fish and Wildlife,continuous_sonde,conveyance,diversion,continuous,sub-daily,38.147,-120.349,18040010,Upper Stanislaus,180400100404,STANISLAUS RIVER,,,,False,1,2001-03-09,2011-10-23,2011-10-23,14.9,False,core,water_temperature,https://cdec.water.ca.gov/dynamicapp/staMeta?station_id=SSC
usgs:USGS-11295505,STANISLAUS PP NR HATHAWAY PINES CA,usgs,1,usgs:USGS-11295505,U.S. Geological Survey,streamgage,conveyance,diversion,continuous,daily,38.139643,-120.370474,18040010,Upper Stanislaus,180400100602,,,Stanislaus River,,False,1,1993-10-01,2025-09-30,2025-09-30,1.0,True,water_balance,discharge,https://waterdata.usgs.gov/monitoring-location/11295505
usgs:USGS-11302500,STANISLAUS R A OAKDALE CA,"cdec,usgs",2,cdec:SOK;usgs:USGS-11302500,U.S. Geological Survey,streamgage,natural,,continuous,sub-daily,37.77715,-120.852988,18040010,Upper Stanislaus,180400100703,,,Stanislaus River,,False,2,1895-10-01,2026-09-21,2026-09-21,0.0,True,"core,water_balance","discharge,water_temperature",https://waterdata.usgs.gov/monitoring-location/11302500
wqp:USGS-11298600,STANISLAUS R A PARROTTS FERRY BR NR COL CA,"ceden,wqp",2,ceden:534TUO201;wqp:USGS-11298600,U.S. Geological Survey,discrete_grab,natural,,discrete,weekly,38.046312,-120.44853,18040010,Upper Stanislaus,180400100605,,,Stanislaus River,,False,2,2003-01-21,2019-07-24,2019-07-24,7.2,False,"core,extended_wq","ph,water_temperature",https://www.waterqualitydata.us/provider/USGS/USGS/USGS-11298600/
usgs:USGS-11303000,STANISLAUS R A RIPON CA,"cdec,edi,usgs,wqp",4,cdec:RIP;cdec:RPN;edi:edi.591:RIPON;edi:edi.591:STANISLAUS RIVER AT RIPON;usgs:USGS-11303000;wqp:USGS-11303000,U.S. Geological Survey,streamgage,natural,,continuous,sub-daily,37.729624,-121.110454,18040010,Upper Stanislaus,180400100706,,,Stanislaus River,,False,7,1938-02-12,2026-09-21,2026-09-21,0.0,True,"core,extended_wq,major_ions,water_balance","alkalinity,discharge,dissolved_oxygen,nitrate,specific_conductance,stage,water_temperature",https://waterdata.usgs.gov/monitoring-location/11303000
cdec:CLP,STANISLAUS R AT COLLIERVILLE POWERHOUSE,cdec,1,cdec:CLP,CA Dept of Fish and Wildlife,continuous_sonde,natural,,continuous,sub-daily,38.143,-120.378,18040010,Upper Stanislaus,180400100602,STANISLAUS RIVER,,Stanislaus River,,False,1,2001-03-09,2011-11-04,2011-11-04,14.9,False,core,water_temperature,https://cdec.water.ca.gov/dynamicapp/staMeta?station_id=CLP
cdec:TCN,STANISLAUS R AT CONFLUENCE N AND M FORKS,cdec,1,cdec:TCN,CA Dept of Fish and Wildlife,continuous_sonde,natural,,continuous,sub-daily,38.147,-120.371,18040010,Upper Stanislaus,180400100602,STANISLAUS RIVER,,Stanislaus River,,False,1,2001-03-09,2011-11-04,2011-11-04,14.9,False,core,water_temperature,https://cdec.water.ca.gov/dynamicapp/staMeta?station_id=TCN
cdec:GMB,STANISLAUS R AT GAMBINI PROPERTY,cdec,1,cdec:GMB,CA Dept of Fish and Wildlife,continuous_sonde,natural,,continuous,sub-daily,37.772,-120.888,18040010,Upper Stanislaus,180400100703,STANISLAUS RIVER,,Stanislaus River,,False,1,2001-03-09,2011-08-30,2011-08-30,15.1,False,core,water_temperature,https://cdec.water.ca.gov/dynamicapp/staMeta?station_id=GMB
cdec:GDC,STANISLAUS R AT GOODWIN CANYON,cdec,1,cdec:GDC,CA Dept of Fish and Wildlife,continuous_sonde,natural,,continuous,sub-daily,37.858,-120.635,18040010,Upper Stanislaus,180400100701,STANISLAUS RIVER,,Stanislaus River,,False,1,2001-03-09,2011-08-29,2011-08-29,15.1,False,core,water_temperature,https://cdec.water.ca.gov/dynamicapp/staMeta?station_id=GDC
cdec:JMP,STANISLAUS R AT JACOB MEYERS PARK,cdec,1,cdec:JMP,CA Dept of Fish and Wildlife,continuous_sonde,natural,,continuous,sub-daily,37.743,-120.942,18040010,Upper Stanislaus,180400100703,STANISLAUS RIVER,,Stanislaus River,,False,1,2001-03-09,2011-08-30,2011-08-30,15.1,False,core,water_temperature,https://cdec.water.ca.gov/dynamicapp/staMeta?station_id=JMP
cdec:KOT,STANISLAUS R AT KOETITZ RANCH,"cdec,dwr_wdl,wqp",3,cdec:KOT;dwr_wdl:B03115;wqp:CALWR_WQX-B0311500;wqp:USGS-11303300;wqp:USGS-374200121101200,CA Dept of Water Resources/South Central Region Office,continuous_sonde,natural,,continuous,sub-daily,37.69978,-121.170194,18040010,Upper Stanislaus,180400100704,STANISLAUS RIVER,,Stanislaus River,,False,6,1962-10-01,2026-09-21,2026-09-21,0.0,True,"core,extended_wq,major_ions,water_balance","boron,discharge,ph,specific_conductance,stage,water_temperature",https://cdec.water.ca.gov/dynamicapp/staMeta?station_id=KOT
cdec:ORA,STANISLAUS R AT OAKDALE REC AREA,cdec,1,cdec:ORA,CA Dept of Fish and Wildlife,continuous_sonde,natural,,continuous,sub-daily,37.771,-120.867,18040010,Upper Stanislaus,180400100703,STANISLAUS RIVER,,Stanislaus River,,False,1,2001-03-09,2011-04-19,2011-04-19,15.4,False,core,water_temperature,https://cdec.water.ca.gov/dynamicapp/staMeta?station_id=ORA
usgs:USGS-11302000,STANISLAUS R BL GOODWIN DAM NR KNIGHTS FERRY CA,"usgs,wqp",2,usgs:USGS-11302000;wqp:CALWR_WQX-B3113000,U.S. Geological Survey,streamgage,natural,,continuous,sub-daily,37.851594,-120.637982,18040010,Upper Stanislaus,180400100701,,,Stanislaus River,,False,5,1955-12-23,2026-08-20,2026-08-20,0.1,True,"core,extended_wq,water_balance","discharge,ph,specific_conductance,stage,water_temperature",https://waterdata.usgs.gov/monitoring-location/11302000
usgs:USGS-11299500,STANISLAUS R BL MELONES PH NR SONORA CA,usgs,1,usgs:USGS-11299500,U.S. Geological Survey,streamgage,natural,,continuous,daily,37.947147,-120.530199,18040010,Upper Stanislaus,180400100608,,,Stanislaus River,,False,2,1931-02-01,1967-09-29,1967-09-29,59.0,False,water_balance,"discharge,stage",https://waterdata.usgs.gov/monitoring-location/11299500
usgs:USGS-11299997,STANISLAUS R BL TULLOCH PP NR KNIGHTS FERRY CA,"usgs,wqp",2,usgs:USGS-11299997;wqp:USGS-11299998,U.S. Geological Survey,streamgage,natural,,continuous,sub-daily,37.876038,-120.605203,18040010,Upper Stanislaus,180400100701,,,Stanislaus River,,False,1,1972-06-27,2026-08-20,2026-08-20,0.1,True,core,water_temperature,https://waterdata.usgs.gov/monitoring-location/11299997
wqp:CALWR_WQX-B3348010,STANISLAUS R MF A DARDANELLE,wqp,1,wqp:CALWR_WQX-B3348010;wqp:USGS-11292450,California Department Of Water Resources,discrete_grab,natural,,discrete,annual,38.3416,-119.8243,18040010,Upper Stanislaus,180400100205,,,Stanislaus River,,False,3,1998-10-29,2015-10-27,2015-10-27,10.9,False,"core,extended_wq","ph,specific_conductance,water_temperature",https://www.waterqualitydata.us/provider/STORET/CALWR_WQX/CALWR_WQX-B3348010/
cdec:SRJ,STANISLAUS R NEAR JACOB MEYERS PARK,cdec,1,cdec:SRJ,CA Dept of Fish and Wildlife,continuous_sonde,natural,,continuous,sub-daily,37.7469,-120.9713,18040010,Upper Stanislaus,180400100706,STANISLAUS RIVER,,Stanislaus River,,False,1,2004-03-24,2007-02-09,2007-02-09,19.6,False,core,water_temperature,https://cdec.water.ca.gov/dynamicapp/staMeta?station_id=SRJ
cdec:OBS,STANISLAUS R NEAR ORANGE BLOSSOM BRIDGE,"cdec,dwr_wdl",2,cdec:OBS;dwr_wdl:B03175,CA Dept of Fish and Wildlife,continuous_sonde,natural,,continuous,sub-daily,37.791,-120.765,18040010,Upper Stanislaus,180400100702,STANISLAUS RIVER,,Stanislaus River,,False,4,1960-10-01,2026-08-14,2026-08-14,0.1,True,"core,water_balance","discharge,specific_conductance,stage,water_temperature",https://cdec.water.ca.gov/dynamicapp/staMeta?station_id=OBS
wqp:CALWR_WQX-B3211010,STANISLAUS R NF A CALV BIG TREES,wqp,1,wqp:CALWR_WQX-B3211010,California Department Of Water Resources,discrete_grab,natural,,discrete,annual,38.2716,-120.271,18040010,Upper Stanislaus,180400100306,,,,,False,3,1998-10-29,2015-10-27,2015-10-27,10.9,False,"core,extended_wq","ph,specific_conductance,water_temperature",https://www.waterqualitydata.us/provider/STORET/CALWR_WQX/CALWR_WQX-B3211010/
usgs:USGS-11295400,STANISLAUS R NR HATHAWAY PINES CA,usgs,1,usgs:USGS-11295400;usgs:USGS-11295401,U.S. Geological Survey,streamgage,natural,,continuous,daily,38.141309,-120.372974,18040010,Upper Stanislaus,180400100602,,,Stanislaus River,,False,3,1967-08-01,1994-10-06,1994-10-06,32.0,False,"core,water_balance","discharge,stage,water_temperature",https://waterdata.usgs.gov/monitoring-location/11295400
usgs:USGS-11300000,STANISLAUS R NR KNIGHTS FERRY CA,usgs,1,usgs:USGS-11300000,U.S. Geological Survey,streamgage,natural,,continuous,daily,37.874927,-120.606036,18040010,Upper Stanislaus,180400100701,,,Stanislaus River,,False,2,1862-01-11,1932-12-31,1932-12-31,93.7,False,water_balance,"discharge,stage",https://waterdata.usgs.gov/monitoring-location/11300000
cdec:SNS,STANISLAUS R-GOODWIN,cdec,1,cdec:SNS,US Geological Survey,daily_summary,natural,,continuous,daily,37.852,-120.637,18040010,Upper Stanislaus,180400100701,STANISLAUS RIVER,,Stanislaus River,,False,2,1992-06-01,2026-09-21,2026-09-21,0.0,True,water_balance,"computed_flow,discharge",https://cdec.water.ca.gov/dynamicapp/staMeta?station_id=SNS
usgs:USGS-11295500,STANISLAUS TU A OUTLET CA,usgs,1,usgs:USGS-11295500,U.S. Geological Survey,streamgage,conveyance,diversion,continuous,daily,38.144642,-120.349917,18040010,Upper Stanislaus,180400100404,,,,,False,1,1968-10-01,1993-09-29,1993-09-29,33.0,False,water_balance,discharge,https://waterdata.usgs.gov/monitoring-location/11295500
cdec:SET,STOCKTON EAST TUNNEL,cdec,1,cdec:SET,US Geological Survey,daily_summary,conveyance,diversion,continuous,daily,37.852,-120.637,18040010,Upper Stanislaus,180400100701,STANISLAUS RIVER,,Stanislaus River,,False,1,1997-07-01,2001-02-25,2001-02-25,25.6,False,water_balance,discharge,https://cdec.water.ca.gov/dynamicapp/staMeta?station_id=SET
wqp:USGS-374111121000301,STORM DRAIN INLET W SIDE WHITEHORSE AVE A MODESTO,wqp,1,wqp:USGS-374111121000301,U.S. Geological Survey,discrete_grab,drain,,discrete,unknown,37.686583,-121.000972,18040010,Upper Stanislaus,180400100704,,,,,False,1,2005-02-15,2005-02-15,2005-02-15,21.6,False,core,water_temperature,https://www.waterqualitydata.us/provider/USGS/USGS/USGS-374111121000301/
cdec:SWB,STRAWBERRY,cdec,1,cdec:SWB,Pacific Gas & Electric,reservoir,reservoir,,continuous,daily,38.2,-119.983,18040010,Upper Stanislaus,180400100501,STANISLAUS RIVER,,,,False,2,1956-01-01,2026-09-21,2026-09-21,0.0,True,water_balance,"reservoir_storage,stage",https://cdec.water.ca.gov/dynamicapp/staMeta?station_id=SWB
usgs:USGS-11291500,SUMMIT C NR BAKER STATION CA,usgs,1,usgs:USGS-11291500,U.S. Geological Survey,streamgage,natural,,continuous,daily,38.281111,-119.7325,18040010,Upper Stanislaus,180400100201,,,,,False,1,2013-04-05,2025-04-09,2025-04-09,1.4,True,water_balance,discharge,https://waterdata.usgs.gov/monitoring-location/11291500
wqp:CEDEN-535STR008,Salida Community,wqp,1,wqp:CEDEN-535STR008,California State Water Resources Control Board,discrete_grab,unknown,,discrete,monthly,37.7303,-121.109,18040010,Upper Stanislaus,180400100706,,,Stanislaus River,,False,8,2018-11-29,2018-12-17,2018-12-17,7.8,False,"core,extended_wq","ammonia,dissolved_oxygen,nitrate,organic_carbon,ph,suspended_solids,total_dissolved_solids,turbidity",https://www.waterqualitydata.us/provider/STORET/CEDEN/CEDEN-535STR008/
ceden:534SOAPSP,Soap Creek about 3.2 km above Griswold Creek,ceden,1,ceden:534SOAPSP,CEDEN contributing programs,discrete_grab,natural,,discrete,unknown,38.20261,-120.2287,18040010,Upper Stanislaus,180400100305,,,,,False,4,2023-09-27,2023-09-27,2023-09-27,3.0,True,"core,extended_wq,major_ions","chloride,ph,sulfate,water_temperature",https://ceden.waterboards.ca.gov/AdvancedQueryTool
wqp:CEDEN-534SPC227,Soap Creek ~1.1mi above Griswold Cr.,"ceden,wqp",2,ceden:534SPC227;wqp:CEDEN-534SPC227,California State Water Resources Control Board,discrete_grab,natural,,discrete,annual,38.2009,-120.249,18040010,Upper Stanislaus,180400100305,,,,,False,6,2014-07-09,2020-07-22,2020-07-22,6.2,False,"core,extended_wq,major_ions","ammonia,chloride,nitrate,ph,sulfate,water_temperature",https://www.waterqualitydata.us/provider/STORET/CEDEN/CEDEN-534SPC227/
wqp:CEDEN-534WS0748,Soap Creek ~2.4mi above Griswold Cr.,"ceden,wqp",2,ceden:534WS0748;wqp:CEDEN-534WS0748,California State Water Resources Control Board,discrete_grab,natural,,discrete,unknown,38.2027,-120.226,18040010,Upper Stanislaus,180400100305,,,,,False,10,2018-08-01,2018-08-01,2018-08-01,8.1,False,"core,extended_wq,major_ions","ammonia,chloride,nitrate,organic_carbon,ph,phosphorus,sulfate,suspended_solids,total_nitrogen,water_temperature",https://www.waterqualitydata.us/provider/STORET/CEDEN/CEDEN-534WS0748/
wqp:CEDEN-535MIDSPS,Spenker Spill,"ceden,wqp",2,ceden:535MIDSPS;wqp:CEDEN-535MIDSPS,California State Water Resources Control Board,discrete_grab,conveyance,return,discrete,daily,37.7339,-120.97,18040010,Upper Stanislaus,180400100704,,,,,False,7,2005-01-08,2009-01-25,2009-01-25,17.7,False,"core,extended_wq,major_ions","organic_carbon,ph,phosphorus,potassium,total_dissolved_solids,total_nitrogen,water_temperature",https://www.waterqualitydata.us/provider/STORET/CEDEN/CEDEN-535MIDSPS/
ceden:534CAL201,Stanislaus R. @ Camp Nine Road,ceden,1,ceden:534CAL201,CEDEN contributing programs,discrete_grab,natural,,discrete,irregular,38.139167,-120.371111,18040010,Upper Stanislaus,180400100602,,,Stanislaus River,,False,2,2003-02-18,2019-07-24,2019-07-24,7.2,False,"core,extended_wq","ph,water_temperature",https://ceden.waterboards.ca.gov/AdvancedQueryTool
wqp:CEDEN-535STC201,Stanislaus River @ Knight's Ferry,"ceden,wqp",2,ceden:535STC201;wqp:CEDEN-535STC201,California State Water Resources Control Board,discrete_grab,natural,,discrete,monthly,37.8222,-120.66,18040010,Upper Stanislaus,180400100701,,,Stanislaus River,,False,6,2003-01-23,2017-06-27,2017-06-27,9.2,False,"core,extended_wq,major_ions","boron,calcium,magnesium,organic_carbon,ph,water_temperature",https://www.waterqualitydata.us/provider/STORET/CEDEN/CEDEN-535STC201/
edi:edi.1183:Stanislaus River approximately 53 km upstream of the San Joaquin River confluence,Stanislaus River approximately 53 km upstream of the San Joaquin River confluence,edi,1,edi:edi.1183:Stanislaus River approximately 53 km upstream of the San Joaquin River confluence,FISHBIO,discrete_grab,natural,,discrete,weekly,37.7473,-120.9718,18040010,Upper Stanislaus,180400100706,,,Stanislaus River,,False,5,2005-01-09,2026-07-31,2026-07-31,0.1,True,"core,extended_wq,water_balance","dissolved_oxygen,specific_conductance,stage,turbidity,water_temperature",https://portal.edirepository.org/nis/mapbrowse?packageid=edi.1183.5
wqp:CEDEN-535STC514,Stanislaus River at Caswell Park,"ceden,wqp",2,ceden:535STC514;wqp:CEDEN-535STC514;wqp:USGS-374209121103800,California State Water Resources Control Board,discrete_grab,natural,,discrete,weekly,37.7025,-121.177,18040010,Upper Stanislaus,180400100706,,,Stanislaus River,,False,16,2000-01-27,2017-10-26,2017-10-26,8.9,False,"core,extended_wq,major_ions","alkalinity,ammonia,boron,calcium,dissolved_oxygen,magnesium,organic_carbon,ph,phosphorus,potassium,selenium,sodium,specific_conductance,suspended_solids,total_dissolved_solids,water_temperature",https://www.waterqualitydata.us/provider/STORET/CEDEN/CEDEN-535STC514/
ceden:534TOU204,Stanislaus River at Rose Creek,ceden,1,ceden:534TOU204,CEDEN contributing programs,discrete_grab,natural,,discrete,unknown,38.10938,-120.39713,18040010,Upper Stanislaus,180400100602,,,Stanislaus River,,False,1,2019-07-24,2019-07-24,2019-07-24,7.2,False,core,water_temperature,https://ceden.waterboards.ca.gov/AdvancedQueryTool
usbr_rise:3211,Stanislaus River below New Melones Dam,usbr_rise,1,usbr_rise:3211,Bureau of Reclamation,streamgage,natural,,discrete,annual,37.945624,-120.531852,18040010,Upper Stanislaus,180400100608,,WGS84,Stanislaus River,,False,20,1996-11-21,2018-10-25,2018-10-25,7.9,False,"core,extended_wq,major_ions","alkalinity,ammonia,boron,calcium,chloride,dissolved_oxygen,hardness,magnesium,nitrate,organic_carbon,ph,phosphorus,potassium,selenium,sodium,specific_conductance,sulfate,total_dissolved_solids,turbidity,water_temperature",https://data.usbr.gov/rise/#/dataset/3211
wqp:CEDEN-534PS0043,"Stanislaus River, SF ~5.7mi below Hwy 108","ceden,wqp",2,ceden:534PS0043;wqp:CEDEN-534PS0043,California State Water Resources Control Board,discrete_grab,natural,,discrete,unknown,38.1645,-120.088,18040010,Upper Stanislaus,180400100502,,,,,False,8,2009-07-29,2009-07-29,2009-07-29,17.1,False,"core,extended_wq,major_ions","chloride,organic_carbon,ph,phosphorus,sulfate,suspended_solids,total_nitrogen,water_temperature",https://www.waterqualitydata.us/provider/STORET/CEDEN/CEDEN-534PS0043/
wqp:CEDEN-534SRCFFC,"Stanislaus River, Upper Clark Fork ~0.6mi above Fence Cr.","ceden,wqp",2,ceden:534SRCFFC;wqp:CEDEN-534SRCFFC,California State Water Resources Control Board,discrete_grab,natural,,discrete,unknown,38.366,-119.869,18040010,Upper Stanislaus,180400100102,,,Stanislaus River,,False,9,2012-08-29,2012-08-29,2012-08-29,14.1,False,"core,extended_wq,major_ions","ammonia,chloride,organic_carbon,ph,phosphorus,sulfate,suspended_solids,total_nitrogen,water_temperature",https://www.waterqualitydata.us/provider/STORET/CEDEN/CEDEN-534SRCFFC/
ceden:534TUO203,Stanislaus River-South Fork at Strawberry,ceden,1,ceden:534TUO203,CEDEN contributing programs,discrete_grab,natural,,discrete,monthly,38.194921,-120.015882,18040010,Upper Stanislaus,180400100502,,,,,False,2,2014-05-22,2014-09-23,2014-09-23,12.0,False,"core,extended_wq","ph,water_temperature",https://ceden.waterboards.ca.gov/AdvancedQueryTool
cdec:TDS,TULLOCH DAM SPILLWAY,cdec,1,cdec:TDS;cdec:TUL,CA Dept of Fish and Wildlife,continuous_sonde,conveyance,diversion,continuous,sub-daily,37.874,-120.602,18040010,Upper Stanislaus,180400100701,STANISLAUS RIVER,,Stanislaus River,,False,5,1957-11-01,2026-09-21,2026-09-21,0.0,True,"core,water_balance","computed_flow,discharge,reservoir_storage,stage,water_temperature",https://cdec.water.ca.gov/dynamicapp/staMeta?station_id=TDS
usgs:USGS-11299996,TULLOCH PH NR KNIGHTS FERRY CA,usgs,1,usgs:USGS-11299996,U.S. Geological Survey,streamgage,conveyance,diversion,continuous,daily,37.876038,-120.605203,18040010,Upper Stanislaus,180400100701,,,Stanislaus River,,False,1,1974-10-01,2020-09-30,2020-09-30,6.0,False,water_balance,discharge,https://waterdata.usgs.gov/monitoring-location/11299996
usgs:USGS-11299995,TULLOCH RES NR KNIGHTS FERRY CA,usgs,1,usgs:USGS-11299995,U.S. Geological Survey,reservoir,reservoir,,continuous,sub-daily,37.876038,-120.604369,18040010,Upper Stanislaus,180400100701,,,Stanislaus River,,False,1,1957-11-25,2026-08-20,2026-08-20,0.1,True,water_balance,reservoir_storage,https://waterdata.usgs.gov/monitoring-location/11299995
cdec:TDP,TULLOCK POWERHOUSE TAILRACE,cdec,1,cdec:TDP,CA Dept of Fish and Wildlife,continuous_sonde,conveyance,diversion,continuous,sub-daily,37.876,-120.605,18040010,Upper Stanislaus,180400100701,STANISLAUS RIVER,,Stanislaus River,,False,1,2001-03-09,2010-01-20,2010-01-20,16.7,False,core,water_temperature,https://cdec.water.ca.gov/dynamicapp/staMeta?station_id=TDP
usgs:USGS-11297500,TUOLUMNE CN NR LONG BARN CA,"cdec,usgs",2,cdec:STU;usgs:USGS-11297500,U.S. Geological Survey,streamgage,conveyance,diversion,continuous,daily,38.092977,-120.168522,18040010,Upper Stanislaus,180400100502,,,,,False,2,1937-10-01,2026-09-21,2026-09-21,0.0,True,water_balance,"discharge,diversion",https://waterdata.usgs.gov/monitoring-location/11297500
ceden:536TUO201,Tuolumne River- Crystal Falls,ceden,1,ceden:536TUO201,CEDEN contributing programs,discrete_grab,natural,,discrete,unknown,38.013861,-120.396917,18040010,Upper Stanislaus,180400100605,,,,,False,2,2010-08-30,2010-08-30,2010-08-30,16.1,False,"core,extended_wq","ph,water_temperature",https://ceden.waterboards.ca.gov/AdvancedQueryTool
usgs:USGS-11293350,UNION RES NR BIG MEADOWS CA,usgs,1,usgs:USGS-11293350,U.S. Geological Survey,reservoir,reservoir,,continuous,daily,38.430467,-119.997407,18040010,Upper Stanislaus,180400100301,,,,,False,1,2005-10-26,2025-09-30,2025-09-30,1.0,True,water_balance,reservoir_storage,https://waterdata.usgs.gov/monitoring-location/11293350
usgs:USGS-11295240,UTICA CA A PRESSURE TAP NR HATHAWAY PINES CA,usgs,1,usgs:USGS-11295240,U.S. Geological Survey,streamgage,unknown,,continuous,daily,38.192419,-120.354919,18040010,Upper Stanislaus,180400100306,,,,,False,1,1989-10-01,2025-09-30,2025-09-30,1.0,True,water_balance,discharge,https://waterdata.usgs.gov/monitoring-location/11295240
usgs:USGS-11295000,UTICA CN NR AVERY CA,usgs,1,usgs:USGS-11295000,U.S. Geological Survey,streamgage,conveyance,diversion,continuous,daily,38.243251,-120.291028,18040010,Upper Stanislaus,180400100306,,,,,False,1,1969-10-01,1989-09-29,1989-09-29,37.0,False,water_balance,discharge,https://waterdata.usgs.gov/monitoring-location/11295000
usgs:USGS-11293370,UTICA RES NR BIG MEADOWS CA,usgs,1,usgs:USGS-11293370,U.S. Geological Survey,reservoir,reservoir,,continuous,daily,38.44019,-120.003241,18040010,Upper Stanislaus,180400100301,,,,,False,1,1999-10-01,2025-09-30,2025-09-30,1.0,True,water_balance,reservoir_storage,https://waterdata.usgs.gov/monitoring-location/11293370
cdec:UTI,UTICA RESERVOIR,cdec,1,cdec:UTI,Northern California Power Agency,reservoir,reservoir,,continuous,sub-daily,38.440277,-120.00222,18040010,Upper Stanislaus,180400100301,STANISLAUS RIVER,,,,False,2,2016-10-11,2026-09-21,2026-09-21,0.0,True,water_balance,"reservoir_storage,stage",https://cdec.water.ca.gov/dynamicapp/staMeta?station_id=UTI
usgs:USGS-11255575,PANOCHE C A I-5 NR SILVER CREEK CA,"ceden,dwr_wdl,usgs,wqp",4,ceden:541WWDPC5;dwr_wdl:B08286;usgs:USGS-11255575;wqp:CEDEN-541WWDPC5,U.S. Geological Survey,streamgage,natural,,continuous,sub-daily,36.652451,-120.632119,18040014,Panoche-San Luis Reservoir,180400140402,,,,,False,13,1997-12-01,2026-08-20,2026-08-20,0.1,True,"core,extended_wq,major_ions,water_balance","alkalinity,ammonia,boron,discharge,dissolved_oxygen,organic_carbon,ph,selenium,specific_conductance,stage,suspended_solids,turbidity,water_temperature",https://waterdata.usgs.gov/monitoring-location/11255575
usgs:USGS-11255500,PANOCHE C BL SILVER C NR PANOCHE CA,usgs,1,usgs:USGS-11255500,U.S. Geological Survey,streamgage,natural,,continuous,daily,36.618841,-120.673786,18040014,Panoche-San Luis Reservoir,180400140402,,,,,False,2,1949-10-01,1973-02-11,1973-02-11,53.6,False,water_balance,"discharge,stage",https://waterdata.usgs.gov/monitoring-location/11255500
wqp:CEDEN-551WWDPCF,Panoche-Silver Creek at Fairfax Ave,"ceden,wqp",2,ceden:551WWDPCF;wqp:CEDEN-551WWDPCF,California State Water Resources Control Board,discrete_grab,natural,,discrete,annual,36.7085,-120.568,18040014,Panoche-San Luis Reservoir,180400140402,,,,,False,7,2019-03-07,2023-03-11,2023-03-11,3.5,False,"core,extended_wq,major_ions","ammonia,boron,organic_carbon,ph,selenium,suspended_solids,water_temperature",https://www.waterqualitydata.us/provider/STORET/CEDEN/CEDEN-551WWDPCF/
usgs:USGS-11154850,SAN CARLOS C BL NEW IDRIA MINE DRAIN A IDRIA CA,usgs,1,usgs:USGS-11154850,U.S. Geological Survey,streamgage,natural,,continuous,sub-daily,36.415708,-120.671367,18040014,Panoche-San Luis Reservoir,180400140303,,,,,False,2,,,,,False,water_balance,"discharge,stage",https://waterdata.usgs.gov/monitoring-location/11154850
usgs:USGS-11255400,SILVER C A PANOCHE RD BR NR PANOCHE CA,"dwr_wdl,usgs",2,dwr_wdl:B81150;usgs:USGS-11255400,U.S. Geological Survey,streamgage,natural,,continuous,sub-daily,36.594569,-120.684583,18040014,Panoche-San Luis Reservoir,180400140304,,,,,False,2,,,,,False,water_balance,"discharge,stage",https://waterdata.usgs.gov/monitoring-location/11255400
